<?xml version="1.0" encoding="UTF-8"?>
<ValueSet xmlns="http://hl7.org/fhir">
	<meta>
		<profile
			value="http://hl7.org/fhir/StructureDefinition/shareablevalueset" />
	</meta>
	<url value="https://standards.digital.health.nz/fhir/ValueSet/ethnic-group-level-4-code" />
	<version value="2.0" />
	<name value="Hpi_ethnicity" />
	<title value="Ethnicity New Zealand Standard Classification 2005 (level 4)" />
	<status value="active" />
	<experimental value="false" />
	<date value="2020-02-24T00:00:00+13:00" />
	<publisher value="New Zealand Ministry of Health" />
	<description value="Level 4 ethnicity codes" />
	<purpose value="A coded value for ethnicity." />
	<compose>
		<include>
			<system value="https://standards.digital.health.nz/ns/ethnic-group-level-4-code" />
			<version value="2.0" />
			<filter>
				<property value="code" />
				<op value="regex" />
				<value value="[0-9]{5}" />
			</filter>
		</include>
	</compose>
</ValueSet>