<?xml version="1.0" encoding="UTF-8"?>
<ValueSet xmlns="http://hl7.org/fhir">
	<meta>
		<profile
			value="http://hl7.org/fhir/StructureDefinition/shareablevalueset" />
	</meta>
	<url value="https://standards.digital.health.nz/fhir/ValueSet/location-alias-type-code" />
	<version value="1.0" />
	<name value="Hpi_location_alias_type" />
	<title value="HPI Alias Type (Location)" />
	<status value="active" />
	<experimental value="false" />
	<date value="2020-02-24T00:00:00+13:00" />
	<publisher value="New Zealand Ministry of Health" />
	<description value="A coded type for an alias name for facilities." />
	<purpose value="A coded type for an alias name for facilities." />
	<compose>
		<inactive value="true" />
		<include>
			<system value="https://standards.digital.health.nz/ns/alias-type-code" />
			<version value="1.0" />
			<filter>
				<property value="code" />
				<op value="in" />
				<value value="aka,old,maori,short,current" />
			</filter>
		</include>
	</compose>
</ValueSet>