<?xml version="1.0" encoding="UTF-8"?>
<ValueSet xmlns="http://hl7.org/fhir">
	<meta>
		<profile
			value="http://hl7.org/fhir/StructureDefinition/shareablevalueset" />
	</meta>
	<url value="https://standards.digital.health.nz/fhir/ValueSet/organisation-type-code" />
	<version value="1.1" />
	<name value="Hpi_organisation_type" />
	<title value="Organisation Type" />
	<status value="active" />
	<experimental value="false" />
	<date value="2020-02-24T00:00:00+13:00" />
	<publisher value="New Zealand Ministry of Health" />
	<description value="Organisation type" />
	<purpose value="A coded value for the type of an organisation" />
	<compose>
		<include>
			<system value="https://standards.digital.health.nz/ns/organisation-type-code" />
			<version value="1.1" />
		</include>
	</compose>
</ValueSet>