<?xml version="1.0" encoding="UTF-8"?>
<CodeSystem xmlns="http://hl7.org/fhir">
	<meta>
		<profile
			value="http://hl7.org/fhir/StructureDefinition/shareablecodesystem" />
	</meta>
	<url value="https://standards.digital.health.nz/ns/gender-code" />
	<version value="2.0" />
	<name value="Gender_Legacy_2_0" />
	<title value="Gender" />
	<status value="active" />
	<experimental value="false" />
	<date value="2020-04-20T00:00:00+13:00" />
	<publisher value="New Zealand Ministry of Health" />
	<description value="A coded type for a person's gender." />
	<purpose value="A coded type for gender." />
	<caseSensitive value="false" />
	<versionNeeded value="true" />
	<content value="complete" />
	<count value="4" />
	<concept>
		<code value="M" />
		<display value="Male" />
		<definition value="Male." />
	</concept>
	<concept>
		<code value="F" />
		<display value="Female" />
		<definition value="Female." />
	</concept>
	<concept>
		<code value="U" />
		<display value="Unspecified or Unknown" />
		<definition value="Unspecified or Unknown." />
	</concept>
	<concept>
		<code value="O" />
		<display value="Other" />
		<definition value="Other." />
	</concept>
</CodeSystem>