<?xml version="1.0" encoding="UTF-8"?>
<CodeSystem xmlns="http://hl7.org/fhir">
	<meta>
		<profile
			value="http://hl7.org/fhir/StructureDefinition/shareablecodesystem" />
	</meta>
	<url value="https://standards.digital.health.nz/cs/nhi-information-source" />
	<version value="1.0" />
	<name value="Nhi_name_source" />
	<title value="Official Information Source" />
	<status value="active" />
	<experimental value="false" />
	<date value="2020-04-20T00:00:00+13:00" />
	<publisher value="New Zealand Ministry of Health" />
	<description value="A coded type for the source of a piece of information in the NHI (e.g. name)." />
	<purpose value="A coded type for the source of a piece of information." />
	<caseSensitive value="false" />
	<versionNeeded value="true" />
	<content value="complete" />
	<count value="25" />
	<!-- From NAMSRC -->
	<concept>
		<code value="BREG" />
		<display value="Birth Register" />
		<definition value="This code is added only after verification via MOH/DIA birth register matching" />
	</concept>
	<concept>
		<code value="BRCT" />
		<display value="Birth Certificate" />
		<definition value="Birth Certificate" />
	</concept>
	<concept>
		<code value="NZCT" />
		<display value="NZ Citizenship Certificate" />
		<definition value="New Zealand Citizenship Certificate issued by DIA" />
	</concept>
	<concept>
		<code value="PPRT" />
		<display value="Passport" />
		<definition value="An overseas passport is acceptable" />
	</concept>
	<concept>
		<code value="NZCI" />
		<display value="NZ Certificate of Identity" />
		<definition value="Certificate of Identity issued by DIA" />
	</concept>
	<concept>
		<code value="NZRT" />
		<display value="NZ Refugee Travel Document" />
		<definition value="Refugee Travel document issued by DIA" />
	</concept>
	<concept>
		<code value="NZET" />
		<display value="NZ Emergency Travel Document" />
		<definition value="Emergency Travel document issued by DIA" />
	</concept>
	<concept>
		<code value="OTHR" />
		<display value="Other" />
		<definition value="Other official document provided that is not found in the list provided" />
	</concept>
	<concept>
		<code value="NPRF" />
		<display value="Proof not Sighted" />
		<definition value="Information (not proof) provided by the patient / whanau verbally communicated. No proof sighted" />
	</concept>
	<concept>
		<code value="NZPV" />
		<display value="NZ Permanent Resident Visa" />
		<definition value="A New Zealand Permanent Resident Visa (not time bound) issued by Immigration New Zealand" />
	</concept>
	<concept>
		<code value="NZTV" />
		<display value="NZ Resident Visa" />
		<definition value="A New Zealand Resident Visa (time bound) issued by Immigration New Zealand" />
	</concept>
	
	<!-- NAMSRC 1.3 additions -->
	<concept>
		<code value="NZMC" />
		<display value="NZ Marriage Certificate" />
	</concept>
	<concept>
		<code value="NZCU" />
		<display value="NZ Civil Union Certificate" />
	</concept>
	<concept>
		<code value="NZNC" />
		<display value="NZ Name Change Certificate or Deed Poll" />
		<definition value="NZ Name Change Certificate effective from 25 January 2009, Name Change by Statutary Declaration Documents issued for names changes made between September 1995 and 25 January 2009, Deed Poll for name changes prior to September 1995" />
	</concept>
	<concept>
		<code value="NZDL" />
		<display value="NZ Driver Licence" />
	</concept>
	<concept>
		<code value="CSC" />
		<display value="Community Services Card" />
	</concept>
	
	<concept>
		<code value="HL7" />
		<display value="HL7 applied" />
		<definition value="Data has been applied via HL7 message" />
	</concept>
	<concept>
		<code value="MIGR" />
		<display value="Migrated" />
		<definition value="From the legacy NHI System with no known external source" />
	</concept>
	
	<!-- From DODSRC -->
	<concept>
		<code value="DREG" />
		<display value="Death Register" />
		<definition value="The code is added only after MOH/DIA data matching" />
	</concept>
	<concept>
		<code value="OSEA" />
		<display value="Death Overseas" />
		<definition value="Indicates a non-New Zealand registered death advised by a third party or discovered by a media search" />
	</concept>
	<concept>
		<code value="MCCOD" />
		<display value="Medical Certificate Cause of Death" />
		<definition value="Date of Death from a Medical Certificate Cause of  Death. Forms HP4720, HP4721 or BDM 50" />
	</concept>
	<concept>
		<code value="CORONER" />
		<display value="Coroner Notification" />
		<definition value="Date of death notified to the Ministry by a Coronial Office" />
	</concept>
	<concept>
		<code value="OSEAOFF" />
		<display value="Death Overseas Official" />
		<definition value="Indicates a non-New Zealand registered death advised by an official source from another country." />
	</concept>
	
	<!-- From NZCITSRC -->
	<concept>
		<code value="DIA" />
		<display value="DIA data share" />
		<definition value="The code is added only after DHB or MOH/DIA data matching" />
	</concept>
	
	<!-- From NZRESSRC -->
	<concept>
		<code value="INZ" />
		<display value="ImmigrationNZ" />
		<definition value="The code is added only by the MoH or DHB from information provided by ImmigrationNZ data sharing" />
	</concept>
</CodeSystem>