<?xml version="1.0" encoding="UTF-8"?>
<CodeSystem xmlns="http://hl7.org/fhir">
	<meta>
		<profile
			value="http://hl7.org/fhir/StructureDefinition/shareablecodesystem" />
	</meta>
	<url value="https://standards.digital.health.nz/ns/hpi-registration-status" />
	<version value="1.0" />
	<name value="Hpi_registration_status_legacy" />
	<title value="HPI Registration Status" />
	<status value="retired" />
	<experimental value="true" />
	<date value="2020-02-24T00:00:00+13:00" />
	<publisher value="New Zealand Ministry of Health" />
	<description value="The code list represents the current practicing status of the Provider Person as per their registration with an RA or a health worker source." />
	<purpose
		value="The code list represents the current practicing status of the Provider Person as per their registration with an RA or a health worker source." />
	<caseSensitive value="false" />
	<valueSet value="https://standards.digital.health.nz/fhir/ValueSet/hpi-registration-status" />
	<versionNeeded value="false" />
	<content value="complete" />
	<count value="4" />
	<concept>
		<code value="C" />
		<display value="Current" />
		<definition value="A provider who holds or is deemed to hold a current practising certificate." />
	</concept>
	<concept>
		<code value="I" />
		<display value="Inactive" />
		<definition value="A provider who is not practising." />
	</concept>
	<concept>
		<code value="R" />
		<display value="Removed" />
		<definition value="A provider who has been removed from the register – this includes voluntary removal, de-registration and deceased." />
	</concept>
	<concept>
		<code value="S" />
		<display value="Suspended" />
		<definition value="A provider who is suspended from practising by a Responsible Authority." />
	</concept>
</CodeSystem>