<?xml version="1.0" encoding="UTF-8"?>
<CodeSystem xmlns="http://hl7.org/fhir">
	<meta>
		<profile
			value="http://hl7.org/fhir/StructureDefinition/shareablecodesystem" />
	</meta>
	<url value="https://standards.digital.health.nz/ns/hpi-address-use" />
	<version value="2.0" />
	<name value="Hpi_address_use" />
	<title value="OrgFac Address Use" />
	<status value="active" />
	<experimental value="false" />
	<date value="2020-04-20T00:00:00+13:00" />
	<publisher value="New Zealand Ministry of Health" />
	<description value="A coded type for organisation/facility address purpose (qualifier)." />
	<purpose value="A coded type for organisation/facility address purpose (qualifier)." />
	<caseSensitive value="false" />
	<versionNeeded value="true" />
	<content value="complete" />
	<count value="3" />
	<concept>
		<code value="legal" />
		<display value="Legal Address" />
		<definition value="An address of the legal registered office (active)." />
	</concept>
		<concept>
		<code value="work"/>
		<display value="Work Address" />
		<definition
			value="An office address. First choice for business related contacts during business hours." />
	</concept>
	<concept>
		<code value="old" />
		<display
			value="This address is no longer in use (or was never correct but retained for records)." />
	</concept>
</CodeSystem>