<?xml version="1.0" encoding="UTF-8"?>
<CodeSystem xmlns="http://hl7.org/fhir">
	<meta>
		<profile
			value="http://hl7.org/fhir/StructureDefinition/shareablecodesystem" />
	</meta>
	<url
		value="https://standards.digital.health.nz/ns/hpi-facility-type" />
	<version value="2.0" />
	<name value="Hpi_facility_type" />
	<title value="Facility Type" />
	<status value="retired" />
	<experimental value="false" />
	<date value="2020-04-20T00:00:00+13:00" />
	<publisher value="New Zealand Ministry of Health" />
	<description value="A coded value for facility type." />
	<purpose value="A coded value for facility type." />
	<caseSensitive value="false" />
	<versionNeeded value="true" />
	<content value="complete" />
	<count value="64" />
	<concept>
		<code value="001" />
		<display value="Public Hospital" />
		<definition
			value="A facility offering inpatient, outpatient and daypatient services run by a DHB" />
	</concept>
	<concept>
		<code value="002" />
		<display value="Private Hospital" />
		<definition
			value="A facility offering inpatient, outpatient and daypatient  services run by a Private Health Group" />
	</concept>
	<concept>
		<code value="004" />
		<display value="Private Day Surgery" />
		<definition
			value="A facility offering daypatient  services run by a Private Health Group" />
	</concept>
	<concept>
		<code value="005" />
		<display value="Trust Hospital" />
		<definition
			value="A facility offering inpatient, outpatient and daypatient services run by a Community or Charitable Trust" />
	</concept>
	<concept>
		<code value="007" />
		<display value="DHB Laboratory" />
		<definition value="A Laboratory run by a DHB" />
	</concept>
	<concept>
		<code value="008" />
		<display value="DHB Outreach Clinic" />
		<definition
			value="An outreach or immunisation clinic run by a DHB" />
	</concept>
	<concept>
		<code value="009" />
		<display value="Armed Forces Hospital" />
		<definition
			value="A facility offering inpatient, outpatient and daypatient services run by a branch of the NZ Armed Forces" />
	</concept>
	<concept>
		<code value="010" />
		<display value="DHB Mental Health Unit" />
		<definition
			value="A facility offering inpatient, outpatient and daypatient mental health services run by a DHB" />
	</concept>
	<concept>
		<code value="099" />
		<display value="General Medical Services" />
	</concept>
	<concept>
		<code value="100" />
		<display
			value="Community based clinical service facility - unspecified" />
		<definition
			value="A place where unspecified services are provided in an office environment" />
	</concept>
	<concept>
		<code value="101" />
		<display value="Enrolling GP Practice" />
		<definition
			value="A place where primary care services are provided by a General Practitioner" />
	</concept>
	<concept>
		<code value="102" />
		<display value="Community Specialist – unspecified" />
		<definition
			value="A place where specialist services are provided in an office environment" />
	</concept>
	<concept>
		<code value="103" />
		<display value="Community Laboratory" />
		<definition
			value="A laboratory run by a private health group in a non-hospital setting" />
	</concept>
	<concept>
		<code value="104" />
		<display value="Community Radiology" />
		<definition
			value="A place where a radiology service is provided by a private health group" />
	</concept>
	<concept>
		<code value="105" />
		<display value="Community Physiotherapy" />
		<definition
			value="A place where physiotherapy services are provided in an office setting" />
	</concept>
	<concept>
		<code value="106" />
		<display value="Community Dental" />
		<definition
			value="A place where dental services are provided in an office setting" />
	</concept>
	<concept>
		<code value="107" />
		<display value="Community Occupational Therapy" />
		<definition
			value="A place where occupational therapy services are provided in an office setting" />
	</concept>
	<concept>
		<code value="108" />
		<display value="Community Pharmacy" />
		<definition
			value="A place where pharmacy services are provided in a shop or community health centre" />
	</concept>
	<concept>
		<code value="109" />
		<display value="Community Counselling" />
		<definition
			value="A place where counselling services are provided in an office setting" />
	</concept>
	<concept>
		<code value="110" />
		<display value="Community Midwife" />
		<definition
			value="Where midwifery services are provided by an independent midwife" />
	</concept>
	<concept>
		<code value="111" />
		<display value="Community Nurse-Run Clinic" />
		<definition
			value="A place where srvices are provided by a registered nurse in an office setting" />
	</concept>
	<concept>
		<code value="112" />
		<display value="Community Psychology" />
		<definition
			value="A place where services are provided by a psychologist in an office setting" />
	</concept>
	<concept>
		<code value="113" />
		<display value="Community After Hours Clinic" />
		<definition
			value="A place where after hours services are provided in a non-hospital setting" />
	</concept>
	<concept>
		<code value="114" />
		<display value="NGO Facility" />
		<definition
			value="A place where services are provided by a Non-Government Organisation" />
	</concept>
	<concept>
		<code value="115" />
		<display value="Community Health Centre" />
		<definition
			value="A facility providing more than one service" />
	</concept>
	<concept>
		<code value="116" />
		<display value="Community Chiropractic" />
		<definition
			value="A place where chiropractic services are provided in an office setting" />
	</concept>
	<concept>
		<code value="117" />
		<display value="Community Osteopathy" />
		<definition
			value="A place where osteopathic services are provided in an office setting" />
	</concept>
	<concept>
		<code value="118" />
		<display value="Community Family Planning Clinic" />
		<definition
			value="A place where family planning services are provided in an office setting" />
	</concept>
	<concept>
		<code value="119" />
		<display value="Community Dermatology" />
		<definition
			value="A place where dermatological services are provided in an office setting" />
	</concept>
	<concept>
		<code value="120" />
		<display value="Community Optometry" />
		<definition
			value="A place where Optological services are provided in an office  or shop setting" />
	</concept>
	<concept>
		<code value="121" />
		<display value="Community Screening Clinic" />
		<definition
			value="A place where screening services are provided in a non-hospital setting" />
	</concept>
	<concept>
		<code value="122" />
		<display value="Community Youth Service" />
		<definition
			value="A place where services are provided to youth in an office setting" />
	</concept>
	<concept>
		<code value="200" />
		<display value="Prison Health Clinic" />
		<definition
			value="A health clinic run by the Department of Corrections" />
	</concept>
	<concept>
		<code value="201" />
		<display value="Plunket Clinic" />
		<definition
			value="A place where services are provided by the Plunket Organisation" />
	</concept>
	<concept>
		<code value="202" />
		<display value="Armed Forces Health Clinic" />
		<definition
			value="A health clinic run by a branch of the NZ Armed Forces" />
	</concept>
	<concept>
		<code value="203" />
		<display value="Student Health Clinic" />
		<definition
			value="A health clinic in a school or University setting" />
	</concept>
	<concept>
		<code value="260" />
		<display value="Ambulance" />
	</concept>
	<concept>
		<code value="300" />
		<display value="Aged Care facilities" />
	</concept>
	<concept>
		<code value="400" />
		<display value="Non Hospital Mental health" />
	</concept>
	<concept>
		<code value="450" />
		<display
			value="Residential Support / Housing / Respite care facilities" />
	</concept>
	<concept>
		<code value="460" />
		<display value="Rehabilitation Services" />
	</concept>
	<concept>
		<code value="500" />
		<display value="Home Birth" />
	</concept>
	<concept>
		<code value="501" />
		<display value="Hospital in the Home" />
		<definition
			value="Services provided in the patient’s home environment by clinical staff working for a DHB" />
	</concept>
	<concept>
		<code value="600" />
		<display value="Hospices" />
	</concept>
	<concept>
		<code value="700" />
		<display value="Management Services Organisation" />
	</concept>
	<concept>
		<code value="710" />
		<display value="MSO / PHO clinics" />
	</concept>
	<concept>
		<code value="720" />
		<display value="DHB Management organisations" />
	</concept>
	<concept>
		<code value="730" />
		<display value=" MOH" />
	</concept>
	<concept>
		<code value="800" />
		<display value="Private Clinicians" />
	</concept>
	<concept>
		<code value="806" />
		<display value="Orthodontists" />
	</concept>
	<concept>
		<code value="808" />
		<display value="Non Dispensing Pharmacy" />
	</concept>
	<concept>
		<code value="810" />
		<display value="Podiatry" />
	</concept>
	<concept>
		<code value="815" />
		<display value="Hands" />
	</concept>
	<concept>
		<code value="820" />
		<display value="Orthopaedics" />
	</concept>
	<concept>
		<code value="830" />
		<display value="Obstetrics - Gynaecology" />
	</concept>
	<concept>
		<code value="840" />
		<display value="Ears / Hearing" />
	</concept>
	<concept>
		<code value="850" />
		<display value="Chinese medicine" />
	</concept>
	<concept>
		<code value="855" />
		<display value="Acupuncture" />
	</concept>
	<concept>
		<code value="860" />
		<display value="Career / Work Support" />
	</concept>
	<concept>
		<code value="870" />
		<display
			value="Occupational health - including company health clinics" />
	</concept>
	<concept>
		<code value="880" />
		<display value="Anaesthetics" />
	</concept>
	<concept>
		<code value="890" />
		<display value="Gyms, Wellness, Fitness, Health Spas" />
	</concept>
	<concept>
		<code value="888" />
		<display value="Unknown" />
	</concept>
	<concept>
		<code value="999" />
		<display value="Other" />
	</concept>
</CodeSystem>