<?xml version="1.0" encoding="UTF-8"?>
<ConceptMap xmlns="http://hl7.org/fhir">
	<url value="https://standards.digital.health.nz/fhir/ConceptMap/hpi-facility-name-qualifier" />
	<version value="1.0" />
	<name value="Cm_hpi_facility_name_qualifier" />
	<title value="HPI Facility Name Qualifier Mapping" />
	<status value="draft" />
	<experimental value="false" />
	<date value="2020-02-24T00:00:00+13:00" />
	<publisher value="New Zealand Ministry of Health" />
	<description value="Translation from HPI Name Qualifier to FHIR Location Alias Type" />
	<purpose value="To translate from internal HPI Name Qualifier to FHIR Location Alias Type" />
	<sourceUri
		value="https://standards.digital.health.nz/fhir/ValueSet/hpi-facility-name-qualifier" />
	<targetUri
		value="https://standards.digital.health.nz/fhir/ValueSet/location-alias-type-code" />
	<group>
		<source value="https://standards.digital.health.nz/ns/hpi-name-qualifier" />
		<sourceVersion value="2.0" />
		<target value="https://standards.digital.health.nz/ns/alias-type-code" />
		<targetVersion value="1.0" />
		<element>
			<code value="AKA" />
			<target>
				<code value="aka" />
				<equivalence value="equivalent" />
			</target>
		</element>
		<element>
			<code value="FORMER" />
			<target>
				<code value="old" />
				<equivalence value="equivalent" />
			</target>
		</element>
		<element>
			<code value="MAORI" />
			<target>
				<code value="maori" />
				<equivalence value="equivalent" />
			</target>
		</element>
		<element>
			<code value="SHORT" />
			<target>
				<code value="short" />
				<equivalence value="equivalent" />
			</target>
		</element>
		<element>
			<code value="CURRENT" />
			<target>
				<code value="current" />
				<equivalence value="equivalent" />
			</target>
		</element>
	</group>
</ConceptMap>