<?xml version="1.0" encoding="UTF-8"?>
<ConceptMap xmlns="http://hl7.org/fhir">
	<url value="https://standards.digital.health.nz/fhir/ConceptMap/gender-to-r4" />
	<version value="1.0" />
	<name value="Cm_gender_to_r4" />
	<title value="Gender Mapping (to R4)" />
	<status value="draft" />
	<experimental value="false" />
	<date value="2020-02-24T00:00:00+13:00" />
	<publisher value="New Zealand Ministry of Health" />
	<description value="Translation from HPI/NHI Gender Code to FHIR Administrative Gender" />
	<purpose value="To translate from internal Gender Code to FHIR Administrative Gender" />
	<sourceUri
		value="https://standards.digital.health.nz/fhir/ValueSet/gender-code" />
	<targetUri
		value="http://hl7.org/fhir/ValueSet/administrative-gender" />
	<group>
		<source value="https://standards.digital.health.nz/ns/gender-code" />
		<sourceVersion value="2.0" />
		<target value="http://hl7.org/fhir/administrative-gender" />
		<targetVersion value="4.0.1" />
		<element>
			<code value="F" />
			<target>
				<code value="female" />
				<equivalence value="equivalent" />
			</target>
		</element>
		<element>
			<code value="M" />
			<target>
				<code value="male" />
				<equivalence value="equivalent" />
			</target>
		</element>
		<element>
			<code value="U" />
			<target>
				<code value="unknown" />
				<equivalence value="equivalent" />
			</target>
		</element>
		<element>
			<code value="O" />
			<target>
				<code value="other" />
				<equivalence value="equivalent" />
			</target>
		</element>
		<unmapped>
			<mode value="fixed" />
			<code value="other" />
		</unmapped>
	</group>
</ConceptMap>