<?xml version="1.0" encoding="UTF-8"?>
<ConceptMap xmlns="http://hl7.org/fhir">
	<url value="https://standards.digital.health.nz/fhir/ConceptMap/hpi-facility-address-type" />
	<version value="1.0" />
	<name value="Cm_hpi_facility_address_type" />
	<title value="HPI Facility Address Type Mapping" />
	<status value="draft" />
	<experimental value="false" />
	<date value="2020-02-24T00:00:00+13:00" />
	<publisher value="New Zealand Ministry of Health" />
	<description value="Translation from HPI Address Type to FHIR Address Type" />
	<purpose value="To translate from internal HPI Address Type to FHIR Address Type" />
	<sourceUri
		value="https://standards.digital.health.nz/fhir/ValueSet/hpi-facility-address-type" />
	<targetUri
		value="http://hl7.org/fhir/ValueSet/address-type" />
	<group>
		<source value="https://standards.digital.health.nz/ns/hpi-address-type" />
		<sourceVersion value="2.0" />
		<target value="http://hl7.org/fhir/address-type" />
		<targetVersion value="4.0.1" />
		<element>
			<code value="M" />
			<target>
				<code value="postal" />
				<equivalence value="equivalent" />
			</target>
		</element>
		<element>
			<code value="S" />
			<target>
				<code value="physical" />
				<equivalence value="equivalent" />
			</target>
		</element>
		<element>
			<code value="P" />
			<target>
				<code value="both" />
				<equivalence value="equivalent" />
			</target>
		</element>
	</group>
</ConceptMap>