<?xml version="1.0" encoding="UTF-8"?>
<ConceptMap xmlns="http://hl7.org/fhir">
	<url
		value="https://standards.digital.health.nz/fhir/ConceptMap/hpi-facility-type" />
	<version value="1.0" />
	<name value="Cm_hpi_facility_type" />
	<title value="HPI Facility Type Mapping" />
	<status value="draft" />
	<experimental value="false" />
	<date value="2020-02-24T00:00:00+13:00" />
	<publisher value="New Zealand Ministry of Health" />
	<description
		value="Translation from HPI Facility Type to FHIR Location Type" />
	<purpose
		value="To translate from internal HPI Facility Type to FHIR Location Type" />
	<sourceUri
		value="https://standards.digital.health.nz/fhir/ValueSet/hpi-facility-type" />
	<targetUri
		value="https://standards.digital.health.nz/fhir/ValueSet/location-type-code" />
	<group>
		<source
			value="https://standards.digital.health.nz/ns/hpi-facility-type" />
		<sourceVersion value="2.0" />
		<target
			value="https://standards.digital.health.nz/ns/location-type-code" />
		<targetVersion value="1.0" />
		<element>
			<code value="001" />
			<target>
				<code value="dhbhosp" />
				<equivalence value="equivalent" />
			</target>
		</element>
		<element>
			<code value="002" />
			<target>
				<code value="privhosp" />
				<equivalence value="equivalent" />
			</target>
		</element>
		<element>
			<code value="004" />
			<target>
				<code value="privsurg" />
				<equivalence value="equivalent" />
			</target>
		</element>
		<element>
			<code value="005" />
			<target>
				<code value="privhosp" />
				<equivalence value="equivalent" />
			</target>
		</element>
		<element>
			<code value="007" />
			<target>
				<code value="dhblab" />
				<equivalence value="equivalent" />
			</target>
		</element>
		<element>
			<code value="008" />
			<target>
				<code value="dhboutreach" />
				<equivalence value="equivalent" />
			</target>
		</element>
		<element>
			<code value="009" />
			<target>
				<code value="armclinic" />
				<equivalence value="equivalent" />
			</target>
		</element>
		<element>
			<code value="010" />
			<target>
				<code value="dhbmhunit" />
				<equivalence value="equivalent" />
			</target>
		</element>
		<element>
			<code value="099" />
			<target>
				<code value="gms" />
				<equivalence value="equivalent" />
			</target>
		</element>
		<element>
			<code value="100" />
			<target>
				<code value="comclinic" />
				<equivalence value="equivalent" />
			</target>
		</element>
		<element>
			<code value="101" />
			<target>
				<code value="gpenrol" />
				<equivalence value="equivalent" />
			</target>
		</element>
		<element>
			<code value="102" />
			<target>
				<code value="specialist" />
				<equivalence value="equivalent" />
			</target>
		</element>
		<element>
			<code value="103" />
			<target>
				<code value="lab" />
				<equivalence value="equivalent" />
			</target>
		</element>
		<element>
			<code value="104" />
			<target>
				<code value="radiology" />
				<equivalence value="equivalent" />
			</target>
		</element>
		<element>
			<code value="105" />
			<target>
				<code value="physio" />
				<equivalence value="equivalent" />
			</target>
		</element>
		<element>
			<code value="106" />
			<target>
				<code value="dental" />
				<equivalence value="equivalent" />
			</target>
		</element>
		<element>
			<code value="107" />
			<target>
				<code value="occutherapy" />
				<equivalence value="equivalent" />
			</target>
		</element>
		<element>
			<code value="108" />
			<target>
				<code value="pharm" />
				<equivalence value="equivalent" />
			</target>
		</element>
		<element>
			<code value="109" />
			<target>
				<code value="counsell" />
				<equivalence value="equivalent" />
			</target>
		</element>
		<element>
			<code value="110" />
			<target>
				<code value="midwife" />
				<equivalence value="equivalent" />
			</target>
		</element>
		<element>
			<code value="111" />
			<target>
				<code value="nurseclinic" />
				<equivalence value="equivalent" />
			</target>
		</element>
		<element>
			<code value="112" />
			<target>
				<code value="psychology" />
				<equivalence value="equivalent" />
			</target>
		</element>
		<element>
			<code value="113" />
			<target>
				<code value="afterhours" />
				<equivalence value="equivalent" />
			</target>
		</element>
		<element>
			<code value="114" />
			<target>
				<code value="ngofacility" />
				<equivalence value="equivalent" />
			</target>
		</element>
		<element>
			<code value="115" />
			<target>
				<code value="hthcentre" />
				<equivalence value="equivalent" />
			</target>
		</element>
		<element>
			<code value="116" />
			<target>
				<code value="chiropractor" />
				<equivalence value="equivalent" />
			</target>
		</element>
		<element>
			<code value="117" />
			<target>
				<code value="osteopathy" />
				<equivalence value="equivalent" />
			</target>
		</element>
		<element>
			<code value="118" />
			<target>
				<code value="familyplan" />
				<equivalence value="equivalent" />
			</target>
		</element>
		<element>
			<code value="119" />
			<target>
				<code value="dermatology" />
				<equivalence value="equivalent" />
			</target>
		</element>
		<element>
			<code value="120" />
			<target>
				<code value="optometry" />
				<equivalence value="equivalent" />
			</target>
		</element>
		<element>
			<code value="121" />
			<target>
				<code value="screening" />
				<equivalence value="equivalent" />
			</target>
		</element>
		<element>
			<code value="122" />
			<target>
				<code value="youth" />
				<equivalence value="equivalent" />
			</target>
		</element>
		<element>
			<code value="200" />
			<target>
				<code value="prisclinic" />
				<equivalence value="equivalent" />
			</target>
		</element>
		<element>
			<code value="201" />
			<target>
				<code value="plunket" />
				<equivalence value="equivalent" />
			</target>
		</element>
		<element>
			<code value="202" />
			<target>
				<code value="armclinic" />
				<equivalence value="equivalent" />
			</target>
		</element>
		<element>
			<code value="203" />
			<target>
				<code value="stuclinic" />
				<equivalence value="equivalent" />
			</target>
		</element>
		<element>
			<code value="260" />
			<target>
				<code value="ambulance" />
				<equivalence value="equivalent" />
			</target>
		</element>
		<element>
			<code value="300" />
			<target>
				<code value="agedcare" />
				<equivalence value="equivalent" />
			</target>
		</element>
		<element>
			<code value="400" />
			<target>
				<code value="nhospmental" />
				<equivalence value="equivalent" />
			</target>
		</element>
		<element>
			<code value="450" />
			<target>
				<code value="rescare" />
				<equivalence value="equivalent" />
			</target>
		</element>
		<element>
			<code value="460" />
			<target>
				<code value="rehab" />
				<equivalence value="equivalent" />
			</target>
		</element>
		<element>
			<code value="500" />
			<target>
				<code value="dhbhomebirth" />
				<equivalence value="equivalent" />
			</target>
		</element>
		<element>
			<code value="501" />
			<target>
				<code value="homehosp" />
				<equivalence value="equivalent" />
			</target>
		</element>
		<element>
			<code value="600" />
			<target>
				<code value="hospice" />
				<equivalence value="equivalent" />
			</target>
		</element>
		<element>
			<code value="700" />
			<target>
				<code value="mso" />
				<equivalence value="equivalent" />
			</target>
		</element>
		<element>
			<code value="710" />
			<target>
				<code value="msoclinic" />
				<equivalence value="equivalent" />
			</target>
		</element>
		<element>
			<code value="720" />
			<target>
				<code value="phooffice" />
				<equivalence value="equivalent" />
			</target>
		</element>
		<element>
			<code value="730" />
			<target>
				<code value="moh" />
				<equivalence value="equivalent" />
			</target>
		</element>
		<element>
			<code value="800" />
			<target>
				<code value="privclinic" />
				<equivalence value="equivalent" />
			</target>
		</element>
		<element>
			<code value="806" />
			<target>
				<code value="orthodontist" />
				<equivalence value="equivalent" />
			</target>
		</element>
		<element>
			<code value="808" />
			<target>
				<code value="ndisppharm" />
				<equivalence value="equivalent" />
			</target>
		</element>
		<element>
			<code value="810" />
			<target>
				<code value="podiatry" />
				<equivalence value="equivalent" />
			</target>
		</element>
		<element>
			<code value="815" />
			<target>
				<code value="hands" />
				<equivalence value="equivalent" />
			</target>
		</element>
		<element>
			<code value="820" />
			<target>
				<code value="orthopaedic" />
				<equivalence value="equivalent" />
			</target>
		</element>
		<element>
			<code value="830" />
			<target>
				<code value="gynaecology" />
				<equivalence value="equivalent" />
			</target>
		</element>
		<element>
			<code value="840" />
			<target>
				<code value="hearing" />
				<equivalence value="equivalent" />
			</target>
		</element>
		<element>
			<code value="850" />
			<target>
				<code value="chinesemed" />
				<equivalence value="equivalent" />
			</target>
		</element>
		<element>
			<code value="855" />
			<target>
				<code value="acupuncture" />
				<equivalence value="equivalent" />
			</target>
		</element>
		<element>
			<code value="860" />
			<target>
				<code value="careersupp" />
				<equivalence value="equivalent" />
			</target>
		</element>
		<element>
			<code value="870" />
			<target>
				<code value="occhealth" />
				<equivalence value="equivalent" />
			</target>
		</element>
		<element>
			<code value="880" />
			<target>
				<code value="anaesthetics" />
				<equivalence value="equivalent" />
			</target>
		</element>
		<element>
			<code value="890" />
			<target>
				<code value="fitness" />
				<equivalence value="equivalent" />
			</target>
		</element>
		<element>
			<code value="888" />
			<target>
				<code value="unknown" />
				<equivalence value="equivalent" />
			</target>
		</element>
		<element>
			<code value="999" />
			<target>
				<code value="other" />
				<equivalence value="equivalent" />
			</target>
		</element>
		<unmapped>
			<mode value="fixed" />
			<code value="other" />
		</unmapped>
	</group>
</ConceptMap>