<?xml version="1.0" encoding="UTF-8"?>
<ConceptMap xmlns="http://hl7.org/fhir">
	<url
		value="https://standards.digital.health.nz/fhir/ConceptMap/legacy1.0-to-iso639-3-2007" />
	<version value="1.0" />
	<name value="Cm_language_legacy_to_iso639_3_2007" />
	<title value="Language mapping from legacy to iso639-3-2007" />
	<status value="draft" />
	<experimental value="false" />
	<date value="2020-10-29T00:00:00+13:00" />
	<publisher value="New Zealand Ministry of Health" />
	<description
		value="Translation from legacy HPI aa language codes to iso639 aaa codes" />
	<purpose value="Translate up from legacy HPI language codeset" />
	<sourceUri
		value="https://standards.digital.health.nz/fhir/ValueSet/hpi-legacy-language-code" />
	<targetUri
		value="https://standards.digital.health.nz/fhir/ValueSet/language-code" />
	<group>
		<source
			value="https://standards.digital.health.nz/ns/hpi-legacy-language" />
		<sourceVersion value="1.0" />
		<target value="urn:iso:std:iso:639:-3" />
		<targetVersion value="2007" />
		<element>
			<code value="AA" />
			<target>
				<code value="aar" />
				<equivalence value="equivalent" />
			</target>
		</element>
		<element>
			<code value="AB" />
			<target>
				<code value="abk" />
				<equivalence value="equivalent" />
			</target>
		</element>
		<element>
			<code value="AE" />
			<target>
				<code value="ave" />
				<equivalence value="equivalent" />
			</target>
		</element>
		<element>
			<code value="AF" />
			<target>
				<code value="afr" />
				<equivalence value="equivalent" />
			</target>
		</element>
		<element>
			<code value="AK" />
			<target>
				<code value="aka" />
				<equivalence value="equivalent" />
			</target>
		</element>
		<element>
			<code value="AM" />
			<target>
				<code value="amh" />
				<equivalence value="equivalent" />
			</target>
		</element>
		<element>
			<code value="AN" />
			<target>
				<code value="arg" />
				<equivalence value="equivalent" />
			</target>
		</element>
		<element>
			<code value="AR" />
			<target>
				<code value="ara" />
				<equivalence value="equivalent" />
			</target>
		</element>
		<element>
			<code value="AS" />
			<target>
				<code value="asm" />
				<equivalence value="equivalent" />
			</target>
		</element>
		<element>
			<code value="AV" />
			<target>
				<code value="ava" />
				<equivalence value="equivalent" />
			</target>
		</element>
		<element>
			<code value="AY" />
			<target>
				<code value="aym" />
				<equivalence value="equivalent" />
			</target>
		</element>
		<element>
			<code value="AZ" />
			<target>
				<code value="aze" />
				<equivalence value="equivalent" />
			</target>
		</element>
		<element>
			<code value="BA" />
			<target>
				<code value="bak" />
				<equivalence value="equivalent" />
			</target>
		</element>
		<element>
			<code value="BE" />
			<target>
				<code value="bel" />
				<equivalence value="equivalent" />
			</target>
		</element>
		<element>
			<code value="BG" />
			<target>
				<code value="bul" />
				<equivalence value="equivalent" />
			</target>
		</element>
		<element>
			<code value="BH" />
			<target>
				<equivalence value="unmatched" />
			</target>
		</element>
		<element>
			<code value="BI" />
			<target>
				<code value="bis" />
				<equivalence value="equivalent" />
			</target>
		</element>
		<element>
			<code value="BM" />
			<target>
				<code value="bam" />
				<equivalence value="equivalent" />
			</target>
		</element>
		<element>
			<code value="BN" />
			<target>
				<code value="ben" />
				<equivalence value="equivalent" />
			</target>
		</element>
		<element>
			<code value="BO" />
			<target>
				<code value="bod" />
				<equivalence value="equivalent" />
			</target>
		</element>
		<element>
			<code value="BR" />
			<target>
				<code value="bre" />
				<equivalence value="equivalent" />
			</target>
		</element>
		<element>
			<code value="BS" />
			<target>
				<code value="bos" />
				<equivalence value="equivalent" />
			</target>
		</element>
		<element>
			<code value="CA" />
			<target>
				<code value="cat" />
				<equivalence value="equivalent" />
			</target>
		</element>
		<element>
			<code value="CE" />
			<target>
				<code value="che" />
				<equivalence value="equivalent" />
			</target>
		</element>
		<element>
			<code value="CH" />
			<target>
				<code value="cha" />
				<equivalence value="equivalent" />
			</target>
		</element>
		<element>
			<code value="CO" />
			<target>
				<code value="cor" />
				<equivalence value="equivalent" />
			</target>
		</element>
		<element>
			<code value="CR" />
			<target>
				<code value="cre" />
				<equivalence value="equivalent" />
			</target>
		</element>
		<element>
			<code value="CS" />
			<target>
				<code value="ces" />
				<equivalence value="equivalent" />
			</target>
		</element>
		<element>
			<code value="CU" />
			<target>
				<code value="chu" />
				<equivalence value="equivalent" />
			</target>
		</element>
		<element>
			<code value="CV" />
			<target>
				<code value="chv" />
				<equivalence value="equivalent" />
			</target>
		</element>
		<element>
			<code value="CY" />
			<target>
				<code value="cym" />
				<equivalence value="equivalent" />
			</target>
		</element>
		<element>
			<code value="DA" />
			<target>
				<code value="dan" />
				<equivalence value="equivalent" />
			</target>
		</element>
		<element>
			<code value="DE" />
			<target>
				<code value="deu" />
				<equivalence value="equivalent" />
			</target>
		</element>
		<element>
			<code value="DV" />
			<target>
				<equivalence value="unmatched" />
			</target>
		</element>
		<element>
			<code value="DZ" />
			<target>
				<code value="dzo" />
				<equivalence value="equivalent" />
			</target>
		</element>
		<element>
			<code value="EE" />
			<target>
				<code value="ewe" />
				<equivalence value="equivalent" />
			</target>
		</element>
		<element>
			<code value="EL" />
			<target>
				<code value="ell" />
				<equivalence value="equivalent" />
			</target>
		</element>
		<element>
			<code value="EN" />
			<target>
				<code value="eng" />
				<equivalence value="equivalent" />
			</target>
		</element>
		<element>
			<code value="EO" />
			<target>
				<code value="epo" />
				<equivalence value="equivalent" />
			</target>
		</element>
		<element>
			<code value="ES" />
			<target>
				<code value="spa" />
				<equivalence value="equivalent" />
			</target>
		</element>
		<element>
			<code value="ET" />
			<target>
				<code value="est" />
				<equivalence value="equivalent" />
			</target>
		</element>
		<element>
			<code value="EU" />
			<target>
				<code value="eus" />
				<equivalence value="equivalent" />
			</target>
		</element>
		<element>
			<code value="FA" />
			<target>
				<code value="fas" />
				<equivalence value="equivalent" />
			</target>
		</element>
		<element>
			<code value="FF" />
			<target>
				<code value="ful" />
				<equivalence value="equivalent" />
			</target>
		</element>
		<element>
			<code value="FI" />
			<target>
				<code value="fin" />
				<equivalence value="equivalent" />
			</target>
		</element>
		<element>
			<code value="FJ" />
			<target>
				<code value="fij" />
				<equivalence value="equivalent" />
			</target>
		</element>
		<element>
			<code value="FO" />
			<target>
				<code value="fao" />
				<equivalence value="equivalent" />
			</target>
		</element>
		<element>
			<code value="FR" />
			<target>
				<code value="fra" />
				<equivalence value="equivalent" />
			</target>
		</element>
		<element>
			<code value="FY" />
			<target>
				<equivalence value="unmatched" />
			</target>
		</element>
		<element>
			<code value="GA" />
			<target>
				<code value="gle" />
				<equivalence value="equivalent" />
			</target>
		</element>
		<element>
			<code value="GD" />
			<target>
				<code value="gla" />
				<equivalence value="equivalent" />
			</target>
		</element>
		<element>
			<code value="GL" />
			<target>
				<code value="glg" />
				<equivalence value="equivalent" />
			</target>
		</element>
		<element>
			<code value="GN" />
			<target>
				<code value="grn" />
				<equivalence value="equivalent" />
			</target>
		</element>
		<element>
			<code value="GU" />
			<target>
				<code value="guj" />
				<equivalence value="equivalent" />
			</target>
		</element>
		<element>
			<code value="GV" />
			<target>
				<code value="glv" />
				<equivalence value="equivalent" />
			</target>
		</element>
		<element>
			<code value="HA" />
			<target>
				<code value="hau" />
				<equivalence value="equivalent" />
			</target>
		</element>
		<element>
			<code value="HE" />
			<target>
				<code value="heb" />
				<equivalence value="equivalent" />
			</target>
		</element>
		<element>
			<code value="HI" />
			<target>
				<code value="hin" />
				<equivalence value="equivalent" />
			</target>
		</element>
		<element>
			<code value="HO" />
			<target>
				<code value="hmo" />
				<equivalence value="equivalent" />
			</target>
		</element>
		<element>
			<code value="HR" />
			<target>
				<code value="hrv" />
				<equivalence value="equivalent" />
			</target>
		</element>
		<element>
			<code value="HT" />
			<target>
				<code value="hat" />
				<equivalence value="equivalent" />
			</target>
		</element>
		<element>
			<code value="HU" />
			<target>
				<code value="hun" />
				<equivalence value="equivalent" />
			</target>
		</element>
		<element>
			<code value="HY" />
			<target>
				<code value="hye" />
				<equivalence value="equivalent" />
			</target>
		</element>
		<element>
			<code value="HZ" />
			<target>
				<code value="her" />
				<equivalence value="equivalent" />
			</target>
		</element>
		<element>
			<code value="IA" />
			<target>
				<code value="ina" />
				<equivalence value="equivalent" />
			</target>
		</element>
		<element>
			<code value="ID" />
			<target>
				<code value="ind" />
				<equivalence value="equivalent" />
			</target>
		</element>
		<element>
			<code value="IE" />
			<target>
				<code value="ile" />
				<equivalence value="equivalent" />
			</target>
		</element>
		<element>
			<code value="IG" />
			<target>
				<code value="ibo" />
				<equivalence value="equivalent" />
			</target>
		</element>
		<element>
			<code value="II" />
			<target>
				<code value="iii" />
				<equivalence value="equivalent" />
			</target>
		</element>
		<element>
			<code value="IK" />
			<target>
				<code value="ipk" />
				<equivalence value="equivalent" />
			</target>
		</element>
		<element>
			<code value="IO" />
			<target>
				<code value="ido" />
				<equivalence value="equivalent" />
			</target>
		</element>
		<element>
			<code value="IS" />
			<target>
				<code value="isl" />
				<equivalence value="equivalent" />
			</target>
		</element>
		<element>
			<code value="IT" />
			<target>
				<code value="ita" />
				<equivalence value="equivalent" />
			</target>
		</element>
		<element>
			<code value="IU" />
			<target>
				<code value="iku" />
				<equivalence value="equivalent" />
			</target>
		</element>
		<element>
			<code value="JA" />
			<target>
				<code value="jpn" />
				<equivalence value="equivalent" />
			</target>
		</element>
		<element>
			<code value="JV" />
			<target>
				<code value="jav" />
				<equivalence value="equivalent" />
			</target>
		</element>
		<element>
			<code value="KA" />
			<target>
				<code value="kat" />
				<equivalence value="equivalent" />
			</target>
		</element>
		<element>
			<code value="KG" />
			<target>
				<code value="kon" />
				<equivalence value="equivalent" />
			</target>
		</element>
		<element>
			<code value="KI" />
			<target>
				<code value="kik" />
				<equivalence value="equivalent" />
			</target>
		</element>
		<element>
			<code value="KJ" />
			<target>
				<code value="kua" />
				<equivalence value="equivalent" />
			</target>
		</element>
		<element>
			<code value="KK" />
			<target>
				<code value="kaz" />
				<equivalence value="equivalent" />
			</target>
		</element>
		<element>
			<code value="KL" />
			<target>
				<code value="kal" />
				<equivalence value="equivalent" />
			</target>
		</element>
		<element>
			<code value="KM" />
			<target>
				<code value="khm" />
				<equivalence value="equivalent" />
			</target>
		</element>
		<element>
			<code value="KN" />
			<target>
				<code value="kan" />
				<equivalence value="equivalent" />
			</target>
		</element>
		<element>
			<code value="KO" />
			<target>
				<code value="kor" />
				<equivalence value="equivalent" />
			</target>
		</element>
		<element>
			<code value="KR" />
			<target>
				<code value="kau" />
				<equivalence value="equivalent" />
			</target>
		</element>
		<element>
			<code value="KS" />
			<target>
				<code value="kas" />
				<equivalence value="equivalent" />
			</target>
		</element>
		<element>
			<code value="KU" />
			<target>
				<code value="kur" />
				<equivalence value="equivalent" />
			</target>
		</element>
		<element>
			<code value="KV" />
			<target>
				<code value="kom" />
				<equivalence value="equivalent" />
			</target>
		</element>
		<element>
			<code value="KW" />
			<target>
				<code value="cor" />
				<equivalence value="equivalent" />
			</target>
		</element>
		<element>
			<code value="KY" />
			<target>
				<code value="kir" />
				<equivalence value="equivalent" />
			</target>
		</element>
		<element>
			<code value="LA" />
			<target>
				<code value="lat" />
				<equivalence value="equivalent" />
			</target>
		</element>
		<element>
			<code value="LB" />
			<target>
				<code value="ltz" />
				<equivalence value="equivalent" />
			</target>
		</element>
		<element>
			<code value="LG" />
			<target>
				<code value="lug" />
				<equivalence value="equivalent" />
			</target>
		</element>
		<element>
			<code value="LI" />
			<target>
				<code value="lim" />
				<equivalence value="equivalent" />
			</target>
		</element>
		<element>
			<code value="LN" />
			<target>
				<code value="lin" />
				<equivalence value="equivalent" />
			</target>
		</element>
		<element>
			<code value="LO" />
			<target>
				<code value="lao" />
				<equivalence value="equivalent" />
			</target>
		</element>
		<element>
			<code value="LT" />
			<target>
				<code value="lit" />
				<equivalence value="equivalent" />
			</target>
		</element>
		<element>
			<code value="LU" />
			<target>
				<code value="lub" />
				<equivalence value="equivalent" />
			</target>
		</element>
		<element>
			<code value="LV" />
			<target>
				<code value="lav" />
				<equivalence value="equivalent" />
			</target>
		</element>
		<element>
			<code value="MG" />
			<target>
				<code value="mlg" />
				<equivalence value="equivalent" />
			</target>
		</element>
		<element>
			<code value="MH" />
			<target>
				<code value="mah" />
				<equivalence value="equivalent" />
			</target>
		</element>
		<element>
			<code value="MI" />
			<target>
				<code value="mri" />
				<equivalence value="equivalent" />
			</target>
		</element>
		<element>
			<code value="MK" />
			<target>
				<code value="mkd" />
				<equivalence value="equivalent" />
			</target>
		</element>
		<element>
			<code value="ML" />
			<target>
				<code value="mal" />
				<equivalence value="equivalent" />
			</target>
		</element>
		<element>
			<code value="MN" />
			<target>
				<code value="mon" />
				<equivalence value="equivalent" />
			</target>
		</element>
		<element>
			<code value="MO" />
			<target>
				<equivalence value="unmatched" />
			</target>
		</element>
		<element>
			<code value="MR" />
			<target>
				<code value="mar" />
				<equivalence value="equivalent" />
			</target>
		</element>
		<element>
			<code value="MS" />
			<target>
				<code value="msa" />
				<equivalence value="equivalent" />
			</target>
		</element>
		<element>
			<code value="MT" />
			<target>
				<code value="mlt" />
				<equivalence value="equivalent" />
			</target>
		</element>
		<element>
			<code value="MY" />
			<target>
				<code value="mya" />
				<equivalence value="equivalent" />
			</target>
		</element>
		<element>
			<code value="NA" />
			<target>
				<code value="nau" />
				<equivalence value="equivalent" />
			</target>
		</element>
		<element>
			<code value="NB" />
			<target>
				<code value="nob" />
				<equivalence value="equivalent" />
			</target>
		</element>
		<element>
			<code value="ND" />
			<target>
				<code value="nde" />
				<equivalence value="equivalent" />
			</target>
		</element>
		<element>
			<code value="NE" />
			<target>
				<code value="nep" />
				<equivalence value="equivalent" />
			</target>
		</element>
		<element>
			<code value="NG" />
			<target>
				<code value="ndo" />
				<equivalence value="equivalent" />
			</target>
		</element>
		<element>
			<code value="NL" />
			<target>
				<code value="nld" />
				<equivalence value="equivalent" />
			</target>
		</element>
		<element>
			<code value="NN" />
			<target>
				<code value="nno" />
				<equivalence value="equivalent" />
			</target>
		</element>
		<element>
			<code value="NO" />
			<target>
				<code value="nor" />
				<equivalence value="equivalent" />
			</target>
		</element>
		<element>
			<code value="NR" />
			<target>
				<code value="nbl" />
				<equivalence value="equivalent" />
			</target>
		</element>
		<element>
			<code value="NV" />
			<target>
				<equivalence value="unmatched" />
			</target>
		</element>
		<element>
			<code value="NY" />
			<target>
				<code value="nya" />
				<equivalence value="equivalent" />
			</target>
		</element>
		<element>
			<code value="OC" />
			<target>
				<code value="oci" />
				<equivalence value="equivalent" />
			</target>
		</element>
		<element>
			<code value="OJ" />
			<target>
				<code value="oji" />
				<equivalence value="equivalent" />
			</target>
		</element>
		<element>
			<code value="OM" />
			<target>
				<code value="orm" />
				<equivalence value="equivalent" />
			</target>
		</element>
		<element>
			<code value="OR" />
			<target>
				<code value="ori" />
				<equivalence value="equivalent" />
			</target>
		</element>
		<element>
			<code value="OS" />
			<target>
				<code value="oss" />
				<equivalence value="equivalent" />
			</target>
		</element>
		<element>
			<code value="PA" />
			<target>
				<code value="pan" />
				<equivalence value="equivalent" />
			</target>
		</element>
		<element>
			<code value="PI" />
			<target>
				<code value="pli" />
				<equivalence value="equivalent" />
			</target>
		</element>
		<element>
			<code value="PL" />
			<target>
				<code value="pol" />
				<equivalence value="equivalent" />
			</target>
		</element>
		<element>
			<code value="PS" />
			<target>
				<code value="pus" />
				<equivalence value="equivalent" />
			</target>
		</element>
		<element>
			<code value="PT" />
			<target>
				<code value="por" />
				<equivalence value="equivalent" />
			</target>
		</element>
		<element>
			<code value="QU" />
			<target>
				<code value="que" />
				<equivalence value="equivalent" />
			</target>
		</element>
		<element>
			<code value="RM" />
			<target>
				<equivalence value="unmatched" />
			</target>
		</element>
		<element>
			<code value="RN" />
			<target>
				<code value="run" />
				<equivalence value="equivalent" />
			</target>
		</element>
		<element>
			<code value="RO" />
			<target>
				<code value="ron" />
				<equivalence value="equivalent" />
			</target>
		</element>
		<element>
			<code value="RU" />
			<target>
				<code value="rus" />
				<equivalence value="equivalent" />
			</target>
		</element>
		<element>
			<code value="RW" />
			<target>
				<code value="kin" />
				<equivalence value="equivalent" />
			</target>
		</element>
		<element>
			<code value="SA" />
			<target>
				<code value="san" />
				<equivalence value="equivalent" />
			</target>
		</element>
		<element>
			<code value="SC" />
			<target>
				<code value="srd" />
				<equivalence value="equivalent" />
			</target>
		</element>
		<element>
			<code value="SD" />
			<target>
				<code value="snd" />
				<equivalence value="equivalent" />
			</target>
		</element>
		<element>
			<code value="SE" />
			<target>
				<code value="sme" />
				<equivalence value="equivalent" />
			</target>
		</element>
		<element>
			<code value="SG" />
			<target>
				<code value="sag" />
				<equivalence value="equivalent" />
			</target>
		</element>
		<element>
			<code value="SI" />
			<target>
				<equivalence value="unmatched" />
			</target>
		</element>
		<element>
			<code value="SK" />
			<target>
				<code value="slk" />
				<equivalence value="equivalent" />
			</target>
		</element>
		<element>
			<code value="SL" />
			<target>
				<code value="slv" />
				<equivalence value="equivalent" />
			</target>
		</element>
		<element>
			<code value="SM" />
			<target>
				<code value="smo" />
				<equivalence value="equivalent" />
			</target>
		</element>
		<element>
			<code value="SN" />
			<target>
				<code value="sna" />
				<equivalence value="equivalent" />
			</target>
		</element>
		<element>
			<code value="SO" />
			<target>
				<code value="som" />
				<equivalence value="equivalent" />
			</target>
		</element>
		<element>
			<code value="SQ" />
			<target>
				<code value="sqi" />
				<equivalence value="equivalent" />
			</target>
		</element>
		<element>
			<code value="SR" />
			<target>
				<code value="srp" />
				<equivalence value="equivalent" />
			</target>
		</element>
		<element>
			<code value="SS" />
			<target>
				<code value="ssw" />
				<equivalence value="equivalent" />
			</target>
		</element>
		<element>
			<code value="ST" />
			<target>
				<code value="sot" />
				<equivalence value="equivalent" />
			</target>
		</element>
		<element>
			<code value="SU" />
			<target>
				<code value="sun" />
				<equivalence value="equivalent" />
			</target>
		</element>
		<element>
			<code value="SV" />
			<target>
				<code value="swe" />
				<equivalence value="equivalent" />
			</target>
		</element>
		<element>
			<code value="SW" />
			<target>
				<code value="swa" />
				<equivalence value="equivalent" />
			</target>
		</element>
		<element>
			<code value="SZ" />
			<target>
				<code value="nzs" />
				<equivalence value="equivalent" />
			</target>
		</element>
		<element>
			<code value="TA" />
			<target>
				<code value="tam" />
				<equivalence value="equivalent" />
			</target>
		</element>
		<element>
			<code value="TE" />
			<target>
				<code value="tel" />
				<equivalence value="equivalent" />
			</target>
		</element>
		<element>
			<code value="TG" />
			<target>
				<code value="tgk" />
				<equivalence value="equivalent" />
			</target>
		</element>
		<element>
			<code value="TH" />
			<target>
				<code value="tha" />
				<equivalence value="equivalent" />
			</target>
		</element>
		<element>
			<code value="TI" />
			<target>
				<code value="tir" />
				<equivalence value="equivalent" />
			</target>
		</element>
		<element>
			<code value="TK" />
			<target>
				<code value="tuk" />
				<equivalence value="equivalent" />
			</target>
		</element>
		<element>
			<code value="TL" />
			<target>
				<code value="tgl" />
				<equivalence value="equivalent" />
			</target>
		</element>
		<element>
			<code value="TN" />
			<target>
				<code value="tsn" />
				<equivalence value="equivalent" />
			</target>
		</element>
		<element>
			<code value="TO" />
			<target>
				<code value="ton" />
				<equivalence value="equivalent" />
			</target>
		</element>
		<element>
			<code value="TR" />
			<target>
				<code value="tur" />
				<equivalence value="equivalent" />
			</target>
		</element>
		<element>
			<code value="TS" />
			<target>
				<code value="tso" />
				<equivalence value="equivalent" />
			</target>
		</element>
		<element>
			<code value="TT" />
			<target>
				<code value="tat" />
				<equivalence value="equivalent" />
			</target>
		</element>
		<element>
			<code value="TW" />
			<target>
				<code value="twi" />
				<equivalence value="equivalent" />
			</target>
		</element>
		<element>
			<code value="TY" />
			<target>
				<code value="tah" />
				<equivalence value="equivalent" />
			</target>
		</element>
		<element>
			<code value="UG" />
			<target>
				<code value="uig" />
				<equivalence value="equivalent" />
			</target>
		</element>
		<element>
			<code value="UK" />
			<target>
				<code value="ukr" />
				<equivalence value="equivalent" />
			</target>
		</element>
		<element>
			<code value="UR" />
			<target>
				<code value="urd" />
				<equivalence value="equivalent" />
			</target>
		</element>
		<element>
			<code value="UZ" />
			<target>
				<code value="uzb" />
				<equivalence value="equivalent" />
			</target>
		</element>
		<element>
			<code value="VE" />
			<target>
				<code value="ven" />
				<equivalence value="equivalent" />
			</target>
		</element>
		<element>
			<code value="VI" />
			<target>
				<code value="vie" />
				<equivalence value="equivalent" />
			</target>
		</element>
		<element>
			<code value="VO" />
			<target>
				<code value="vol" />
				<equivalence value="equivalent" />
			</target>
		</element>
		<element>
			<code value="WA" />
			<target>
				<code value="wln" />
				<equivalence value="equivalent" />
			</target>
		</element>
		<element>
			<code value="WO" />
			<target>
				<code value="wol" />
				<equivalence value="equivalent" />
			</target>
		</element>
		<element>
			<code value="XH" />
			<target>
				<code value="xho" />
				<equivalence value="equivalent" />
			</target>
		</element>
		<element>
			<code value="YI" />
			<target>
				<code value="yid" />
				<equivalence value="equivalent" />
			</target>
		</element>
		<element>
			<code value="YO" />
			<target>
				<code value="yor" />
				<equivalence value="equivalent" />
			</target>
		</element>
		<element>
			<code value="ZA" />
			<target>
				<code value="zha" />
				<equivalence value="equivalent" />
			</target>
		</element>
		<element>
			<code value="ZH" />
			<target>
				<code value="zho" />
				<equivalence value="equivalent" />
			</target>
		</element>
		<element>
			<code value="ZU" />
			<target>
				<code value="zul" />
				<equivalence value="equivalent" />
			</target>
		</element>
	</group>
</ConceptMap>