<ConceptMap xmlns="http://hl7.org/fhir">
	<url value="https://standards.digital.health.nz/fhir/ConceptMap/country-code-down" />
	<version value="1.0" />
	<name value="Cm_country_code_down" />
	<title value="country-code-down" />
	<status value="draft" />
	<experimental value="false" />
	<date value="2020-02-24T00:00:00+13:00" />
	<publisher value="New Zealand Ministry of Health" />
	<description
		value="Convert country-codes down from new fhir to old" />
	<purpose
		value="To translate from fhir implemtation ISO3166-1 (2 char) country codes back to old 4 digit nzscc4n codes" />
	<sourceUri
		value="https://standards.digital.health.nz/fhir/ValueSet/country-code" />
	<targetUri
		value="https://standards.digital.health.nz/fhir/ValueSet/hpi-nzscc4n" />
	<group>
		<source value="https://standards.digital.health.nz/ns/country-code" />
		<sourceVersion value="1.0" />
		<target value="https://standards.digital.health.nz/ns/nzscc4n" />
		<targetVersion value="1999" />
		<element>
			<code value="XK" />
			<target>
				<code value="3216" />
				<equivalence value="equivalent" />
			</target>
		</element>
	</group>
	<group>
		<source value="urn:iso:std:iso:3166" />
		<sourceVersion value="2013" />
		<target value="https://standards.digital.health.nz/ns/nzscc4n" />
		<targetVersion value="1999" />
		<element>
			<code value="AL" />
			<target>
				<code value="3201" />
				<equivalence value="equivalent" />
			</target>
		</element>
		<element>
			<code value="AF" />
			<target>
				<code value="7201" />
				<equivalence value="equivalent" />
			</target>
		</element>
		<element>
			<code value="DZ" />
			<target>
				<code value="4101" />
				<equivalence value="equivalent" />
			</target>
		</element>
		<element>
			<code value="AD" />
			<target>
				<code value="3101" />
				<equivalence value="equivalent" />
			</target>
		</element>
		<element>
			<code value="AO" />
			<target>
				<code value="9201" />
				<equivalence value="equivalent" />
			</target>
		</element>
		<element>
			<code value="AI" />
			<target>
				<code value="8401" />
				<equivalence value="equivalent" />
			</target>
		</element>
		<element>
			<code value="AG" />
			<target>
				<code value="8402" />
				<equivalence value="equivalent" />
			</target>
		</element>
		<element>
			<code value="AR" />
			<target>
				<code value="8201" />
				<equivalence value="equivalent" />
			</target>
		</element>
		<element>
			<code value="AM" />
			<target>
				<code value="7202" />
				<equivalence value="equivalent" />
			</target>
		</element>
		<element>
			<code value="AW" />
			<target>
				<code value="8403" />
				<equivalence value="equivalent" />
			</target>
		</element>
		<element>
			<code value="AU" />
			<target>
				<code value="1101" />
				<equivalence value="equivalent" />
			</target>
		</element>
		<element>
			<code value="AT" />
			<target>
				<code value="2301" />
				<equivalence value="equivalent" />
			</target>
		</element>
		<element>
			<code value="AZ" />
			<target>
				<code value="7203" />
				<equivalence value="equivalent" />
			</target>
		</element>
		<element>
			<code value="BS" />
			<target>
				<code value="8404" />
				<equivalence value="equivalent" />
			</target>
		</element>
		<element>
			<code value="BH" />
			<target>
				<code value="4201" />
				<equivalence value="equivalent" />
			</target>
		</element>
		<element>
			<code value="BD" />
			<target>
				<code value="7101" />
				<equivalence value="equivalent" />
			</target>
		</element>
		<element>
			<code value="BB" />
			<target>
				<code value="8405" />
				<equivalence value="equivalent" />
			</target>
		</element>
		<element>
			<code value="BY" />
			<target>
				<code value="3301" />
				<equivalence value="equivalent" />
			</target>
		</element>
		<element>
			<code value="BE" />
			<target>
				<code value="2302" />
				<equivalence value="equivalent" />
			</target>
		</element>
		<element>
			<code value="BZ" />
			<target>
				<code value="8301" />
				<equivalence value="equivalent" />
			</target>
		</element>
		<element>
			<code value="BJ" />
			<target>
				<code value="9101" />
				<equivalence value="equivalent" />
			</target>
		</element>
		<element>
			<code value="BM" />
			<target>
				<code value="8101" />
				<equivalence value="equivalent" />
			</target>
		</element>
		<element>
			<code value="BT" />
			<target>
				<code value="7102" />
				<equivalence value="equivalent" />
			</target>
		</element>
		<element>
			<code value="BO" />
			<target>
				<code value="8202" />
				<equivalence value="equivalent" />
			</target>
		</element>
		<element>
			<code value="BA" />
			<target>
				<code value="3202" />
				<equivalence value="equivalent" />
			</target>
		</element>
		<element>
			<code value="BW" />
			<target>
				<code value="9202" />
				<equivalence value="equivalent" />
			</target>
		</element>
		<element>
			<code value="BR" />
			<target>
				<code value="8203" />
				<equivalence value="equivalent" />
			</target>
		</element>
		<element>
			<code value="BN" />
			<target>
				<code value="5201" />
				<equivalence value="equivalent" />
			</target>
		</element>
		<element>
			<code value="BG" />
			<target>
				<code value="3203" />
				<equivalence value="equivalent" />
			</target>
		</element>
		<element>
			<code value="BF" />
			<target>
				<code value="9102" />
				<equivalence value="equivalent" />
			</target>
		</element>
		<element>
			<code value="BI" />
			<target>
				<code value="9203" />
				<equivalence value="equivalent" />
			</target>
		</element>
		<element>
			<code value="KH" />
			<target>
				<code value="5102" />
				<equivalence value="equivalent" />
			</target>
		</element>
		<element>
			<code value="CM" />
			<target>
				<code value="9103" />
				<equivalence value="equivalent" />
			</target>
		</element>
		<element>
			<code value="CA" />
			<target>
				<code value="8102" />
				<equivalence value="equivalent" />
			</target>
		</element>
		<element>
			<code value="CV" />
			<target>
				<code value="9104" />
				<equivalence value="equivalent" />
			</target>
		</element>
		<element>
			<code value="KY" />
			<target>
				<code value="8406" />
				<equivalence value="equivalent" />
			</target>
		</element>
		<element>
			<code value="CF" />
			<target>
				<code value="9105" />
				<equivalence value="equivalent" />
			</target>
		</element>
		<element>
			<code value="TD" />
			<target>
				<code value="9106" />
				<equivalence value="equivalent" />
			</target>
		</element>
		<element>
			<code value="CL" />
			<target>
				<code value="8204" />
				<equivalence value="equivalent" />
			</target>
		</element>
		<element>
			<code value="CN" />
			<target>
				<code value="6101" />
				<equivalence value="equivalent" />
			</target>
		</element>
		<element>
			<code value="CO" />
			<target>
				<code value="8205" />
				<equivalence value="equivalent" />
			</target>
		</element>
		<element>
			<code value="KM" />
			<target>
				<code value="9204" />
				<equivalence value="equivalent" />
			</target>
		</element>
		<element>
			<code value="CG" />
			<target>
				<code value="9107" />
				<equivalence value="equivalent" />
			</target>
		</element>
		<element>
			<code value="CD" />
			<target>
				<code value="9108" />
				<equivalence value="equivalent" />
			</target>
		</element>
		<element>
			<code value="CK" />
			<target>
				<code value="1501" />
				<equivalence value="equivalent" />
			</target>
		</element>
		<element>
			<code value="CR" />
			<target>
				<code value="8302" />
				<equivalence value="equivalent" />
			</target>
		</element>
		<element>
			<code value="CI" />
			<target>
				<code value="9111" />
				<equivalence value="equivalent" />
			</target>
		</element>
		<element>
			<code value="HR" />
			<target>
				<code value="3204" />
				<equivalence value="equivalent" />
			</target>
		</element>
		<element>
			<code value="CU" />
			<target>
				<code value="8407" />
				<equivalence value="equivalent" />
			</target>
		</element>
		<element>
			<code value="CW" />
			<target>
				<code value="8433" />
				<equivalence value="equivalent" />
			</target>
		</element>
		<element>
			<code value="CY" />
			<target>
				<code value="3205" />
				<equivalence value="equivalent" />
			</target>
		</element>
		<element>
			<code value="CZ" />
			<target>
				<code value="3302" />
				<equivalence value="equivalent" />
			</target>
		</element>
		<element>
			<code value="DK" />
			<target>
				<code value="2401" />
				<equivalence value="equivalent" />
			</target>
		</element>
		<element>
			<code value="DJ" />
			<target>
				<code value="9205" />
				<equivalence value="equivalent" />
			</target>
		</element>
		<element>
			<code value="DM" />
			<target>
				<code value="8408" />
				<equivalence value="equivalent" />
			</target>
		</element>
		<element>
			<code value="DO" />
			<target>
				<code value="8411" />
				<equivalence value="equivalent" />
			</target>
		</element>
		<element>
			<code value="TL" />
			<target>
				<code value="5206" />
				<equivalence value="equivalent" />
			</target>
		</element>
		<element>
			<code value="EC" />
			<target>
				<code value="8206" />
				<equivalence value="equivalent" />
			</target>
		</element>
		<element>
			<code value="EG" />
			<target>
				<code value="4102" />
				<equivalence value="equivalent" />
			</target>
		</element>
		<element>
			<code value="SV" />
			<target>
				<code value="8303" />
				<equivalence value="equivalent" />
			</target>
		</element>
		<element>
			<code value="GB" />
			<target>
				<code value="2102" />
				<equivalence value="equivalent" />
			</target>
		</element>
		<element>
			<code value="GQ" />
			<target>
				<code value="9112" />
				<equivalence value="equivalent" />
			</target>
		</element>
		<element>
			<code value="ER" />
			<target>
				<code value="9206" />
				<equivalence value="equivalent" />
			</target>
		</element>
		<element>
			<code value="EE" />
			<target>
				<code value="3303" />
				<equivalence value="equivalent" />
			</target>
		</element>
		<element>
			<code value="ET" />
			<target>
				<code value="9207" />
				<equivalence value="equivalent" />
			</target>
		</element>
		<element>
			<code value="FO" />
			<target>
				<code value="2402" />
				<equivalence value="equivalent" />
			</target>
		</element>
		<element>
			<code value="FK" />
			<target>
				<code value="8207" />
				<equivalence value="equivalent" />
			</target>
		</element>
		<element>
			<code value="FJ" />
			<target>
				<code value="1502" />
				<equivalence value="equivalent" />
			</target>
		</element>
		<element>
			<code value="FI" />
			<target>
				<code value="2403" />
				<equivalence value="equivalent" />
			</target>
		</element>
		<element>
			<code value="MK" />
			<target>
				<code value="3206" />
				<equivalence value="equivalent" />
			</target>
		</element>
		<element>
			<code value="FR" />
			<target>
				<code value="2303" />
				<equivalence value="equivalent" />
			</target>
		</element>
		<element>
			<code value="GF" />
			<target>
				<code value="8208" />
				<equivalence value="equivalent" />
			</target>
		</element>
		<element>
			<code value="PF" />
			<target>
				<code value="1503" />
				<equivalence value="equivalent" />
			</target>
		</element>
		<element>
			<code value="GA" />
			<target>
				<code value="9113" />
				<equivalence value="equivalent" />
			</target>
		</element>
		<element>
			<code value="GM" />
			<target>
				<code value="9114" />
				<equivalence value="equivalent" />
			</target>
		</element>
		<element>
			<code value="PS" />
			<target>
				<code value="4202" />
				<equivalence value="equivalent" />
			</target>
		</element>
		<element>
			<code value="GE" />
			<target>
				<code value="7204" />
				<equivalence value="equivalent" />
			</target>
		</element>
		<element>
			<code value="DE" />
			<target>
				<code value="2304" />
				<equivalence value="equivalent" />
			</target>
		</element>
		<element>
			<code value="GH" />
			<target>
				<code value="9115" />
				<equivalence value="equivalent" />
			</target>
		</element>
		<element>
			<code value="GI" />
			<target>
				<code value="3102" />
				<equivalence value="equivalent" />
			</target>
		</element>
		<element>
			<code value="GR" />
			<target>
				<code value="3207" />
				<equivalence value="equivalent" />
			</target>
		</element>
		<element>
			<code value="GL" />
			<target>
				<code value="2404" />
				<equivalence value="equivalent" />
			</target>
		</element>
		<element>
			<code value="GD" />
			<target>
				<code value="8412" />
				<equivalence value="equivalent" />
			</target>
		</element>
		<element>
			<code value="GP" />
			<target>
				<code value="8413" />
				<equivalence value="equivalent" />
			</target>
		</element>
		<element>
			<code value="GU" />
			<target>
				<code value="1401" />
				<equivalence value="equivalent" />
			</target>
		</element>
		<element>
			<code value="GT" />
			<target>
				<code value="8304" />
				<equivalence value="equivalent" />
			</target>
		</element>
		<element>
			<code value="GN" />
			<target>
				<code value="9116" />
				<equivalence value="equivalent" />
			</target>
		</element>
		<element>
			<code value="GW" />
			<target>
				<code value="9117" />
				<equivalence value="equivalent" />
			</target>
		</element>
		<element>
			<code value="GY" />
			<target>
				<code value="8211" />
				<equivalence value="equivalent" />
			</target>
		</element>
		<element>
			<code value="HT" />
			<target>
				<code value="8414" />
				<equivalence value="equivalent" />
			</target>
		</element>
		<element>
			<code value="HN" />
			<target>
				<code value="8305" />
				<equivalence value="equivalent" />
			</target>
		</element>
		<element>
			<code value="HK" />
			<target>
				<code value="6102" />
				<equivalence value="equivalent" />
			</target>
		</element>
		<element>
			<code value="HU" />
			<target>
				<code value="3304" />
				<equivalence value="equivalent" />
			</target>
		</element>
		<element>
			<code value="IS" />
			<target>
				<code value="2405" />
				<equivalence value="equivalent" />
			</target>
		</element>
		<element>
			<code value="IN" />
			<target>
				<code value="7103" />
				<equivalence value="equivalent" />
			</target>
		</element>
		<element>
			<code value="ID" />
			<target>
				<code value="5202" />
				<equivalence value="equivalent" />
			</target>
		</element>
		<element>
			<code value="IR" />
			<target>
				<code value="4203" />
				<equivalence value="equivalent" />
			</target>
		</element>
		<element>
			<code value="IQ" />
			<target>
				<code value="4204" />
				<equivalence value="equivalent" />
			</target>
		</element>
		<element>
			<code value="IE" />
			<target>
				<code value="2201" />
				<equivalence value="equivalent" />
			</target>
		</element>
		<element>
			<code value="IM" />
			<target>
				<code value="2103" />
				<equivalence value="equivalent" />
			</target>
		</element>
		<element>
			<code value="IL" />
			<target>
				<code value="4205" />
				<equivalence value="equivalent" />
			</target>
		</element>
		<element>
			<code value="IT" />
			<target>
				<code value="3104" />
				<equivalence value="equivalent" />
			</target>
		</element>
		<element>
			<code value="JM" />
			<target>
				<code value="8415" />
				<equivalence value="equivalent" />
			</target>
		</element>
		<element>
			<code value="JP" />
			<target>
				<code value="6103" />
				<equivalence value="equivalent" />
			</target>
		</element>
		<element>
			<code value="JO" />
			<target>
				<code value="4206" />
				<equivalence value="equivalent" />
			</target>
		</element>
		<element>
			<code value="KZ" />
			<target>
				<code value="7205" />
				<equivalence value="equivalent" />
			</target>
		</element>
		<element>
			<code value="KE" />
			<target>
				<code value="9208" />
				<equivalence value="equivalent" />
			</target>
		</element>
		<element>
			<code value="KI" />
			<target>
				<code value="1402" />
				<equivalence value="equivalent" />
			</target>
		</element>
		<element>
			<code value="KP" />
			<target>
				<code value="6104" />
				<equivalence value="equivalent" />
			</target>
		</element>
		<element>
			<code value="KR" />
			<target>
				<code value="6105" />
				<equivalence value="equivalent" />
			</target>
		</element>
		<element>
			<code value="KW" />
			<target>
				<code value="4207" />
				<equivalence value="equivalent" />
			</target>
		</element>
		<element>
			<code value="KG" />
			<target>
				<code value="7206" />
				<equivalence value="equivalent" />
			</target>
		</element>
		<element>
			<code value="LA" />
			<target>
				<code value="5103" />
				<equivalence value="equivalent" />
			</target>
		</element>
		<element>
			<code value="LV" />
			<target>
				<code value="3305" />
				<equivalence value="equivalent" />
			</target>
		</element>
		<element>
			<code value="LB" />
			<target>
				<code value="4208" />
				<equivalence value="equivalent" />
			</target>
		</element>
		<element>
			<code value="LS" />
			<target>
				<code value="9211" />
				<equivalence value="equivalent" />
			</target>
		</element>
		<element>
			<code value="LR" />
			<target>
				<code value="9118" />
				<equivalence value="equivalent" />
			</target>
		</element>
		<element>
			<code value="LY" />
			<target>
				<code value="4103" />
				<equivalence value="equivalent" />
			</target>
		</element>
		<element>
			<code value="LI" />
			<target>
				<code value="2305" />
				<equivalence value="equivalent" />
			</target>
		</element>
		<element>
			<code value="LT" />
			<target>
				<code value="3306" />
				<equivalence value="equivalent" />
			</target>
		</element>
		<element>
			<code value="LU" />
			<target>
				<code value="2306" />
				<equivalence value="equivalent" />
			</target>
		</element>
		<element>
			<code value="MO" />
			<target>
				<code value="6106" />
				<equivalence value="equivalent" />
			</target>
		</element>
		<element>
			<code value="MG" />
			<target>
				<code value="9212" />
				<equivalence value="equivalent" />
			</target>
		</element>
		<element>
			<code value="MW" />
			<target>
				<code value="9213" />
				<equivalence value="equivalent" />
			</target>
		</element>
		<element>
			<code value="MY" />
			<target>
				<code value="5203" />
				<equivalence value="equivalent" />
			</target>
		</element>
		<element>
			<code value="MV" />
			<target>
				<code value="7104" />
				<equivalence value="equivalent" />
			</target>
		</element>
		<element>
			<code value="ML" />
			<target>
				<code value="9121" />
				<equivalence value="equivalent" />
			</target>
		</element>
		<element>
			<code value="MT" />
			<target>
				<code value="3105" />
				<equivalence value="equivalent" />
			</target>
		</element>
		<element>
			<code value="MH" />
			<target>
				<code value="1403" />
				<equivalence value="equivalent" />
			</target>
		</element>
		<element>
			<code value="MQ" />
			<target>
				<code value="8416" />
				<equivalence value="equivalent" />
			</target>
		</element>
		<element>
			<code value="MR" />
			<target>
				<code value="9122" />
				<equivalence value="equivalent" />
			</target>
		</element>
		<element>
			<code value="MU" />
			<target>
				<code value="9214" />
				<equivalence value="equivalent" />
			</target>
		</element>
		<element>
			<code value="YT" />
			<target>
				<code value="9215" />
				<equivalence value="equivalent" />
			</target>
		</element>
		<element>
			<code value="MX" />
			<target>
				<code value="8306" />
				<equivalence value="equivalent" />
			</target>
		</element>
		<element>
			<code value="FM" />
			<target>
				<code value="1404" />
				<equivalence value="equivalent" />
			</target>
		</element>
		<element>
			<code value="MD" />
			<target>
				<code value="3208" />
				<equivalence value="equivalent" />
			</target>
		</element>
		<element>
			<code value="MC" />
			<target>
				<code value="2307" />
				<equivalence value="equivalent" />
			</target>
		</element>
		<element>
			<code value="MN" />
			<target>
				<code value="6107" />
				<equivalence value="equivalent" />
			</target>
		</element>
		<element>
			<code value="ME" />
			<target>
				<code value="3214" />
				<equivalence value="equivalent" />
			</target>
		</element>
		<element>
			<code value="MS" />
			<target>
				<code value="8417" />
				<equivalence value="equivalent" />
			</target>
		</element>
		<element>
			<code value="MA" />
			<target>
				<code value="4104" />
				<equivalence value="equivalent" />
			</target>
		</element>
		<element>
			<code value="MZ" />
			<target>
				<code value="9216" />
				<equivalence value="equivalent" />
			</target>
		</element>
		<element>
			<code value="MM" />
			<target>
				<code value="5101" />
				<equivalence value="equivalent" />
			</target>
		</element>
		<element>
			<code value="NA" />
			<target>
				<code value="9217" />
				<equivalence value="equivalent" />
			</target>
		</element>
		<element>
			<code value="NR" />
			<target>
				<code value="1405" />
				<equivalence value="equivalent" />
			</target>
		</element>
		<element>
			<code value="NP" />
			<target>
				<code value="7105" />
				<equivalence value="equivalent" />
			</target>
		</element>
		<element>
			<code value="NL" />
			<target>
				<code value="2308" />
				<equivalence value="equivalent" />
			</target>
		</element>
		<element>
			<code value="NL" />
			<target>
				<code value="8418" />
				<equivalence value="equivalent" />
			</target>
		</element>
		<element>
			<code value="NC" />
			<target>
				<code value="1301" />
				<equivalence value="equivalent" />
			</target>
		</element>
		<element>
			<code value="NZ" />
			<target>
				<code value="1201" />
				<equivalence value="equivalent" />
			</target>
		</element>
		<element>
			<code value="NI" />
			<target>
				<code value="8307" />
				<equivalence value="equivalent" />
			</target>
		</element>
		<element>
			<code value="NE" />
			<target>
				<code value="9123" />
				<equivalence value="equivalent" />
			</target>
		</element>
		<element>
			<code value="NG" />
			<target>
				<code value="9124" />
				<equivalence value="equivalent" />
			</target>
		</element>
		<element>
			<code value="NU" />
			<target>
				<code value="1504" />
				<equivalence value="equivalent" />
			</target>
		</element>
		<element>
			<code value="NF" />
			<target>
				<code value="1102" />
				<equivalence value="equivalent" />
			</target>
		</element>
		<element>
			<code value="GB" />
			<target>
				<code value="2104" />
				<equivalence value="equivalent" />
			</target>
		</element>
		<element>
			<code value="MP" />
			<target>
				<code value="1406" />
				<equivalence value="equivalent" />
			</target>
		</element>
		<element>
			<code value="NO" />
			<target>
				<code value="2406" />
				<equivalence value="equivalent" />
			</target>
		</element>
		<element>
			<code value="OM" />
			<target>
				<code value="4211" />
				<equivalence value="equivalent" />
			</target>
		</element>
		<element>
			<code value="PK" />
			<target>
				<code value="7106" />
				<equivalence value="equivalent" />
			</target>
		</element>
		<element>
			<code value="PW" />
			<target>
				<code value="1407" />
				<equivalence value="equivalent" />
			</target>
		</element>
		<element>
			<code value="PA" />
			<target>
				<code value="8308" />
				<equivalence value="equivalent" />
			</target>
		</element>
		<element>
			<code value="PG" />
			<target>
				<code value="1302" />
				<equivalence value="equivalent" />
			</target>
		</element>
		<element>
			<code value="PY" />
			<target>
				<code value="8212" />
				<equivalence value="equivalent" />
			</target>
		</element>
		<element>
			<code value="PE" />
			<target>
				<code value="8213" />
				<equivalence value="equivalent" />
			</target>
		</element>
		<element>
			<code value="PH" />
			<target>
				<code value="5204" />
				<equivalence value="equivalent" />
			</target>
		</element>
		<element>
			<code value="PN" />
			<target>
				<code value="1513" />
				<equivalence value="equivalent" />
			</target>
		</element>
		<element>
			<code value="PL" />
			<target>
				<code value="3307" />
				<equivalence value="equivalent" />
			</target>
		</element>
		<element>
			<code value="PF" />
			<target>
				<code value="1599" />
				<equivalence value="equivalent" />
			</target>
		</element>
		<element>
			<code value="PT" />
			<target>
				<code value="3106" />
				<equivalence value="equivalent" />
			</target>
		</element>
		<element>
			<code value="PR" />
			<target>
				<code value="8421" />
				<equivalence value="equivalent" />
			</target>
		</element>
		<element>
			<code value="QA" />
			<target>
				<code value="4212" />
				<equivalence value="equivalent" />
			</target>
		</element>
		<element>
			<code value="RE" />
			<target>
				<code value="9218" />
				<equivalence value="equivalent" />
			</target>
		</element>
		<element>
			<code value="RO" />
			<target>
				<code value="3211" />
				<equivalence value="equivalent" />
			</target>
		</element>
		<element>
			<code value="RU" />
			<target>
				<code value="3308" />
				<equivalence value="equivalent" />
			</target>
		</element>
		<element>
			<code value="RW" />
			<target>
				<code value="9221" />
				<equivalence value="equivalent" />
			</target>
		</element>
		<element>
			<code value="WS" />
			<target>
				<code value="1505" />
				<equivalence value="equivalent" />
			</target>
		</element>
		<element>
			<code value="AS" />
			<target>
				<code value="1506" />
				<equivalence value="equivalent" />
			</target>
		</element>
		<element>
			<code value="SM" />
			<target>
				<code value="3107" />
				<equivalence value="equivalent" />
			</target>
		</element>
		<element>
			<code value="ST" />
			<target>
				<code value="9125" />
				<equivalence value="equivalent" />
			</target>
		</element>
		<element>
			<code value="SA" />
			<target>
				<code value="4213" />
				<equivalence value="equivalent" />
			</target>
		</element>
		<element>
			<code value="GB" />
			<target>
				<code value="2105" />
				<equivalence value="equivalent" />
			</target>
		</element>
		<element>
			<code value="SN" />
			<target>
				<code value="9126" />
				<equivalence value="equivalent" />
			</target>
		</element>
		<element>
			<code value="RS" />
			<target>
				<code value="3215" />
				<equivalence value="equivalent" />
			</target>
		</element>
		<element>
			<code value="RS" />
			<target>
				<code value="3213" />
				<equivalence value="equivalent" />
			</target>
		</element>
		<element>
			<code value="SC" />
			<target>
				<code value="9223" />
				<equivalence value="equivalent" />
			</target>
		</element>
		<element>
			<code value="SL" />
			<target>
				<code value="9127" />
				<equivalence value="equivalent" />
			</target>
		</element>
		<element>
			<code value="SG" />
			<target>
				<code value="5205" />
				<equivalence value="equivalent" />
			</target>
		</element>
		<element>
			<code value="SX" />
			<target>
				<code value="8434" />
				<equivalence value="equivalent" />
			</target>
		</element>
		<element>
			<code value="SK" />
			<target>
				<code value="3311" />
				<equivalence value="equivalent" />
			</target>
		</element>
		<element>
			<code value="SI" />
			<target>
				<code value="3212" />
				<equivalence value="equivalent" />
			</target>
		</element>
		<element>
			<code value="SB" />
			<target>
				<code value="1303" />
				<equivalence value="equivalent" />
			</target>
		</element>
		<element>
			<code value="SO" />
			<target>
				<code value="9224" />
				<equivalence value="equivalent" />
			</target>
		</element>
		<element>
			<code value="ZA" />
			<target>
				<code value="9225" />
				<equivalence value="equivalent" />
			</target>
		</element>
		<element>
			<code value="GS" />
			<target>
				<code value="8299" />
				<equivalence value="equivalent" />
			</target>
		</element>
		<element>
			<code value="SS" />
			<target>
				<code value="4111" />
				<equivalence value="equivalent" />
			</target>
		</element>
		<element>
			<code value="IO" />
			<target>
				<code value="9299" />
				<equivalence value="equivalent" />
			</target>
		</element>
		<element>
			<code value="ES" />
			<target>
				<code value="3108" />
				<equivalence value="equivalent" />
			</target>
		</element>
		<element>
			<code value="LK" />
			<target>
				<code value="7107" />
				<equivalence value="equivalent" />
			</target>
		</element>
		<element>
			<code value="SH" />
			<target>
				<code value="9222" />
				<equivalence value="equivalent" />
			</target>
		</element>
		<element>
			<code value="KN" />
			<target>
				<code value="8422" />
				<equivalence value="equivalent" />
			</target>
		</element>
		<element>
			<code value="LC" />
			<target>
				<code value="8423" />
				<equivalence value="equivalent" />
			</target>
		</element>
		<element>
			<code value="PM" />
			<target>
				<code value="8103" />
				<equivalence value="equivalent" />
			</target>
		</element>
		<element>
			<code value="VC" />
			<target>
				<code value="8424" />
				<equivalence value="equivalent" />
			</target>
		</element>
		<element>
			<code value="SD" />
			<target>
				<code value="4105" />
				<equivalence value="equivalent" />
			</target>
		</element>
		<element>
			<code value="SR" />
			<target>
				<code value="8214" />
				<equivalence value="equivalent" />
			</target>
		</element>
		<element>
			<code value="SZ" />
			<target>
				<code value="9226" />
				<equivalence value="equivalent" />
			</target>
		</element>
		<element>
			<code value="SE" />
			<target>
				<code value="2407" />
				<equivalence value="equivalent" />
			</target>
		</element>
		<element>
			<code value="CH" />
			<target>
				<code value="2311" />
				<equivalence value="equivalent" />
			</target>
		</element>
		<element>
			<code value="SY" />
			<target>
				<code value="4214" />
				<equivalence value="equivalent" />
			</target>
		</element>
		<element>
			<code value="TW" />
			<target>
				<code value="6108" />
				<equivalence value="equivalent" />
			</target>
		</element>
		<element>
			<code value="TJ" />
			<target>
				<code value="7207" />
				<equivalence value="equivalent" />
			</target>
		</element>
		<element>
			<code value="TZ" />
			<target>
				<code value="9227" />
				<equivalence value="equivalent" />
			</target>
		</element>
		<element>
			<code value="TH" />
			<target>
				<code value="5104" />
				<equivalence value="equivalent" />
			</target>
		</element>
		<element>
			<code value="TG" />
			<target>
				<code value="9128" />
				<equivalence value="equivalent" />
			</target>
		</element>
		<element>
			<code value="TK" />
			<target>
				<code value="1507" />
				<equivalence value="equivalent" />
			</target>
		</element>
		<element>
			<code value="TO" />
			<target>
				<code value="1508" />
				<equivalence value="equivalent" />
			</target>
		</element>
		<element>
			<code value="TT" />
			<target>
				<code value="8425" />
				<equivalence value="equivalent" />
			</target>
		</element>
		<element>
			<code value="TN" />
			<target>
				<code value="4106" />
				<equivalence value="equivalent" />
			</target>
		</element>
		<element>
			<code value="TR" />
			<target>
				<code value="4215" />
				<equivalence value="equivalent" />
			</target>
		</element>
		<element>
			<code value="TM" />
			<target>
				<code value="7208" />
				<equivalence value="equivalent" />
			</target>
		</element>
		<element>
			<code value="TC" />
			<target>
				<code value="8426" />
				<equivalence value="equivalent" />
			</target>
		</element>
		<element>
			<code value="TV" />
			<target>
				<code value="1511" />
				<equivalence value="equivalent" />
			</target>
		</element>
		<element>
			<code value="UG" />
			<target>
				<code value="9228" />
				<equivalence value="equivalent" />
			</target>
		</element>
		<element>
			<code value="UA" />
			<target>
				<code value="3312" />
				<equivalence value="equivalent" />
			</target>
		</element>
		<element>
			<code value="AE" />
			<target>
				<code value="4216" />
				<equivalence value="equivalent" />
			</target>
		</element>
		<element>
			<code value="GB" />
			<target>
				<code value="2100" />
				<equivalence value="equivalent" />
			</target>
		</element>
		<element>
			<code value="US" />
			<target>
				<code value="8104" />
				<equivalence value="equivalent" />
			</target>
		</element>
		<element>
			<code value="UY" />
			<target>
				<code value="8215" />
				<equivalence value="equivalent" />
			</target>
		</element>
		<element>
			<code value="UZ" />
			<target>
				<code value="7211" />
				<equivalence value="equivalent" />
			</target>
		</element>
		<element>
			<code value="VU" />
			<target>
				<code value="1304" />
				<equivalence value="equivalent" />
			</target>
		</element>
		<element>
			<code value="VE" />
			<target>
				<code value="8216" />
				<equivalence value="equivalent" />
			</target>
		</element>
		<element>
			<code value="VN" />
			<target>
				<code value="5105" />
				<equivalence value="equivalent" />
			</target>
		</element>
		<element>
			<code value="VG" />
			<target>
				<code value="8427" />
				<equivalence value="equivalent" />
			</target>
		</element>
		<element>
			<code value="VI" />
			<target>
				<code value="8428" />
				<equivalence value="equivalent" />
			</target>
		</element>
		<element>
			<code value="GB" />
			<target>
				<code value="2106" />
				<equivalence value="equivalent" />
			</target>
		</element>
		<element>
			<code value="WF" />
			<target>
				<code value="1512" />
				<equivalence value="equivalent" />
			</target>
		</element>
		<element>
			<code value="EH" />
			<target>
				<code value="4107" />
				<equivalence value="equivalent" />
			</target>
		</element>
		<element>
			<code value="YE" />
			<target>
				<code value="4217" />
				<equivalence value="equivalent" />
			</target>
		</element>
		<element>
			<code value="ZM" />
			<target>
				<code value="9231" />
				<equivalence value="equivalent" />
			</target>
		</element>
		<element>
			<code value="ZW" />
			<target>
				<code value="9232" />
				<equivalence value="equivalent" />
			</target>
		</element>

	</group>
</ConceptMap>