[
  {
    "id": "HpiLocation",
    "type": "StructureDefinition",
    "url": "http://hl7.org.nz/fhir/StructureDefinition/HPILocation",
    "version": "0.10.0",
    "name": "HpiLocation"
  },
  {
    "id": "HPIPractitioner",
    "type": "StructureDefinition",
    "url": "http://hl7.org.nz/fhir/StructureDefinition/HPIPractitioner",
    "version": "0.10.0",
    "name": "HpiPractitioner"
  },
  {
    "id": "HPIPractitionerRole",
    "type": "StructureDefinition",
    "url": "http://hl7.org.nz/fhir/StructureDefinition/HPIPractitionerRole",
    "version": "0.10.0",
    "name": "HpiPractitionerRole"
  },
  {
    "id": "esam-id",
    "type": "StructureDefinition",
    "url": "http://hl7.org.nz/fhir/StructureDefinition/esam-id",
    "version": "0.10.0",
    "name": "Esam_id"
  },
  {
    "id": "NzAddress",
    "type": "StructureDefinition",
    "url": "http://hl7.org.nz/fhir/StructureDefinition/hpi-nz-address",
    "version": "0.10.0",
    "name": "NzAddress"
  },
  {
    "id": "HpiOrganization",
    "type": "StructureDefinition",
    "url": "http://hl7.org.nz/fhir/StructureDefinition/hpiOrganization",
    "version": "0.10.0",
    "name": "HpiOrganization"
  },
  {
    "id": "HpiDHB",
    "type": "SearchParameter",
    "url": "http://hl7.org.nz/fhir/hpi/SearchParameter/hpi-dhb",
    "version": "0.10.0",
    "name": "DBHSearch"
  },
  {
    "id": "HpiPractitionerBirthdate",
    "type": "SearchParameter",
    "url": "http://hl7.org.nz/fhir/hpi/SearchParameter/hpi-practitioner-birth-date",
    "version": "0.10.0",
    "name": "HpiPractitionerBirthdate"
  },
  {
    "id": "HpiCapabilityStatement",
    "type": "CapabilityStatement",
    "url": "http://hl7.org.nz/fhir/ig/hpi/CapabilityStatement/HpiCapabilityStatement",
    "version": "0.10.0",
    "name": "HPI_CapabilityStatement"
  },
  {
    "id": "hl7.org.nz.fhir.ig.hpi",
    "type": "ImplementationGuide",
    "url": "http://hl7.org.nz/fhir/ig/hpi/ImplementationGuide/hl7.org.nz.fhir.ig.hpi",
    "version": "0.10.0",
    "name": "NewZealandHPIIG"
  }
]