[
  {
    "id" : "HpiLocation",
    "type" : "StructureDefinition",
    "url" : "http://hl7.org.nz/fhir/StructureDefinition/HPILocation",
    "version" : "1.4.3",
    "name" : "HpiLocation"
  },
  {
    "id" : "HpiOrganization",
    "type" : "StructureDefinition",
    "url" : "http://hl7.org.nz/fhir/StructureDefinition/HPIOrganization",
    "version" : "1.4.3",
    "name" : "HpiOrganization"
  },
  {
    "id" : "HPIPractitioner",
    "type" : "StructureDefinition",
    "url" : "http://hl7.org.nz/fhir/StructureDefinition/HPIPractitioner",
    "version" : "1.4.3",
    "name" : "HpiPractitioner"
  },
  {
    "id" : "HPIPractitionerRole",
    "type" : "StructureDefinition",
    "url" : "http://hl7.org.nz/fhir/StructureDefinition/HPIPractitionerRole",
    "version" : "1.4.3",
    "name" : "HpiPractitionerRole"
  },
  {
    "id" : "esam-id",
    "type" : "StructureDefinition",
    "url" : "http://hl7.org.nz/fhir/StructureDefinition/esam-id",
    "version" : "1.4.3",
    "name" : "Esam_id"
  },
  {
    "id" : "HpiCapabilityStatement",
    "type" : "CapabilityStatement",
    "url" : "http://hl7.org.nz/fhir/ig/hpi/CapabilityStatement/HpiCapabilityStatement",
    "version" : "1.4.3",
    "name" : "HPI_CapabilityStatement"
  },
  {
    "id" : "hl7.org.nz.fhir.ig.hpi",
    "type" : "ImplementationGuide",
    "url" : "http://hl7.org.nz/fhir/ig/hpi/ImplementationGuide/hl7.org.nz.fhir.ig.hpi",
    "version" : "1.4.3",
    "name" : "NewZealandHPIIG"
  },
  {
    "id" : "Practitioner-update-core",
    "type" : "OperationDefinition",
    "url" : "https://hpi-ig.hip.digital.health.nz/OperationDefinition/practitioner-update-core",
    "version" : "1.4.3",
    "name" : "Update Identity"
  }
]
