[
  {
    "id": "HpiLocation",
    "type": "StructureDefinition",
    "url": "http://hl7.org.nz/fhir/StructureDefinition/HPILocation",
    "version": "0.9.0",
    "name": "HpiLocation"
  },
  {
    "id": "HpiPractitioner",
    "type": "StructureDefinition",
    "url": "http://hl7.org.nz/fhir/StructureDefinition/HPIPractitioner",
    "version": "0.9.0",
    "name": "HpiPractitioner"
  },
  {
    "id": "HpiPractitionerRole",
    "type": "StructureDefinition",
    "url": "http://hl7.org.nz/fhir/StructureDefinition/HPIPractitionerRole",
    "version": "0.9.0",
    "name": "HpiPractitionerRole"
  },
  {
    "id": "esam-id",
    "type": "StructureDefinition",
    "url": "http://hl7.org.nz/fhir/StructureDefinition/esam-id",
    "version": "0.9.0",
    "name": "Esam_id"
  },
  {
    "id": "NzAddress",
    "type": "StructureDefinition",
    "url": "http://hl7.org.nz/fhir/StructureDefinition/hpi-nz-address",
    "version": "0.9.0",
    "name": "NzAddress"
  },
  {
    "id": "HpiOrganization",
    "type": "StructureDefinition",
    "url": "http://hl7.org.nz/fhir/StructureDefinition/hpiOrganization",
    "version": "0.9.0",
    "name": "HpiOrganization"
  },
  {
    "id": "HpiDHB",
    "type": "SearchParameter",
    "url": "http://hl7.org.nz/fhir/hpi/SearchParameter/hpi-dhb",
    "version": "0.9.0",
    "name": "DBHSearch"
  },
  {
    "id": "HpiPractitionerBirthdate",
    "type": "SearchParameter",
    "url": "http://hl7.org.nz/fhir/hpi/SearchParameter/hpi-practitioner-birth-date",
    "version": "0.9.0",
    "name": "HpiPractitionerBirthdate"
  },
  {
    "id": "HpiCapabilityStatement",
    "type": "CapabilityStatement",
    "url": "http://hl7.org.nz/fhir/ig/hpi/CapabilityStatement/HpiCapabilityStatement",
    "version": "0.9.0",
    "name": "HPI_CapabilityStatement"
  },
  {
    "id": "hl7.org.nz.fhir.ig.hpi",
    "type": "ImplementationGuide",
    "url": "http://hl7.org.nz/fhir/ig/hpi/ImplementationGuide/hl7.org.nz.fhir.ig.hpi",
    "version": "0.9.0",
    "name": "NewZealandHPIIG"
  },
  {
    "id": "EndpointModel",
    "type": "StructureDefinition",
    "url": "http://hl7.org.nz/fhir/ig/hpi/StructureDefinition/EndpointModel",
    "version": "0.9.0",
    "name": "EndpointModel"
  },
  {
    "id": "FacilityModel",
    "type": "StructureDefinition",
    "url": "http://hl7.org.nz/fhir/ig/hpi/StructureDefinition/FacilityModel",
    "version": "0.9.0",
    "name": "FacilityModel"
  },
  {
    "id": "OrganizationModel",
    "type": "StructureDefinition",
    "url": "http://hl7.org.nz/fhir/ig/hpi/StructureDefinition/OrganizationModel",
    "version": "0.9.0",
    "name": "OrganizationModel"
  },
  {
    "id": "ProviderModel",
    "type": "StructureDefinition",
    "url": "http://hl7.org.nz/fhir/ig/hpi/StructureDefinition/ProviderModel",
    "version": "0.9.0",
    "name": "ProviderModel"
  },
  {
    "id": "ProviderRoleModel",
    "type": "StructureDefinition",
    "url": "http://hl7.org.nz/fhir/ig/hpi/StructureDefinition/ProviderRoleModel",
    "version": "0.9.0",
    "name": "ProviderRoleModel"
  },
  {
    "id": "Hpi-country-code-iso-3166-1",
    "type": "ValueSet",
    "url": "https://nzhts.digital.health.nz/fhir/ValueSet/country-code",
    "version": "0.9.0",
    "name": "Hpi_country_code_iso_3166_1"
  },
  {
    "id": "Dhb-code",
    "type": "ValueSet",
    "url": "https://nzhts.digital.health.nz/fhir/ValueSet/dhb-code",
    "version": "0.9.0",
    "name": "Dhb_code"
  },
  {
    "id": "Hpi-ethnicity",
    "type": "ValueSet",
    "url": "https://nzhts.digital.health.nz/fhir/ValueSet/ethnic-group-level-4-code",
    "version": "0.9.0",
    "name": "Hpi_ethnicity"
  },
  {
    "id": "Hpi-ContactPointUse",
    "type": "ValueSet",
    "url": "https://nzhts.digital.health.nz/fhir/ValueSet/hpi-contact-point-use-code",
    "version": "0.9.0",
    "name": "Hpi_ContactPointUse"
  },
  {
    "id": "Hpi-HumanNameUse",
    "type": "ValueSet",
    "url": "https://nzhts.digital.health.nz/fhir/ValueSet/hpi-human-name-use-code",
    "version": "0.9.0",
    "name": "Hpi_HumanNameUse"
  },
  {
    "id": "Hpi-IdentfierUse",
    "type": "ValueSet",
    "url": "https://nzhts.digital.health.nz/fhir/ValueSet/hpi-identifier-use-code",
    "version": "0.9.0",
    "name": "Hpi_IdentfierUse"
  },
  {
    "id": "Hpi-location-address-use",
    "type": "ValueSet",
    "url": "https://nzhts.digital.health.nz/fhir/ValueSet/hpi-location-address-use-code",
    "version": "0.9.0",
    "name": "Hpi_location_address_use"
  },
  {
    "id": "Hpi-practitioner-role-status-reason",
    "type": "ValueSet",
    "url": "https://nzhts.digital.health.nz/fhir/ValueSet/hpi-practitioner-role-status-reason-code",
    "version": "0.9.0",
    "name": "Hpi_practitioner_role_status_reason"
  },
  {
    "id": "Hpi-language-code-iso-639-3",
    "type": "ValueSet",
    "url": "https://nzhts.digital.health.nz/fhir/ValueSet/language-code",
    "version": "0.9.0",
    "name": "Hpi_language_code_iso_639_3"
  },
  {
    "id": "Hpi-location-alias-type",
    "type": "ValueSet",
    "url": "https://nzhts.digital.health.nz/fhir/ValueSet/location-alias-type-code",
    "version": "0.9.0",
    "name": "Hpi_location_alias_type"
  },
  {
    "id": "Hpi-location-type",
    "type": "ValueSet",
    "url": "https://nzhts.digital.health.nz/fhir/ValueSet/location-type-code",
    "version": "0.9.0",
    "name": "Hpi_location_type"
  },
  {
    "id": "Hpi-name-prefix",
    "type": "ValueSet",
    "url": "https://nzhts.digital.health.nz/fhir/ValueSet/name-prefix-code",
    "version": "0.9.0",
    "name": "Hpi_name_prefix"
  },
  {
    "id": "HpiOrganisation-type",
    "type": "ValueSet",
    "url": "https://nzhts.digital.health.nz/fhir/ValueSet/organisation-type-code",
    "version": "0.9.0",
    "name": "Hpi_organisation_type"
  },
  {
    "id": "Hpi-organization-alias-type",
    "type": "ValueSet",
    "url": "https://nzhts.digital.health.nz/fhir/ValueSet/organization-alias-type-code",
    "version": "0.9.0",
    "name": "Hpi_organization_alias_type"
  },
  {
    "id": "Hpi-additional-authorisation",
    "type": "ValueSet",
    "url": "https://nzhts.digital.health.nz/fhir/ValueSet/practitioner-additional-authorisation-code",
    "version": "0.9.0",
    "name": "Hpi_additional_authorisation"
  },
  {
    "id": "Hpi-registration-type",
    "type": "ValueSet",
    "url": "https://nzhts.digital.health.nz/fhir/ValueSet/practitioner-registration-authority-code",
    "version": "0.9.0",
    "name": "Hpi_registration_type"
  },
  {
    "id": "Hpi-registration-status",
    "type": "ValueSet",
    "url": "https://nzhts.digital.health.nz/fhir/ValueSet/practitioner-registration-status-code",
    "version": "0.9.0",
    "name": "Hpi_registration_status"
  },
  {
    "id": "Hpi-practitioner-role",
    "type": "ValueSet",
    "url": "https://nzhts.digital.health.nz/fhir/ValueSet/practitioner-role-code",
    "version": "0.9.0",
    "name": "Hpi_practitioner_role"
  },
  {
    "id": "Hpi-scope-of-practice",
    "type": "ValueSet",
    "url": "https://nzhts.digital.health.nz/fhir/ValueSet/practitioner-scope-of-practice-code",
    "version": "0.9.0",
    "name": "Hpi_scope_of_practice"
  },
  {
    "id": "HpiOrganisation-type",
    "type": "CodeSystem",
    "url": "https://nzhts.digital.health.nz/ns/organisation-type-code",
    "version": "0.9.0",
    "name": "Hpi_organisation_type"
  },
  {
    "id": "Hpi-alias-type",
    "type": "CodeSystem",
    "url": "https://standards.digital.health.nz/ns/alias-type-code",
    "version": "0.9.0",
    "name": "Hpi_alias_type"
  },
  {
    "id": "Hpi-country-code",
    "type": "CodeSystem",
    "url": "https://standards.digital.health.nz/ns/country-code",
    "version": "0.9.0",
    "name": "Hpi_country_code"
  },
  {
    "id": "Dhb-code",
    "type": "CodeSystem",
    "url": "https://standards.digital.health.nz/ns/dhb-code",
    "version": "0.9.0",
    "name": "Dhb_code"
  },
  {
    "id": "Ethnic05-2-2017",
    "type": "CodeSystem",
    "url": "https://standards.digital.health.nz/ns/ethnic-group-level-4-code",
    "version": "0.9.0",
    "name": "Ethnic05_2_2017"
  },
  {
    "id": "Hpi-practitioner-role-status-reason",
    "type": "CodeSystem",
    "url": "https://standards.digital.health.nz/ns/hpi-practitioner-role-status-reason-code",
    "version": "0.9.0",
    "name": "Hpi_practitioner_role_status_reason"
  },
  {
    "id": "Hpi-location-type",
    "type": "CodeSystem",
    "url": "https://standards.digital.health.nz/ns/location-type-code",
    "version": "0.9.0",
    "name": "Hpi_location_type"
  },
  {
    "id": "Name-prefix",
    "type": "CodeSystem",
    "url": "https://standards.digital.health.nz/ns/name-prefix-code",
    "version": "0.9.0",
    "name": "Name_prefix"
  },
  {
    "id": "Hpi-additional-authorisation",
    "type": "CodeSystem",
    "url": "https://standards.digital.health.nz/ns/practitioner-additional-authorisation-code",
    "version": "0.9.0",
    "name": "Hpi_additional_authorisation"
  },
  {
    "id": "Hpi-registration-type",
    "type": "CodeSystem",
    "url": "https://standards.digital.health.nz/ns/practitioner-registration-authority-code",
    "version": "0.9.0",
    "name": "Hpi_registration_type"
  },
  {
    "id": "Hpi-registration-status",
    "type": "CodeSystem",
    "url": "https://standards.digital.health.nz/ns/practitioner-registration-status-code",
    "version": "0.9.0",
    "name": "Hpi_registration_status"
  },
  {
    "id": "Hpi-scope-of-practice",
    "type": "CodeSystem",
    "url": "https://standards.digital.health.nz/ns/practitioner-scope-of-practice-code",
    "version": "0.9.0",
    "name": "Hpi_scope_of_practice"
  },
  {
    "id": "Iso3166-1-2013",
    "type": "CodeSystem",
    "url": "urn:iso:std:iso:3166",
    "version": "0.9.0",
    "name": "Iso3166_1_2013"
  },
  {
    "id": "Iso639-3-2007",
    "type": "CodeSystem",
    "url": "urn:iso:std:iso:639:-3",
    "version": "0.9.0",
    "name": "Iso639_3_2007"
  }
]