<?xml version="1.0" encoding="UTF-8"?>

<CodeSystem xmlns="http://hl7.org/fhir">
  <id value="Hpi-country-code"/>
  <meta>
    <profile value="http://hl7.org/fhir/StructureDefinition/shareablecodesystem"/>
  </meta>
  <text>
    <status value="generated"/><div xmlns="http://www.w3.org/1999/xhtml"><p>This code system https://standards.digital.health.nz/ns/country-code defines the following codes:</p><table class="codes"><tr><td style="white-space:nowrap"><b>Code</b></td><td><b>Display</b></td></tr><tr><td style="white-space:nowrap">XK<a name="Hpi-country-code-XK"> </a></td><td>Kosovo</td></tr><tr><td style="white-space:nowrap">ANHH<a name="Hpi-country-code-ANHH"> </a></td><td>Netherlands Antilles</td></tr><tr><td style="white-space:nowrap">CSHH<a name="Hpi-country-code-CSHH"> </a></td><td>Czechoslavakia</td></tr><tr><td style="white-space:nowrap">ZRHH<a name="Hpi-country-code-ZRHH"> </a></td><td>Zaire</td></tr></table></div>
  </text>
  <url value="https://standards.digital.health.nz/ns/country-code"/>
  <version value="0.9.0"/>
  <name value="Hpi_country_code"/>
  <title value="HPI Country Code"/>
  <status value="draft"/>
  <experimental value="false"/>
  <date value="2020-02-24T00:00:00+13:00"/>
  <publisher value="Ministry of Health"/>
  <contact>
    <name value="Ministry of Health"/>
    <telecom>
      <system value="email"/>
      <value value="mailto:integration@health.govt.nz"/>
    </telecom>
  </contact>
  <description value="Supplementary country codes to extend ISO3166-1."/>
  <purpose value="To cover countries not included in ISO3166-1."/>
  <caseSensitive value="false"/>
  <versionNeeded value="false"/>
  <content value="complete"/>
  <count value="4"/>
  <concept>
    <code value="XK"/>
    <display value="Kosovo"/>
  </concept>
  <concept>
    <code value="ANHH"/>
    <display value="Netherlands Antilles"/>
  </concept>
  <concept>
    <code value="CSHH"/>
    <display value="Czechoslavakia"/>
  </concept>
  <concept>
    <code value="ZRHH"/>
    <display value="Zaire"/>
  </concept>
</CodeSystem>