{
  "codeSystems" : [
    {
      "url" : "http://hl7.org/fhir/address-type",
      "version" : "4.0.1",
      "status" : "active",
      "name" : "AddressType",
      "title" : "AddressType",
      "description" : "The type of an address (physical / postal).",
      "oids" : ["2.16.840.1.113883.4.642.4.70"],
      "uses" : {
      },
      "http://hl7.org/fhir/R4/valueset-address-type.html" : "AddressType"
    },
    {
      "url" : "http://hl7.org/fhir/address-use",
      "version" : "4.0.1",
      "status" : "active",
      "name" : "AddressUse",
      "title" : "AddressUse",
      "description" : "The use of an address.",
      "oids" : ["2.16.840.1.113883.4.642.4.68"],
      "uses" : {
      },
      "https://common-ig.hip.digital.health.nz/site/ValueSet-hpi-location-address-use-code-2.0.html" : "Address Use for Location"
    },
    {
      "url" : "http://hl7.org/fhir/administrative-gender",
      "version" : "4.0.1",
      "status" : "active",
      "name" : "AdministrativeGender",
      "title" : "AdministrativeGender",
      "description" : "The gender of a person used for administrative purposes.",
      "oids" : ["2.16.840.1.113883.4.642.4.2"],
      "uses" : {
      },
      "http://hl7.org/fhir/R4/valueset-administrative-gender.html" : "AdministrativeGender"
    },
    {
      "url" : "http://hl7.org/fhir/contact-point-system",
      "version" : "4.0.1",
      "status" : "active",
      "name" : "ContactPointSystem",
      "title" : "ContactPointSystem",
      "description" : "Telecommunications form for contact point.",
      "oids" : ["2.16.840.1.113883.4.642.4.72"],
      "uses" : {
      },
      "http://hl7.org/fhir/R4/valueset-contact-point-system.html" : "ContactPointSystem"
    },
    {
      "url" : "http://hl7.org/fhir/contact-point-use",
      "version" : "4.0.1",
      "status" : "active",
      "name" : "ContactPointUse",
      "title" : "ContactPointUse",
      "description" : "Use of contact point.",
      "oids" : ["2.16.840.1.113883.4.642.4.74"],
      "uses" : {
      },
      "https://common-ig.hip.digital.health.nz/site/ValueSet-hpi-contact-point-use-code-1.0.html" : "Use values for a ContactPoint"
    },
    {
      "url" : "http://hl7.org/fhir/days-of-week",
      "version" : "4.0.1",
      "status" : "active",
      "name" : "DaysOfWeek",
      "title" : "DaysOfWeek",
      "description" : "The days of the week.",
      "oids" : ["2.16.840.1.113883.4.642.4.513"],
      "uses" : {
      },
      "http://hl7.org/fhir/R4/valueset-days-of-week.html" : "DaysOfWeek"
    },
    {
      "url" : "http://hl7.org/fhir/identifier-use",
      "version" : "4.0.1",
      "status" : "active",
      "name" : "IdentifierUse",
      "title" : "IdentifierUse",
      "description" : "Identifies the purpose for this identifier, if known .",
      "oids" : ["2.16.840.1.113883.4.642.4.58"],
      "uses" : {
      },
      "http://hl7.org/fhir/R4/valueset-identifier-use.html" : "IdentifierUse",
      "https://common-ig.hip.digital.health.nz/site/ValueSet-hpi-identifier-use-code-1.0.html" : "IdentifierUse"
    },
    {
      "url" : "http://hl7.org/fhir/location-mode",
      "version" : "4.0.1",
      "status" : "draft",
      "name" : "LocationMode",
      "title" : "LocationMode",
      "description" : "Indicates whether a resource instance represents a specific location or a class of locations.",
      "oids" : ["2.16.840.1.113883.4.642.4.331"],
      "uses" : {
      },
      "http://hl7.org/fhir/R4/valueset-location-mode.html" : "LocationMode"
    },
    {
      "url" : "http://hl7.org/fhir/location-status",
      "version" : "4.0.1",
      "status" : "draft",
      "name" : "LocationStatus",
      "title" : "LocationStatus",
      "description" : "Indicates whether the location is still in use.",
      "oids" : ["2.16.840.1.113883.4.642.4.333"],
      "uses" : {
      },
      "https://common-ig.hip.digital.health.nz/site/ValueSet-hpi-location-status-1.0.html" : "HPI Location Status"
    },
    {
      "url" : "http://hl7.org/fhir/name-use",
      "version" : "4.0.1",
      "status" : "active",
      "name" : "NameUse",
      "title" : "NameUse",
      "description" : "The use of a human name.",
      "oids" : ["2.16.840.1.113883.4.642.4.66"],
      "uses" : {
      },
      "https://common-ig.hip.digital.health.nz/site/ValueSet-hpi-human-name-use-code-1.0.html" : "Use values for a HumanName"
    },
    {
      "url" : "http://snomed.info/sct",
      "version" : null,
      "status" : "active",
      "name" : "SNOMED_CT",
      "title" : "SNOMED CT (all versions)",
      "description" : "SNOMED CT is the most comprehensive and precise clinical health terminology product in the world, owned and distributed around the world by The International Health Terminology Standards Development Organisation (IHTSDO).",
      "oids" : ["2.16.840.1.113883.6.96"],
      "uses" : {
      },
      "http://hl7.org/fhir/R4/valueset-c80-practice-codes.html" : "Practice Setting Code Value Set"
    },
    {
      "url" : "http://snomed.info/sct/223366009",
      "version" : "20190131",
      "status" : "active",
      "name" : "SnomedHealthOccupationSubset",
      "title" : "SNOMED Health occupation subset (New Zealand Ministry of Health)",
      "description" : "Health occupation subset. Refset Id 451000210100. Module Id 21000210109.",
      "uses" : {
      },
      "https://common-ig.hip.digital.health.nz/site/ValueSet-hpi-practitioner-role-1.0.html" : "PractitionerRole code"
    },
    {
      "url" : "http://terminology.hl7.org/CodeSystem/contactentity-type",
      "version" : "1.0.0",
      "status" : "draft",
      "name" : "ContactEntityType",
      "title" : "Contact entity type",
      "description" : "This example value set defines a set of codes that can be used to indicate the purpose for which you would contact a contact party.",
      "oids" : ["2.16.840.1.113883.4.642.1.1129"],
      "uses" : {
      },
      "http://hl7.org/fhir/R4/valueset-contactentity-type.html" : "Contact entity type"
    },
    {
      "url" : "http://terminology.hl7.org/CodeSystem/location-physical-type",
      "version" : "2.0.0",
      "status" : "draft",
      "name" : "LocationType",
      "title" : "Location type",
      "description" : "This example value set defines a set of codes that can be used to indicate the physical form of the Location.\r\rThis includes several 'non physical' codes which are still considered a location.",
      "oids" : ["2.16.840.1.113883.4.642.1.1108"],
      "uses" : {
      },
      "http://hl7.org/fhir/R4/valueset-location-physical-type.html" : "Location type"
    },
    {
      "url" : "http://terminology.hl7.org/CodeSystem/v2-0116",
      "version" : "2.2.0",
      "status" : "active",
      "name" : "BedStatus",
      "title" : "bedStatus",
      "description" : "Code system of concepts which specify the state of a bed in an inpatient setting, and is used to determine if a patient may be assigned to it or not.  Used in HL7 Version 2.x messaging in the DLD and PV1 segments.",
      "oids" : ["2.16.840.1.113883.18.47"],
      "uses" : {
      },
      "http://terminology.hl7.org/4.0.0/ValueSet-v2-0116.html" : "hl7VS-bedStatus"
    },
    {
      "url" : "http://terminology.hl7.org/CodeSystem/v2-0203",
      "version" : "4.0.0",
      "status" : "active",
      "name" : "IdentifierType",
      "title" : "identifierType",
      "description" : "HL7-defined code system of concepts specifying type of identifier. Used in HL7 Version 2.x messaging data types CX, PLN, PPN, XCN and XON.",
      "oids" : ["2.16.840.1.113883.18.108"],
      "uses" : {
      },
      "http://hl7.org/fhir/R4/valueset-identifier-type.html" : "IdentifierType"
    },
    {
      "url" : "http://www.abs.gov.au/ausstats/abs@.nsf/mf/1220.0",
      "version" : "1.2",
      "status" : "active",
      "name" : "ANZSCO_2013",
      "title" : "ANZSCO - Australian and New Zealand Standard Classification of Occupations, 2013",
      "description" : "Index of Principal Titles, Alternative Titles, Specialisations and Occupations in Not Elsewhere Classified (nec) Categories.",
      "oids" : ["2.16.840.1.113883.13.62"],
      "uses" : {
      },
      "https://common-ig.hip.digital.health.nz/site/ValueSet-hpi-practitioner-role-1.0.html" : "PractitionerRole code"
    },
    {
      "url" : "https://standards.digital.health.nz/ns/alias-type-code",
      "version" : "1.0.0",
      "status" : "active",
      "name" : "AliasType",
      "title" : "Type of Alias",
      "description" : "Used in Organization and Location to indicate what is the type of Alias",
      "uses" : {
      },
      "https://common-ig.hip.digital.health.nz/site/ValueSet-hpi-location-alias-type-1.0.html" : "HPI Alias Type (Location)",
      "https://common-ig.hip.digital.health.nz/site/ValueSet-hpi-organization-alias-type-1.0.html" : "HPI Alias Type (Organization)"
    },
    {
      "url" : "https://standards.digital.health.nz/ns/country-code",
      "version" : "1.0",
      "status" : "draft",
      "name" : "Hpi_country_code_2_0",
      "title" : "HPI Country Code",
      "description" : "Supplementary country codes to extend ISO3166-1.",
      "uses" : {
      },
      "https://common-ig.hip.digital.health.nz/site/ValueSet-country-code-1.0.html" : "ISO 3166-1:2013 (2-alpha country code)"
    },
    {
      "url" : "https://standards.digital.health.nz/ns/hpi-ra-identifier-code",
      "version" : "1.0",
      "status" : "draft",
      "name" : "Hpi_Ra_Identifier_10",
      "title" : "HPI Registration Authority Identifiers",
      "description" : "A list of the registration authority identifiers.",
      "uses" : {
      },
      "https://common-ig.hip.digital.health.nz/site/ValueSet-hpi-ra-identifier-1.0.html" : "RaIdentifier"
    },
    {
      "url" : "https://standards.digital.health.nz/ns/information-source-code",
      "version" : "1.0.0",
      "status" : "active",
      "name" : "InformationSource",
      "title" : "Information Source",
      "description" : "All possible sources of information",
      "uses" : {
      },
      "https://common-ig.hip.digital.health.nz/site/ValueSet-nhi-date-of-death-source-1.2.html" : "Date of Death Information Source"
    },
    {
      "url" : "https://standards.digital.health.nz/ns/location-type-code",
      "version" : "1.0",
      "status" : "active",
      "name" : "Hpi_location_type",
      "title" : "Location Type",
      "description" : "A coded value for location type.",
      "uses" : {
      },
      "https://common-ig.hip.digital.health.nz/site/ValueSet-hpi-location-type-1.0.html" : "HPI Location Type"
    },
    {
      "url" : "https://standards.digital.health.nz/ns/name-prefix-code",
      "version" : "2.0",
      "status" : "active",
      "name" : "Name_prefix",
      "title" : "Name Prefix",
      "description" : "A coded type for name prefixes.",
      "uses" : {
      },
      "https://common-ig.hip.digital.health.nz/site/ValueSet-name-prefix-2.0.xml.html" : "Name Prefix Codes"
    },
    {
      "url" : "https://standards.digital.health.nz/ns/name-suffix-code",
      "version" : "1.0",
      "status" : "active",
      "name" : "NameSuffix",
      "title" : "Name Suffix",
      "description" : "Types of name suffixes used by HIP",
      "uses" : {
      },
      "https://common-ig.hip.digital.health.nz/site/ValueSet-name-suffix.html" : "Name Suffix Codes"
    },
    {
      "url" : "https://standards.digital.health.nz/ns/organisation-type-code",
      "version" : "1.1",
      "status" : "active",
      "name" : "Hpi_organisation_type",
      "title" : "Organisation Type",
      "description" : "A coded value for organisation type.",
      "uses" : {
      },
      "https://common-ig.hip.digital.health.nz/site/ValueSet-hpi-organisation-type-1.1.html" : "Organisation Type"
    },
    {
      "url" : "https://standards.digital.health.nz/ns/practitioner-registration-authority-code",
      "version" : "2.1",
      "status" : "draft",
      "name" : "Hpi_registration_type",
      "title" : "HPI Registration Type",
      "description" : "A code to identify the type of professional registration the healthcare provider person has been assigned.",
      "uses" : {
      },
      "https://common-ig.hip.digital.health.nz/site/ValueSet-hpi-registration-type-2.0.html" : "HPI Registration Type"
    },
    {
      "url" : "https://standards.digital.health.nz/ns/practitioner-scope-of-practice-code",
      "version" : "2.1.0",
      "status" : "active",
      "name" : "ScopeOfPractice",
      "title" : "Scope of practice",
      "description" : "A classification of the type or range of health services that a practitioner is authorised to provide, as determined by the Responsible Authority or other statutory authority (e.g. PHARMAC), that is, what the practitioner can or cannot do. It includes Scope of Practice as defined by the Health Practitioners Competence Assurance Act 2003, any special authorisations granted, and any conditions or limitations imposed by the Responsible Authority.",
      "uses" : {
      },
      "https://common-ig.hip.digital.health.nz/site/ValueSet-practitioner-scope-of-practice-2.1.html" : "Scope of practice"
    },
    {
      "url" : "urn:ietf:bcp:47",
      "version" : "2.0.1",
      "status" : "active",
      "name" : "Ietf3066",
      "title" : "Tags for the Identification of Languages",
      "description" : "Older value from OID registry.  Superceded; see recommendations in BCP-47.",
      "oids" : ["2.16.840.1.113883.6.121"],
      "uses" : {
      },
      "http://hl7.org/fhir/R4/valueset-languages.html" : "Common Languages"
    },
    {
      "url" : "urn:iso:std:iso:3166",
      "version" : "2013",
      "status" : "active",
      "name" : "Iso3166_1_2013",
      "title" : "ISO3166-1 two character country code",
      "description" : "The purpose of ISO 3166 is to define internationally recognized codes of letters and/or numbers that we can use when we refer to countries and their subdivisions. However, it does not define the names of countries – this information comes from United Nations sources (Terminology Bulletin Country Names and the Country and Region Codes for Statistical Use maintained by the United Nations Statistics Divisions).",
      "uses" : {
      },
      "https://common-ig.hip.digital.health.nz/site/ValueSet-country-code-1.0.html" : "ISO 3166-1:2013 (2-alpha country code)"
    },
    {
      "url" : "urn:iso:std:iso:639:-3",
      "version" : "2007",
      "status" : "active",
      "name" : "Iso639_3_2007",
      "title" : "ISO 639-3:2007 (3-alpha language code)",
      "description" : "ISO 639-3 is a set of codes that defines three-letter identifiers for all known human languages.",
      "uses" : {
      },
      "https://common-ig.hip.digital.health.nz/site/ValueSet-hpi-language-code-2.0.html" : "ISO 639-3:2007 (3-alpha language code)"
    }
  ]
}
