{
  "codeSystems" : [
    {
      "url" : "http://hl7.org/fhir/address-use",
      "version" : "4.0.1",
      "status" : "active",
      "name" : "AddressUse",
      "title" : "AddressUse",
      "description" : "The use of an address.",
      "oids" : ["2.16.840.1.113883.4.642.4.68"],
      "uses" : {
      },
      "https://tst.d1gti5r1pqczdn.amplifyapp.com/site/ValueSet-hpi-location-address-use-code-2.0.html" : "Address Use for Location"
    },
    {
      "url" : "http://hl7.org/fhir/contact-point-use",
      "version" : "4.0.1",
      "status" : "active",
      "name" : "ContactPointUse",
      "title" : "ContactPointUse",
      "description" : "Use of contact point.",
      "oids" : ["2.16.840.1.113883.4.642.4.74"],
      "uses" : {
      },
      "https://tst.d1gti5r1pqczdn.amplifyapp.com/site/ValueSet-hpi-contact-point-use-code-1.0.html" : "Use values for a ContactPoint"
    },
    {
      "url" : "http://hl7.org/fhir/identifier-use",
      "version" : "4.0.1",
      "status" : "active",
      "name" : "IdentifierUse",
      "title" : "IdentifierUse",
      "description" : "Identifies the purpose for this identifier, if known .",
      "oids" : ["2.16.840.1.113883.4.642.4.58"],
      "uses" : {
      },
      "https://tst.d1gti5r1pqczdn.amplifyapp.com/site/ValueSet-hpi-identifier-use-code-1.0.html" : "IdentifierUse"
    },
    {
      "url" : "http://hl7.org/fhir/location-status",
      "version" : "4.0.1",
      "status" : "draft",
      "name" : "LocationStatus",
      "title" : "LocationStatus",
      "description" : "Indicates whether the location is still in use.",
      "oids" : ["2.16.840.1.113883.4.642.4.333"],
      "uses" : {
      },
      "https://tst.d1gti5r1pqczdn.amplifyapp.com/site/ValueSet-hpi-location-status-1.0.html" : "HPI Location Status"
    },
    {
      "url" : "http://hl7.org/fhir/name-use",
      "version" : "4.0.1",
      "status" : "active",
      "name" : "NameUse",
      "title" : "NameUse",
      "description" : "The use of a human name.",
      "oids" : ["2.16.840.1.113883.4.642.4.66"],
      "uses" : {
      },
      "https://tst.d1gti5r1pqczdn.amplifyapp.com/site/ValueSet-hpi-human-name-use-code-1.0.html" : "Use values for a HumanName"
    },
    {
      "url" : "https://standards.digital.health.nz/ns/alias-type-code",
      "version" : "1.0.0",
      "status" : "active",
      "name" : "AliasType",
      "title" : "Type of Alias",
      "description" : "Used in Organization and Location to indicate what is the type of Alias",
      "uses" : {
      },
      "https://tst.d1gti5r1pqczdn.amplifyapp.com/site/ValueSet-hpi-location-alias-type-1.0.html" : "HPI Alias Type (Location)",
      "https://tst.d1gti5r1pqczdn.amplifyapp.com/site/ValueSet-hpi-organization-alias-type-1.0.html" : "HPI Alias Type (Organization)"
    },
    {
      "url" : "https://standards.digital.health.nz/ns/country-code",
      "version" : "1.0",
      "status" : "draft",
      "name" : "Hpi_country_code_2_0",
      "title" : "HPI Country Code",
      "description" : "Supplementary country codes to extend ISO3166-1.",
      "uses" : {
      },
      "https://tst.d1gti5r1pqczdn.amplifyapp.com/site/ValueSet-country-code-1.0.html" : "ISO 3166-1:2013 (2-alpha country code)"
    },
    {
      "url" : "https://standards.digital.health.nz/ns/hpi-ra-identifier-code",
      "version" : "1.0",
      "status" : "draft",
      "name" : "Hpi_Ra_Identifier_10",
      "title" : "HPI Registration Authority Identifiers",
      "description" : "A list of the registration authority identifiers.",
      "uses" : {
      },
      "https://tst.d1gti5r1pqczdn.amplifyapp.com/site/ValueSet-hpi-ra-identifier-1.0.html" : "RaIdentifier"
    },
    {
      "url" : "https://standards.digital.health.nz/ns/location-type-code",
      "version" : "1.0",
      "status" : "active",
      "name" : "Hpi_location_type",
      "title" : "Location Type",
      "description" : "A coded value for location type.",
      "uses" : {
      },
      "https://tst.d1gti5r1pqczdn.amplifyapp.com/site/ValueSet-hpi-location-type-1.0.html" : "HPI Location Type"
    },
    {
      "url" : "https://standards.digital.health.nz/ns/name-prefix-code",
      "version" : "2.0",
      "status" : "active",
      "name" : "Name_prefix",
      "title" : "Name Prefix",
      "description" : "A coded type for name prefixes.",
      "uses" : {
      },
      "https://tst.d1gti5r1pqczdn.amplifyapp.com/site/ValueSet-name-prefix-2.0.xml.html" : "Name Prefix Codes"
    },
    {
      "url" : "https://standards.digital.health.nz/ns/name-suffix-code",
      "version" : "1.0",
      "status" : "active",
      "name" : "NameSuffix",
      "title" : "Name Suffix",
      "description" : "Types of name suffixes used by HIP",
      "uses" : {
      },
      "https://tst.d1gti5r1pqczdn.amplifyapp.com/site/ValueSet-name-suffix.html" : "Name Suffix Codes"
    },
    {
      "url" : "https://standards.digital.health.nz/ns/organisation-type-code",
      "version" : "1.1",
      "status" : "active",
      "name" : "Hpi_organisation_type",
      "title" : "Organisation Type",
      "description" : "A coded value for organisation type.",
      "uses" : {
      },
      "https://tst.d1gti5r1pqczdn.amplifyapp.com/site/ValueSet-hpi-organisation-type-1.1.html" : "Organisation Type"
    },
    {
      "url" : "https://standards.digital.health.nz/ns/practitioner-additional-authorisation-code",
      "version" : "1.0.1",
      "status" : "active",
      "name" : "AdditionalAuthorisation",
      "title" : "Additional Authorisation",
      "description" : "Additional authorisations that a practitioner is authorised to practice or prescribe.",
      "uses" : {
      },
      "https://tst.d1gti5r1pqczdn.amplifyapp.com/site/ValueSet-practitioner-additional-authorisation-code.html" : "Additional Practitioner authorisations"
    },
    {
      "url" : "https://standards.digital.health.nz/ns/practitioner-registration-authority-code",
      "version" : "2.1",
      "status" : "draft",
      "name" : "Hpi_registration_type",
      "title" : "HPI Registration Type",
      "description" : "A code to identify the type of professional registration the healthcare provider person has been assigned.",
      "uses" : {
      },
      "https://tst.d1gti5r1pqczdn.amplifyapp.com/site/ValueSet-hpi-registration-type-2.0.html" : "HPI Registration Type"
    },
    {
      "url" : "https://standards.digital.health.nz/ns/practitioner-scope-of-practice-code",
      "version" : "2.1.0",
      "status" : "active",
      "name" : "ScopeOfPractice",
      "title" : "Scope of practice",
      "description" : "A classification of the type or range of health services that a practitioner is authorised to provide, as determined by the Responsible Authority or other statutory authority (e.g. PHARMAC), that is, what the practitioner can or cannot do. It includes Scope of Practice as defined by the Health Practitioners Competence Assurance Act 2003, any special authorisations granted, and any conditions or limitations imposed by the Responsible Authority.",
      "uses" : {
      },
      "https://tst.d1gti5r1pqczdn.amplifyapp.com/site/ValueSet-practitioner-scope-of-practice-2.1.html" : "Scope of practice"
    },
    {
      "url" : "urn:iso:std:iso:3166",
      "version" : "2013",
      "status" : "active",
      "name" : "Iso3166_1_2013",
      "title" : "ISO3166-1 two character country code",
      "description" : "The purpose of ISO 3166 is to define internationally recognized codes of letters and/or numbers that we can use when we refer to countries and their subdivisions. However, it does not define the names of countries – this information comes from United Nations sources (Terminology Bulletin Country Names and the Country and Region Codes for Statistical Use maintained by the United Nations Statistics Divisions).",
      "uses" : {
      },
      "https://tst.d1gti5r1pqczdn.amplifyapp.com/site/ValueSet-country-code-1.0.html" : "ISO 3166-1:2013 (2-alpha country code)"
    },
    {
      "url" : "urn:iso:std:iso:639:-3",
      "version" : "2007",
      "status" : "active",
      "name" : "Iso639_3_2007",
      "title" : "ISO 639-3:2007 (3-alpha language code)",
      "description" : "ISO 639-3 is a set of codes that defines three-letter identifiers for all known human languages.",
      "uses" : {
      },
      "https://tst.d1gti5r1pqczdn.amplifyapp.com/site/ValueSet-hpi-language-code-2.0.html" : "ISO 639-3:2007 (3-alpha language code)"
    }
  ]
}
