{
  "resourceType": "ImplementationGuide",
  "id": "hl7.org.nz.fhir.ig.hpi",
  "text": {
    "status": "extensions",
    "div": "<div xmlns=\"http://www.w3.org/1999/xhtml\"><h2>NewZealandHPIIG</h2><p>The official URL for this implementation guide is: </p><pre>http://hl7.org.nz/fhir/ig/hpi/ImplementationGuide/hl7.org.nz.fhir.ig.hpi</pre><div><p>The HPI facade</p>\n</div></div>"
  },
  "url": "http://hl7.org.nz/fhir/ig/hpi/ImplementationGuide/hl7.org.nz.fhir.ig.hpi",
  "version": "0.10.0",
  "name": "NewZealandHPIIG",
  "title": "New Zealand HPI Implementation Guide",
  "status": "active",
  "date": "2022-07-05T04:27:41+00:00",
  "publisher": "Ministry of Health",
  "contact": [
    {
      "name": "Ministry of Health",
      "telecom": [
        {
          "system": "email",
          "value": "mailto:integration@health.govt.nz"
        }
      ]
    }
  ],
  "description": "The HPI facade",
  "packageId": "hl7.org.nz.fhir.ig.hpi",
  "license": "CC0-1.0",
  "fhirVersion": [
    "4.0.1"
  ],
  "dependsOn": [
    {
      "id": "hl7_org_nz_fhir_ig_hip_core",
      "uri": "https:ig-nhi.hip-uat.digital.health.nz",
      "packageId": "hl7.org.nz.fhir.ig.hip-core",
      "version": "dev"
    },
    {
      "id": "fhir_org_nz_ig_base",
      "uri": "http://fhir.org.nz/ig/base",
      "packageId": "fhir.org.nz.ig.base",
      "version": "1.0.0"
    }
  ],
  "definition": {
    "extension": [
      {
        "extension": [
          {
            "url": "code",
            "valueString": "copyrightyear"
          },
          {
            "url": "value",
            "valueString": "2020+"
          }
        ],
        "url": "http://hl7.org/fhir/tools/StructureDefinition/ig-parameter"
      },
      {
        "extension": [
          {
            "url": "code",
            "valueString": "releaselabel"
          },
          {
            "url": "value",
            "valueString": "CI Build"
          }
        ],
        "url": "http://hl7.org/fhir/tools/StructureDefinition/ig-parameter"
      },
      {
        "extension": [
          {
            "url": "code",
            "valueString": "show-inherited-invariants"
          },
          {
            "url": "value",
            "valueString": "false"
          }
        ],
        "url": "http://hl7.org/fhir/tools/StructureDefinition/ig-parameter"
      },
      {
        "extension": [
          {
            "url": "code",
            "valueString": "special-url"
          },
          {
            "url": "value",
            "valueString": "https://dev.d3ox9vcqia2rpj.amplifyapp.com/site"
          }
        ],
        "url": "http://hl7.org/fhir/tools/StructureDefinition/ig-parameter"
      },
      {
        "extension": [
          {
            "url": "code",
            "valueString": "path-liquid"
          },
          {
            "url": "value",
            "valueString": "template/liquid"
          }
        ],
        "url": "http://hl7.org/fhir/tools/StructureDefinition/ig-parameter"
      },
      {
        "extension": [
          {
            "url": "code",
            "valueString": "path-liquid"
          },
          {
            "url": "value",
            "valueString": "input/liquid"
          }
        ],
        "url": "http://hl7.org/fhir/tools/StructureDefinition/ig-parameter"
      },
      {
        "extension": [
          {
            "url": "code",
            "valueString": "path-qa"
          },
          {
            "url": "value",
            "valueString": "temp/qa"
          }
        ],
        "url": "http://hl7.org/fhir/tools/StructureDefinition/ig-parameter"
      },
      {
        "extension": [
          {
            "url": "code",
            "valueString": "path-temp"
          },
          {
            "url": "value",
            "valueString": "temp/pages"
          }
        ],
        "url": "http://hl7.org/fhir/tools/StructureDefinition/ig-parameter"
      },
      {
        "extension": [
          {
            "url": "code",
            "valueString": "path-output"
          },
          {
            "url": "value",
            "valueString": "output"
          }
        ],
        "url": "http://hl7.org/fhir/tools/StructureDefinition/ig-parameter"
      },
      {
        "extension": [
          {
            "url": "code",
            "valueString": "path-suppressed-warnings"
          },
          {
            "url": "value",
            "valueString": "input/ignoreWarnings.txt"
          }
        ],
        "url": "http://hl7.org/fhir/tools/StructureDefinition/ig-parameter"
      },
      {
        "extension": [
          {
            "url": "code",
            "valueString": "path-history"
          },
          {
            "url": "value",
            "valueString": "http://hl7.org.nz/fhir/ig/hpi/history.html"
          }
        ],
        "url": "http://hl7.org/fhir/tools/StructureDefinition/ig-parameter"
      },
      {
        "extension": [
          {
            "url": "code",
            "valueString": "template-html"
          },
          {
            "url": "value",
            "valueString": "template-page.html"
          }
        ],
        "url": "http://hl7.org/fhir/tools/StructureDefinition/ig-parameter"
      },
      {
        "extension": [
          {
            "url": "code",
            "valueString": "template-md"
          },
          {
            "url": "value",
            "valueString": "template-page-md.html"
          }
        ],
        "url": "http://hl7.org/fhir/tools/StructureDefinition/ig-parameter"
      },
      {
        "extension": [
          {
            "url": "code",
            "valueString": "apply-contact"
          },
          {
            "url": "value",
            "valueString": "true"
          }
        ],
        "url": "http://hl7.org/fhir/tools/StructureDefinition/ig-parameter"
      },
      {
        "extension": [
          {
            "url": "code",
            "valueString": "apply-context"
          },
          {
            "url": "value",
            "valueString": "true"
          }
        ],
        "url": "http://hl7.org/fhir/tools/StructureDefinition/ig-parameter"
      },
      {
        "extension": [
          {
            "url": "code",
            "valueString": "apply-copyright"
          },
          {
            "url": "value",
            "valueString": "true"
          }
        ],
        "url": "http://hl7.org/fhir/tools/StructureDefinition/ig-parameter"
      },
      {
        "extension": [
          {
            "url": "code",
            "valueString": "apply-jurisdiction"
          },
          {
            "url": "value",
            "valueString": "true"
          }
        ],
        "url": "http://hl7.org/fhir/tools/StructureDefinition/ig-parameter"
      },
      {
        "extension": [
          {
            "url": "code",
            "valueString": "apply-license"
          },
          {
            "url": "value",
            "valueString": "true"
          }
        ],
        "url": "http://hl7.org/fhir/tools/StructureDefinition/ig-parameter"
      },
      {
        "extension": [
          {
            "url": "code",
            "valueString": "apply-publisher"
          },
          {
            "url": "value",
            "valueString": "true"
          }
        ],
        "url": "http://hl7.org/fhir/tools/StructureDefinition/ig-parameter"
      },
      {
        "extension": [
          {
            "url": "code",
            "valueString": "apply-version"
          },
          {
            "url": "value",
            "valueString": "true"
          }
        ],
        "url": "http://hl7.org/fhir/tools/StructureDefinition/ig-parameter"
      },
      {
        "extension": [
          {
            "url": "code",
            "valueString": "active-tables"
          },
          {
            "url": "value",
            "valueString": "true"
          }
        ],
        "url": "http://hl7.org/fhir/tools/StructureDefinition/ig-parameter"
      },
      {
        "extension": [
          {
            "url": "code",
            "valueString": "fmm-definition"
          },
          {
            "url": "value",
            "valueString": "http://hl7.org/fhir/versions.html#maturity"
          }
        ],
        "url": "http://hl7.org/fhir/tools/StructureDefinition/ig-parameter"
      },
      {
        "extension": [
          {
            "url": "code",
            "valueString": "propagate-status"
          },
          {
            "url": "value",
            "valueString": "true"
          }
        ],
        "url": "http://hl7.org/fhir/tools/StructureDefinition/ig-parameter"
      },
      {
        "extension": [
          {
            "url": "code",
            "valueString": "excludelogbinaryformat"
          },
          {
            "url": "value",
            "valueString": "true"
          }
        ],
        "url": "http://hl7.org/fhir/tools/StructureDefinition/ig-parameter"
      }
    ],
    "resource": [
      {
        "extension": [
          {
            "url": "http://hl7.org/fhir/tools/StructureDefinition/resource-information",
            "valueString": "StructureDefinition:resource"
          }
        ],
        "reference": {
          "reference": "StructureDefinition/HpiLocation"
        },
        "name": "HPI Location",
        "description": "A physical location from which health goods and/or services are provided.  They are also referred to as an HPI Facility.",
        "exampleBoolean": false
      },
      {
        "extension": [
          {
            "url": "http://hl7.org/fhir/tools/StructureDefinition/resource-information",
            "valueString": "StructureDefinition:resource"
          }
        ],
        "reference": {
          "reference": "StructureDefinition/HpiOrganization"
        },
        "name": "HPI Organization",
        "description": "An entity that provides services of interest to, or is involved in, the business of health care service provision.",
        "exampleBoolean": false
      },
      {
        "extension": [
          {
            "url": "http://hl7.org/fhir/tools/StructureDefinition/resource-information",
            "valueString": "StructureDefinition:resource"
          }
        ],
        "reference": {
          "reference": "StructureDefinition/HPIPractitioner"
        },
        "name": "HPI Practitioner",
        "description": "The practitioner exposed by the HPI. This is the person who delivers healthcare or healthcare related services.",
        "exampleBoolean": false
      },
      {
        "extension": [
          {
            "url": "http://hl7.org/fhir/tools/StructureDefinition/resource-information",
            "valueString": "StructureDefinition:resource"
          }
        ],
        "reference": {
          "reference": "StructureDefinition/HPIPractitionerRole"
        },
        "name": "HPI Practitioner role",
        "description": "The practitioner role exposed by the HPI. Used to connect Practitioners with Organizations and Locations, indicating the role they have. A single Practitioner can have roles with multiple organizations.",
        "exampleBoolean": false
      },
      {
        "extension": [
          {
            "url": "http://hl7.org/fhir/tools/StructureDefinition/resource-information",
            "valueString": "StructureDefinition:complex-type"
          }
        ],
        "reference": {
          "reference": "StructureDefinition/NzAddress"
        },
        "name": "Common NZ Address datatype",
        "description": "Adds building name, suburb, domicile code and geocode to the Address datatype",
        "exampleBoolean": false
      },
      {
        "extension": [
          {
            "url": "http://hl7.org/fhir/tools/StructureDefinition/resource-information",
            "valueString": "StructureDefinition:extension"
          }
        ],
        "reference": {
          "reference": "StructureDefinition/esam-id"
        },
        "name": "Esam_id",
        "description": "The id from eSam",
        "exampleBoolean": false
      },
      {
        "extension": [
          {
            "url": "http://hl7.org/fhir/tools/StructureDefinition/resource-information",
            "valueString": "Practitioner"
          }
        ],
        "reference": {
          "reference": "Practitioner/90ZZLC"
        },
        "name": "90ZZLC",
        "description": "Example HPI Practitioner",
        "exampleCanonical": "http://hl7.org.nz/fhir/StructureDefinition/HPIPractitioner"
      },
      {
        "extension": [
          {
            "url": "http://hl7.org/fhir/tools/StructureDefinition/resource-information",
            "valueString": "Practitioner"
          }
        ],
        "reference": {
          "reference": "Practitioner/90ZZMG"
        },
        "name": "90ZZMG",
        "description": "Example HPI Practitioner",
        "exampleCanonical": "http://hl7.org.nz/fhir/StructureDefinition/HPIPractitioner"
      },
      {
        "extension": [
          {
            "url": "http://hl7.org/fhir/tools/StructureDefinition/resource-information",
            "valueString": "Practitioner"
          }
        ],
        "reference": {
          "reference": "Practitioner/94ZZXF"
        },
        "name": "94ZZXF",
        "description": "Example HPI Practitioner",
        "exampleCanonical": "http://hl7.org.nz/fhir/StructureDefinition/HPIPractitioner"
      },
      {
        "extension": [
          {
            "url": "http://hl7.org/fhir/tools/StructureDefinition/resource-information",
            "valueString": "Practitioner"
          }
        ],
        "reference": {
          "reference": "Practitioner/98ZZXQ"
        },
        "name": "98ZZXQ",
        "description": "Example HPI Practitioner",
        "exampleCanonical": "http://hl7.org.nz/fhir/StructureDefinition/HPIPractitioner"
      },
      {
        "extension": [
          {
            "url": "http://hl7.org/fhir/tools/StructureDefinition/resource-information",
            "valueString": "Practitioner"
          }
        ],
        "reference": {
          "reference": "Practitioner/99ZZVA"
        },
        "name": "99ZZVA",
        "description": "Example HPI Practitioner",
        "exampleCanonical": "http://hl7.org.nz/fhir/StructureDefinition/HPIPractitioner"
      },
      {
        "extension": [
          {
            "url": "http://hl7.org/fhir/tools/StructureDefinition/resource-information",
            "valueString": "Organization"
          }
        ],
        "reference": {
          "reference": "Organization/G00001G"
        },
        "name": "G00001G",
        "description": "Example HPI Organization",
        "exampleCanonical": "http://hl7.org.nz/fhir/StructureDefinition/HPIOrganization"
      },
      {
        "extension": [
          {
            "url": "http://hl7.org/fhir/tools/StructureDefinition/resource-information",
            "valueString": "Organization"
          }
        ],
        "reference": {
          "reference": "Organization/G00004B"
        },
        "name": "G00004B",
        "description": "Example HPI Organization",
        "exampleCanonical": "http://hl7.org.nz/fhir/StructureDefinition/HPIOrganization"
      },
      {
        "extension": [
          {
            "url": "http://hl7.org/fhir/tools/StructureDefinition/resource-information",
            "valueString": "Organization"
          }
        ],
        "reference": {
          "reference": "Organization/G00023F"
        },
        "name": "G00023F",
        "description": "Example HPI Organization",
        "exampleCanonical": "http://hl7.org.nz/fhir/StructureDefinition/HPIOrganization"
      },
      {
        "extension": [
          {
            "url": "http://hl7.org/fhir/tools/StructureDefinition/resource-information",
            "valueString": "CapabilityStatement"
          }
        ],
        "reference": {
          "reference": "CapabilityStatement/HpiCapabilityStatement"
        },
        "name": "CapabilityStatement",
        "description": "Represents API exposed by HPI",
        "exampleBoolean": false
      }
    ],
    "page": {
      "nameUrl": "toc.html",
      "title": "Table of Contents",
      "generation": "html",
      "page": [
        {
          "nameUrl": "index.html",
          "title": "Home",
          "generation": "markdown"
        },
        {
          "nameUrl": "addPracRole.html",
          "title": "Add Prac Role",
          "generation": "markdown"
        },
        {
          "nameUrl": "addPractitioner.html",
          "title": "Add Practitioner",
          "generation": "markdown"
        },
        {
          "nameUrl": "api.html",
          "title": "Api",
          "generation": "markdown"
        },
        {
          "nameUrl": "businessView.html",
          "title": "Business View",
          "generation": "markdown"
        },
        {
          "nameUrl": "capabilityStatement.html",
          "title": "Capability Statement",
          "generation": "html"
        },
        {
          "nameUrl": "capstmt.html",
          "title": "Capstmt",
          "generation": "html"
        },
        {
          "nameUrl": "companion.html",
          "title": "Companion",
          "generation": "html"
        },
        {
          "nameUrl": "extensions.html",
          "title": "Extensions",
          "generation": "html"
        },
        {
          "nameUrl": "faq.html",
          "title": "Faq",
          "generation": "markdown"
        },
        {
          "nameUrl": "general.html",
          "title": "General",
          "generation": "markdown"
        },
        {
          "nameUrl": "getLocation.html",
          "title": "Get Location",
          "generation": "markdown"
        },
        {
          "nameUrl": "getOrganization.html",
          "title": "Get Organization",
          "generation": "markdown"
        },
        {
          "nameUrl": "getPractitioner.html",
          "title": "Get Practitioner",
          "generation": "markdown"
        },
        {
          "nameUrl": "mohResources.html",
          "title": "Moh Resources",
          "generation": "html"
        },
        {
          "nameUrl": "namingSystems.html",
          "title": "Naming Systems",
          "generation": "markdown"
        },
        {
          "nameUrl": "OnboardingAndComplianceTesting.html",
          "title": "Onboarding And Compliance Testing",
          "generation": "markdown"
        },
        {
          "nameUrl": "profiles.html",
          "title": "Profiles",
          "generation": "html"
        },
        {
          "nameUrl": "searchLocation.html",
          "title": "Search Location",
          "generation": "markdown"
        },
        {
          "nameUrl": "searchOrganization.html",
          "title": "Search Organization",
          "generation": "markdown"
        },
        {
          "nameUrl": "searchPracRole.html",
          "title": "Search Prac Role",
          "generation": "markdown"
        },
        {
          "nameUrl": "searchPractitioner.html",
          "title": "Search Practitioner",
          "generation": "markdown"
        },
        {
          "nameUrl": "terminology.html",
          "title": "Terminology",
          "generation": "markdown"
        },
        {
          "nameUrl": "updatePracRole.html",
          "title": "Update Prac Role",
          "generation": "markdown"
        },
        {
          "nameUrl": "usecases.html",
          "title": "Usecases",
          "generation": "markdown"
        },
        {
          "nameUrl": "usecasesDEP.html",
          "title": "Usecases DEP",
          "generation": "markdown"
        }
      ]
    },
    "parameter": [
      {
        "code": "path-resource",
        "value": "input/capabilities"
      },
      {
        "code": "path-resource",
        "value": "input/examples"
      },
      {
        "code": "path-resource",
        "value": "input/extensions"
      },
      {
        "code": "path-resource",
        "value": "input/models"
      },
      {
        "code": "path-resource",
        "value": "input/operations"
      },
      {
        "code": "path-resource",
        "value": "input/profiles"
      },
      {
        "code": "path-resource",
        "value": "input/resources"
      },
      {
        "code": "path-resource",
        "value": "input/vocabulary"
      },
      {
        "code": "path-resource",
        "value": "input/maps"
      },
      {
        "code": "path-resource",
        "value": "input/testing"
      },
      {
        "code": "path-resource",
        "value": "input/history"
      },
      {
        "code": "path-resource",
        "value": "fsh-generated/resources"
      },
      {
        "code": "path-pages",
        "value": "template/config"
      },
      {
        "code": "path-pages",
        "value": "input/images"
      },
      {
        "code": "path-tx-cache",
        "value": "input-cache/txcache"
      }
    ]
  }
}