{
  "resourceType" : "Location",
  "id" : "FZZ999-B",
  "meta" : {
    "versionId" : "11148",
    "lastUpdated" : "2023-02-24T17:14:14.000+13:00",
    "profile" : ["http://hl7.org.nz/fhir/StructureDefinition/HPILocation"]
  },
  "text" : {
    "status" : "extensions",
    "div" : "<div xmlns=\"http://www.w3.org/1999/xhtml\"><p><b>Generated Narrative: Location</b><a name=\"FZZ999-B\"> </a><a name=\"hcFZZ999-B\"> </a></p><div style=\"display: inline-block; background-color: #d9e0e7; padding: 6px; margin: 4px; border: 1px solid #8da1b4; border-radius: 5px; line-height: 60%\"><p style=\"margin-bottom: 0px\">Resource Location &quot;FZZ999-B&quot; Version &quot;11148&quot; Updated &quot;2023-02-24 17:14:14+1300&quot; </p><p style=\"margin-bottom: 0px\">Profile: <a href=\"StructureDefinition-HpiLocation.html\">HPI Location</a></p></div><p><b>Established</b>: 2013-01-02 --&gt; (ongoing)</p><p><b>District Health Board linked to a NZ Healthcare Service, Location or Patient</b>: Capital and Coast District Health Board <span style=\"background: LightGoldenRodYellow; margin: 4px; border: 1px solid khaki\"> (<a href=\"https://fhir.org.nz/ig/base/CodeSystem-dhb-code.html\">NZ DHB[1.0.0]</a>#G00036-D)</span></p><blockquote><p><b>Messaging Address</b></p><blockquote><p><b>url</b></p><code>provider</code></blockquote><p><b>value</b>: healthlink</p><blockquote><p><b>url</b></p><code>value</code></blockquote><p><b>value</b>: livefacedi</p></blockquote><p><b>identifier</b>: HPIFacility/FZZ999-B\u00a0(use:\u00a0official), HPIFacility/FZZ997-J\u00a0(use:\u00a0old), HPIFacility/Z999\u00a0(use:\u00a0official)</p><p><b>status</b>: active</p><p><b>name</b>: Live Facilty</p><p><b>alias</b>: Do not change details of this Facility, Live Facilty</p><p><b>type</b>: Enrolling GP Practice <span style=\"background: LightGoldenRodYellow; margin: 4px; border: 1px solid khaki\"> (<a href=\"https://common-ig-v1-3-1.hip.digital.health.nz/site/CodeSystem-hpi-location-type-1.0.html\">Location Type[1.0]</a>#gpenrol)</span></p><p><b>telecom</b>: <a href=\"mailto:email007@email.co.nz\">email007@email.co.nz</a>, ph: 02865865865(WORK)</p><p><b>address</b>: 133 Molesworth Street, Thorndon 6011, Wellington(work)</p><p><b>managingOrganization</b>: <a href=\"Organization/GZZ999-J\">Organization/GZZ999-J: Verification Test Organisation</a></p></div>"
  },
  "extension" : [{
    "url" : "http://hl7.org.nz/fhir/StructureDefinition/established",
    "valuePeriod" : {
      "start" : "2013-01-02"
    }
  },
  {
    "url" : "http://hl7.org.nz/fhir/StructureDefinition/dhb",
    "valueCodeableConcept" : {
      "coding" : [{
        "system" : "https://standards.digital.health.nz/ns/dhb-code",
        "version" : "1.0.0",
        "code" : "G00036-D",
        "display" : "Capital and Coast District Health Board"
      }],
      "text" : "Capital and Coast District Health Board"
    }
  },
  {
    "extension" : [{
      "url" : "provider",
      "valueString" : "healthlink"
    },
    {
      "url" : "value",
      "valueString" : "livefacedi"
    }],
    "url" : "http://hl7.org.nz/fhir/StructureDefinition/messaging-address"
  }],
  "identifier" : [{
    "use" : "official",
    "system" : "https://standards.digital.health.nz/ns/hpi-facility-id",
    "value" : "FZZ999-B",
    "assigner" : {
      "reference" : "Organization/G00001-G"
    }
  },
  {
    "use" : "old",
    "system" : "https://standards.digital.health.nz/ns/hpi-facility-id",
    "value" : "FZZ997-J",
    "assigner" : {
      "reference" : "Organization/G00001-G"
    }
  },
  {
    "use" : "official",
    "system" : "https://standards.digital.health.nz/ns/nzhis-facility-id",
    "value" : "Z999",
    "assigner" : {
      "reference" : "Organization/G00001-G"
    }
  }],
  "status" : "active",
  "name" : "Live Facilty",
  "alias" : ["Do not change details of this Facility",
  "Live Facilty"],
  "_alias" : [{
    "extension" : [{
      "url" : "http://hl7.org.nz/fhir/StructureDefinition/alias-type",
      "valueCodeableConcept" : {
        "coding" : [{
          "system" : "https://standards.digital.health.nz/ns/alias-type-code",
          "version" : "1.0.0",
          "code" : "aka",
          "display" : "Aka"
        }],
        "text" : "Aka"
      }
    }]
  },
  {
    "extension" : [{
      "url" : "http://hl7.org.nz/fhir/StructureDefinition/alias-type",
      "valueCodeableConcept" : {
        "coding" : [{
          "system" : "https://standards.digital.health.nz/ns/alias-type-code",
          "version" : "1.0.0",
          "code" : "current",
          "display" : "Current unverified or unofficial name"
        }],
        "text" : "Current unverified or unofficial name"
      }
    }]
  }],
  "type" : [{
    "coding" : [{
      "system" : "https://standards.digital.health.nz/ns/location-type-code",
      "version" : "1.0",
      "code" : "gpenrol",
      "display" : "Enrolling GP Practice"
    }]
  }],
  "telecom" : [{
    "system" : "email",
    "value" : "email007@email.co.nz",
    "use" : "work",
    "rank" : 1,
    "period" : {
      "start" : "2013-01-02"
    }
  },
  {
    "system" : "phone",
    "value" : "02865865865",
    "use" : "work",
    "rank" : 1,
    "period" : {
      "start" : "2013-01-02"
    }
  }],
  "address" : {
    "id" : "1112139",
    "extension" : [{
      "extension" : [{
        "url" : "latitude",
        "valueDecimal" : -41.272975
      },
      {
        "url" : "longitude",
        "valueDecimal" : 174.777729
      }],
      "url" : "http://hl7.org.nz/fhir/StructureDefinition/nz-geocode"
    },
    {
      "url" : "http://hl7.org.nz/fhir/StructureDefinition/suburb",
      "valueString" : "Thorndon"
    },
    {
      "url" : "http://hl7.org.nz/fhir/StructureDefinition/domicile-code",
      "valueCodeableConcept" : {
        "coding" : [{
          "system" : "https://standards.digital.health.nz/ns/domicile-code",
          "version" : "3.0",
          "code" : "2077",
          "display" : "Thorndon - Tinakori Road"
        }],
        "text" : "Thorndon - Tinakori Road"
      }
    }],
    "use" : "work",
    "type" : "physical",
    "text" : "133 Molesworth Street, Thorndon 6011, Wellington",
    "line" : ["133 Molesworth Street"],
    "city" : "Wellington",
    "postalCode" : "6011"
  },
  "managingOrganization" : {
    "reference" : "Organization/GZZ999-J",
    "display" : "Verification Test Organisation"
  }
}