<?xml version="1.0" encoding="UTF-8"?>

<Location xmlns="http://hl7.org/fhir">
  <id value="FZZ941-D"/>
  <meta>
    <versionId value="8954"/>
    <lastUpdated value="2022-04-05T15:04:26.000+12:00"/>
    <profile value="http://hl7.org.nz/fhir/StructureDefinition/HPILocation"/>
  </meta>
  <text>
    <status value="extensions"/><div xmlns="http://www.w3.org/1999/xhtml"><p><b>Generated Narrative: Location</b><a name="FZZ941-D"> </a><a name="hcFZZ941-D"> </a></p><div style="display: inline-block; background-color: #d9e0e7; padding: 6px; margin: 4px; border: 1px solid #8da1b4; border-radius: 5px; line-height: 60%"><p style="margin-bottom: 0px">Resource Location &quot;FZZ941-D&quot; Version &quot;8954&quot; Updated &quot;2022-04-05 15:04:26+1200&quot; </p><p style="margin-bottom: 0px">Profile: <a href="StructureDefinition-HpiLocation.html">HPI Location</a></p></div><p><b>Established</b>: 2016-06-06 --&gt; 2019-09-09</p><p><b>District Health Board linked to a NZ Healthcare Service, Location or Patient</b>: Capital and Coast District Health Board <span style="background: LightGoldenRodYellow; margin: 4px; border: 1px solid khaki"> (<a href="https://fhir.org.nz/ig/base/CodeSystem-dhb-code.html">NZ DHB[1.0.0]</a>#G00036-D)</span></p><p><b>identifier</b>: HPIFacility/FZZ941-D (use: official)</p><p><b>status</b>: inactive</p><p><b>name</b>: Dental Clinic with Dist Date</p><p><b>alias</b>: Disestablished Dental, Dental Clinic with Dist Date</p><p><b>type</b>: Community Dental <span style="background: LightGoldenRodYellow; margin: 4px; border: 1px solid khaki"> (<a href="https://common-ig.hip.digital.health.nz/site/CodeSystem-hpi-location-type-1.0.html">Location Type[1.0]</a>#dental)</span></p><p><b>telecom</b>: ph: 021 789878(WORK)</p><p><b>address</b>: Building name for eSAM address 1112139, 133 Molesworth Street, Thorndon 6011, Wellington(work)</p><p><b>managingOrganization</b>: <a href="Organization/GZZ908-B">Organization/GZZ908-B: Org Disestablishment Date</a></p></div>
  </text>
  <extension url="http://hl7.org.nz/fhir/StructureDefinition/established">
    <valuePeriod>
      <start value="2016-06-06"/>
      <end value="2019-09-09"/>
    </valuePeriod>
  </extension>
  <extension url="http://hl7.org.nz/fhir/StructureDefinition/dhb">
    <valueCodeableConcept>
      <coding>
        <system value="https://standards.digital.health.nz/ns/dhb-code"/>
        <version value="1.0.0"/>
        <code value="G00036-D"/>
        <display value="Capital and Coast District Health Board"/>
      </coding>
      <text value="Capital and Coast District Health Board"/>
    </valueCodeableConcept>
  </extension>
  <identifier>
    <use value="official"/>
    <system value="https://standards.digital.health.nz/ns/hpi-facility-id"/>
    <value value="FZZ941-D"/>
    <assigner>
      <reference value="Organization/G00001-G"/>
    </assigner>
  </identifier>
  <status value="inactive"/>
  <name value="Dental Clinic with Dist Date"/>
  <alias value="Disestablished Dental">
    <extension url="http://hl7.org.nz/fhir/StructureDefinition/alias-type">
      <valueCodeableConcept>
        <coding>
          <system value="https://standards.digital.health.nz/ns/alias-type-code"/>
          <version value="1.0.0"/>
          <code value="aka"/>
          <display value="Aka"/>
        </coding>
        <text value="Aka"/>
      </valueCodeableConcept>
    </extension>
  </alias>
  <alias value="Dental Clinic with Dist Date">
    <extension url="http://hl7.org.nz/fhir/StructureDefinition/alias-type">
      <valueCodeableConcept>
        <coding>
          <system value="https://standards.digital.health.nz/ns/alias-type-code"/>
          <version value="1.0.0"/>
          <code value="current"/>
          <display value="Current unverified or unofficial name"/>
        </coding>
        <text value="Current unverified or unofficial name"/>
      </valueCodeableConcept>
    </extension>
  </alias>
  <type>
    <coding>
      <system value="https://standards.digital.health.nz/ns/location-type-code"/>
      <version value="1.0"/>
      <code value="dental"/>
      <display value="Community Dental"/>
    </coding>
  </type>
  <telecom>
    <system value="phone"/>
    <value value="021 789878"/>
    <use value="work"/>
    <rank value="1"/>
    <period>
      <start value="2016-06-06"/>
    </period>
  </telecom>
  <address id="1112139">
    <extension url="http://hl7.org.nz/fhir/StructureDefinition/nz-geocode">
      <extension url="latitude">
        <valueDecimal value="-41.272975"/>
      </extension>
      <extension url="longitude">
        <valueDecimal value="174.777729"/>
      </extension>
    </extension>
    <extension url="http://hl7.org.nz/fhir/StructureDefinition/suburb">
      <valueString value="Thorndon"/>
    </extension>
    <extension url="http://hl7.org.nz/fhir/StructureDefinition/building-name">
      <valueString value="Building name for eSAM address 1112139"/>
    </extension>
    <extension url="http://hl7.org.nz/fhir/StructureDefinition/domicile-code">
      <valueCodeableConcept>
        <coding>
          <system value="https://standards.digital.health.nz/ns/domicile-code"/>
          <version value="3.0"/>
          <code value="2077"/>
          <display value="Thorndon - Tinakori Road"/>
        </coding>
        <text value="Thorndon - Tinakori Road"/>
      </valueCodeableConcept>
    </extension>
    <use value="work"/>
    <type value="physical"/>
    <text value="Building name for eSAM address 1112139, 133 Molesworth Street, Thorndon 6011, Wellington"/>
    <line value="133 Molesworth Street"/>
    <city value="Wellington"/>
    <postalCode value="6011"/>
  </address>
  <managingOrganization>
    <reference value="Organization/GZZ908-B"/>
    <display value="Org Disestablishment Date"/>
  </managingOrganization>
</Location>