<?xml version="1.0" encoding="UTF-8"?>

<Location xmlns="http://hl7.org/fhir">
  <id value="FZZ999-B"/>
  <meta>
    <versionId value="11148"/>
    <lastUpdated value="2023-02-24T17:14:14.000+13:00"/>
    <profile value="http://hl7.org.nz/fhir/StructureDefinition/HPILocation"/>
  </meta>
  <text>
    <status value="extensions"/><div xmlns="http://www.w3.org/1999/xhtml"><p><b>Generated Narrative: Location </b><a name="FZZ999-B"> </a><a name="hcFZZ999-B"> </a></p><div style="display: inline-block; background-color: #d9e0e7; padding: 6px; margin: 4px; border: 1px solid #8da1b4; border-radius: 5px; line-height: 60%"><p style="margin-bottom: 0px">ResourceLocation &quot;FZZ999-B&quot; Version&quot;11148&quot; Updated&quot;2023-02-24 17:14:14+1300&quot; </p><p style="margin-bottom: 0px">Profile: <a href="StructureDefinition-HpiLocation.html">HPI Location</a></p></div><p><b>Established</b>: 2013-01-02 --&gt; (ongoing)</p><p><b>District Health Board linked to a NZ Healthcare Service, Location or Patient</b>: Capital and Coast District Health Board <span style="background: LightGoldenRodYellow; margin: 4px; border: 1px solid khaki"> (<a href="https://fhir.org.nz/ig/base/CodeSystem-dhb-code.html">NZ DHB[1.0.0]</a>#G00036-D)</span></p><blockquote><p><b>Messaging Address</b></p><blockquote><p><b>url</b></p><code>provider</code></blockquote><p><b>value</b>: healthlink</p><blockquote><p><b>url</b></p><code>value</code></blockquote><p><b>value</b>: livefacedi</p></blockquote><p><b>identifier</b>: HPIFacility/FZZ999-B (use: official), HPIFacility/FZZ997-J (use: old), HPIFacility/Z999 (use: official)</p><p><b>status</b>: active</p><p><b>name</b>: Live Facilty</p><p><b>alias</b>: Do not change details of this Facility, Live Facilty</p><p><b>type</b>: Enrolling GP Practice <span style="background: LightGoldenRodYellow; margin: 4px; border: 1px solid khaki"> (<a href="https://common-ig.hip.digital.health.nz/site/CodeSystem-hpi-location-type-1.0.html">Location Type[1.0]</a>#gpenrol)</span></p><p><b>telecom</b>: <a href="mailto:email007@email.co.nz">email007@email.co.nz</a>, ph: 02865865865(WORK)</p><p><b>address</b>: 133 Molesworth Street, Thorndon 6011, Wellington(work)</p><p><b>managingOrganization</b>: <a href="Organization/GZZ999-J">Organization/GZZ999-J: Verification Test Organisation</a></p></div>
  </text>
  <extension url="http://hl7.org.nz/fhir/StructureDefinition/established">
    <valuePeriod>
      <start value="2013-01-02"/>
    </valuePeriod>
  </extension>
  <extension url="http://hl7.org.nz/fhir/StructureDefinition/dhb">
    <valueCodeableConcept>
      <coding>
        <system value="https://standards.digital.health.nz/ns/dhb-code"/>
        <version value="1.0.0"/>
        <code value="G00036-D"/>
        <display value="Capital and Coast District Health Board"/>
      </coding>
      <text value="Capital and Coast District Health Board"/>
    </valueCodeableConcept>
  </extension>
  <extension url="http://hl7.org.nz/fhir/StructureDefinition/messaging-address">
    <extension url="provider">
      <valueString value="healthlink"/>
    </extension>
    <extension url="value">
      <valueString value="livefacedi"/>
    </extension>
  </extension>
  <identifier>
    <use value="official"/>
    <system value="https://standards.digital.health.nz/ns/hpi-facility-id"/>
    <value value="FZZ999-B"/>
    <assigner>
      <reference value="Organization/G00001-G"/>
    </assigner>
  </identifier>
  <identifier>
    <use value="old"/>
    <system value="https://standards.digital.health.nz/ns/hpi-facility-id"/>
    <value value="FZZ997-J"/>
    <assigner>
      <reference value="Organization/G00001-G"/>
    </assigner>
  </identifier>
  <identifier>
    <use value="official"/>
    <system value="https://standards.digital.health.nz/ns/nzhis-facility-id"/>
    <value value="Z999"/>
    <assigner>
      <reference value="Organization/G00001-G"/>
    </assigner>
  </identifier>
  <status value="active"/>
  <name value="Live Facilty"/>
  <alias value="Do not change details of this Facility">
    <extension url="http://hl7.org.nz/fhir/StructureDefinition/alias-type">
      <valueCodeableConcept>
        <coding>
          <system value="https://standards.digital.health.nz/ns/alias-type-code"/>
          <version value="1.0.0"/>
          <code value="aka"/>
          <display value="Aka"/>
        </coding>
        <text value="Aka"/>
      </valueCodeableConcept>
    </extension>
  </alias>
  <alias value="Live Facilty">
    <extension url="http://hl7.org.nz/fhir/StructureDefinition/alias-type">
      <valueCodeableConcept>
        <coding>
          <system value="https://standards.digital.health.nz/ns/alias-type-code"/>
          <version value="1.0.0"/>
          <code value="current"/>
          <display value="Current unverified or unofficial name"/>
        </coding>
        <text value="Current unverified or unofficial name"/>
      </valueCodeableConcept>
    </extension>
  </alias>
  <type>
    <coding>
      <system value="https://standards.digital.health.nz/ns/location-type-code"/>
      <version value="1.0"/>
      <code value="gpenrol"/>
      <display value="Enrolling GP Practice"/>
    </coding>
  </type>
  <telecom>
    <system value="email"/>
    <value value="email007@email.co.nz"/>
    <use value="work"/>
    <rank value="1"/>
    <period>
      <start value="2013-01-02"/>
    </period>
  </telecom>
  <telecom>
    <system value="phone"/>
    <value value="02865865865"/>
    <use value="work"/>
    <rank value="1"/>
    <period>
      <start value="2013-01-02"/>
    </period>
  </telecom>
  <address id="1112139">
    <extension url="http://hl7.org.nz/fhir/StructureDefinition/nz-geocode">
      <extension url="latitude">
        <valueDecimal value="-41.272975"/>
      </extension>
      <extension url="longitude">
        <valueDecimal value="174.777729"/>
      </extension>
    </extension>
    <extension url="http://hl7.org.nz/fhir/StructureDefinition/suburb">
      <valueString value="Thorndon"/>
    </extension>
    <extension url="http://hl7.org.nz/fhir/StructureDefinition/domicile-code">
      <valueCodeableConcept>
        <coding>
          <system value="https://standards.digital.health.nz/ns/domicile-code"/>
          <version value="3.0"/>
          <code value="2077"/>
          <display value="Thorndon - Tinakori Road"/>
        </coding>
        <text value="Thorndon - Tinakori Road"/>
      </valueCodeableConcept>
    </extension>
    <use value="work"/>
    <type value="physical"/>
    <text value="133 Molesworth Street, Thorndon 6011, Wellington"/>
    <line value="133 Molesworth Street"/>
    <city value="Wellington"/>
    <postalCode value="6011"/>
  </address>
  <managingOrganization>
    <reference value="Organization/GZZ999-J"/>
    <display value="Verification Test Organisation"/>
  </managingOrganization>
</Location>