<?xml version="1.0" encoding="UTF-8"?>

<Location xmlns="http://hl7.org/fhir">
  <id value="FZZ999-B"/>
  <meta>
    <profile value="http://hl7.org.nz/fhir/StructureDefinition/HPILocation"/>
  </meta>
  <text>
    <status value="extensions"/><div xmlns="http://www.w3.org/1999/xhtml"><p><b>Generated Narrative</b></p><div style="display: inline-block; background-color: #d9e0e7; padding: 6px; margin: 4px; border: 1px solid #8da1b4; border-radius: 5px; line-height: 60%"><p style="margin-bottom: 0px">Resource "FZZ999-B" </p><p style="margin-bottom: 0px">Profile: <a href="StructureDefinition-HpiLocation.html">HPI Location</a></p></div><p><b>Established</b>: 2013-01-02 --&gt; (ongoing)</p><p><b>identifier</b>: id: FZZ999-B (OFFICIAL), id: FZZ997-J (OLD), id: Z999 (OFFICIAL)</p><p><b>status</b>: active</p><p><b>name</b>: Live Facilty</p><p><b>alias</b>: Live Facilty</p><p><b>type</b>: Enrolling GP Practice <span style="background: LightGoldenRodYellow; margin: 4px; border: 1px solid khaki"> (location-type-code[1.0]#gpenrol)</span></p><p><b>telecom</b>: livefacedi(WORK), <a href="mailto:email007@email.co.nz">email007@email.co.nz</a>, ph: 021 222221(WORK)</p><p><b>address</b>: Building name for eSAM address 1112139, 133 Molesworth Street, Thorndon, Wellington 6011(WORK)</p><p><b>managingOrganization</b>: <a href="Organization/GZZ999-J">Organization/GZZ999-J: Verification Test Organisation</a></p></div>
  </text>
  <extension url="http://hl7.org.nz/fhir/StructureDefinition/established">
    <valuePeriod>
      <start value="2013-01-02"/>
    </valuePeriod>
  </extension>
  <identifier>
    <use value="official"/>
    <system value="https://standards.digital.health.nz/ns/hpi-facility-id"/>
    <value value="FZZ999-B"/>
    <assigner>
      <reference value="Organization/G00001-G"/>
    </assigner>
  </identifier>
  <identifier>
    <use value="old"/>
    <system value="https://standards.digital.health.nz/ns/hpi-facility-id"/>
    <value value="FZZ997-J"/>
    <assigner>
      <reference value="Organization/G00001-G"/>
    </assigner>
  </identifier>
  <identifier>
    <use value="official"/>
    <system value="https://standards.digital.health.nz/ns/nzhis-facility-id"/>
    <value value="Z999"/>
    <assigner>
      <reference value="Organization/G00001-G"/>
    </assigner>
  </identifier>
  <status value="active"/>
  <name value="Live Facilty"/>
  <alias value="Live Facilty">
    <extension url="http://hl7.org.nz/fhir/StructureDefinition/alias-type">
      <valueCodeableConcept>
        <coding>
          <system value="https://standards.digital.health.nz/ns/alias-type-code"/>
          <version value="1.0"/>
          <code value="current"/>
          <display value="Current unverified or unofficial name"/>
        </coding>
        <text value="Current unverified or unofficial name"/>
      </valueCodeableConcept>
    </extension>
  </alias>
  <type>
    <coding>
      <system value="https://standards.digital.health.nz/ns/location-type-code"/>
      <version value="1.0"/>
      <code value="gpenrol"/>
      <display value="Enrolling GP Practice"/>
    </coding>
  </type>
  <telecom>
    <extension url="http://hl7.org.nz/fhir/StructureDefinition/edi-address">
      <valueCode value="healthlink"/>
    </extension>
    <system value="other"/>
    <value value="livefacedi"/>
    <use value="work"/>
    <rank value="3"/>
    <period>
      <start value="2022-01-01"/>
    </period>
  </telecom>
  <telecom>
    <system value="email"/>
    <value value="email007@email.co.nz"/>
    <use value="work"/>
    <rank value="1"/>
    <period>
      <start value="2013-01-02"/>
    </period>
  </telecom>
  <telecom>
    <system value="phone"/>
    <value value="021 222221"/>
    <use value="work"/>
    <rank value="2"/>
    <period>
      <start value="2013-01-02"/>
    </period>
  </telecom>
  <address>
    <extension url="http://hl7.org.nz/fhir/StructureDefinition/suburb">
      <valueString value="Wellington 6011"/>
    </extension>
    <extension url="http://hl7.org.nz/fhir/StructureDefinition/building-name">
      <valueString value="Building name for eSAM address 1112139"/>
    </extension>
    <use value="work"/>
    <type value="physical"/>
    <text value="Building name for eSAM address 1112139, 133 Molesworth Street, Thorndon, Wellington 6011"/>
    <line value="Thorndon"/>
    <line value="133 Molesworth Street"/>
  </address>
  <managingOrganization>
    <reference value="Organization/GZZ999-J"/>
    <display value="Verification Test Organisation"/>
  </managingOrganization>
</Location>