{
  "resourceType": "Location",
  "id": "FZZ999-B",
  "meta": {
    "profile": [
      "http://hl7.org.nz/fhir/StructureDefinition/HPILocation"
    ]
  },
  "text": {
    "status": "extensions",
    "div": "<div xmlns=\"http://www.w3.org/1999/xhtml\"><p><b>Generated Narrative</b></p><div style=\"display: inline-block; background-color: #d9e0e7; padding: 6px; margin: 4px; border: 1px solid #8da1b4; border-radius: 5px; line-height: 60%\"><p style=\"margin-bottom: 0px\">Resource \"FZZ999-B\" </p><p style=\"margin-bottom: 0px\">Profile: <a href=\"StructureDefinition-HpiLocation.html\">HPI Location</a></p></div><p><b>Established</b>: 2013-01-02 --&gt; (ongoing)</p><blockquote><p><b>Messaging Address</b></p><p><b>value</b>: healthlink</p><p><b>value</b>: nawtonhc</p></blockquote><p><b>identifier</b>: id: FZZ999-B (OFFICIAL), id: FZZ997-J (OLD), id: Z999 (OFFICIAL)</p><p><b>status</b>: active</p><p><b>name</b>: Live Facilty</p><p><b>alias</b>: Live Facilty</p><p><b>type</b>: Enrolling GP Practice <span style=\"background: LightGoldenRodYellow; margin: 4px; border: 1px solid khaki\"> (<a href=\"https://dev.d3ox9vcqia2rpj.amplifyapp.com/site/CodeSystem-hpi-location-type-1.0.html\">Location Type[1.0]</a>#gpenrol)</span></p><p><b>telecom</b>: livefacedi(WORK), <a href=\"mailto:email007@email.co.nz\">email007@email.co.nz</a>, ph: 021 222221(WORK)</p><p><b>address</b>: Building name for eSAM address 1112139, 133 Molesworth Street, Thorndon, Wellington 6011(WORK)</p><p><b>managingOrganization</b>: <a href=\"Organization/GZZ999-J\">Organization/GZZ999-J: Verification Test Organisation</a></p></div>"
  },
  "extension": [
    {
      "url": "http://hl7.org.nz/fhir/StructureDefinition/established",
      "valuePeriod": {
        "start": "2013-01-02"
      }
    },
    {
      "extension": [
        {
          "url": "provider",
          "valueString": "healthlink"
        },
        {
          "url": "value",
          "valueString": "nawtonhc"
        }
      ],
      "url": "http://hl7.org.nz/fhir/StructureDefinition/messaging-address"
    }
  ],
  "identifier": [
    {
      "use": "official",
      "system": "https://standards.digital.health.nz/ns/hpi-facility-id",
      "value": "FZZ999-B",
      "assigner": {
        "reference": "Organization/G00001-G"
      }
    },
    {
      "use": "old",
      "system": "https://standards.digital.health.nz/ns/hpi-facility-id",
      "value": "FZZ997-J",
      "assigner": {
        "reference": "Organization/G00001-G"
      }
    },
    {
      "use": "official",
      "system": "https://standards.digital.health.nz/ns/nzhis-facility-id",
      "value": "Z999",
      "assigner": {
        "reference": "Organization/G00001-G"
      }
    }
  ],
  "status": "active",
  "name": "Live Facilty",
  "alias": [
    "Live Facilty"
  ],
  "_alias": [
    {
      "extension": [
        {
          "url": "http://hl7.org.nz/fhir/StructureDefinition/alias-type",
          "valueCodeableConcept": {
            "coding": [
              {
                "system": "https://standards.digital.health.nz/ns/alias-type-code",
                "version": "1.0",
                "code": "current",
                "display": "Current unverified or unofficial name"
              }
            ],
            "text": "Current unverified or unofficial name"
          }
        }
      ]
    }
  ],
  "type": [
    {
      "coding": [
        {
          "system": "https://standards.digital.health.nz/ns/location-type-code",
          "version": "1.0",
          "code": "gpenrol",
          "display": "Enrolling GP Practice"
        }
      ]
    }
  ],
  "telecom": [
    {
      "extension": [
        {
          "url": "http://hl7.org.nz/fhir/StructureDefinition/edi-address",
          "valueCode": "healthlink"
        }
      ],
      "system": "other",
      "value": "livefacedi",
      "use": "work",
      "rank": 3,
      "period": {
        "start": "2022-01-01"
      }
    },
    {
      "system": "email",
      "value": "email007@email.co.nz",
      "use": "work",
      "rank": 1,
      "period": {
        "start": "2013-01-02"
      }
    },
    {
      "system": "phone",
      "value": "021 222221",
      "use": "work",
      "rank": 2,
      "period": {
        "start": "2013-01-02"
      }
    }
  ],
  "address": {
    "extension": [
      {
        "url": "http://hl7.org.nz/fhir/StructureDefinition/suburb",
        "valueString": "Wellington 6011"
      },
      {
        "url": "http://hl7.org.nz/fhir/StructureDefinition/building-name",
        "valueString": "Building name for eSAM address 1112139"
      }
    ],
    "use": "work",
    "type": "physical",
    "text": "Building name for eSAM address 1112139, 133 Molesworth Street, Thorndon, Wellington 6011",
    "line": [
      "Thorndon",
      "133 Molesworth Street"
    ]
  },
  "managingOrganization": {
    "reference": "Organization/GZZ999-J",
    "display": "Verification Test Organisation"
  }
}