<?xml version="1.0" encoding="UTF-8"?>

<Location xmlns="http://hl7.org/fhir">
  <id value="FZZ958-K"/>
  <meta>
    <versionId value="10803"/>
    <lastUpdated value="2022-11-09T12:00:14.000+13:00"/>
    <profile value="http://hl7.org.nz/fhir/StructureDefinition/HPILocation"/>
  </meta>
  <text>
    <status value="extensions"/><div xmlns="http://www.w3.org/1999/xhtml"><p><b>Generated Narrative: Location</b><a name="FZZ958-K"> </a></p><div style="display: inline-block; background-color: #d9e0e7; padding: 6px; margin: 4px; border: 1px solid #8da1b4; border-radius: 5px; line-height: 60%"><p style="margin-bottom: 0px">Resource Location &quot;FZZ958-K&quot; Version &quot;10803&quot; Updated &quot;2022-11-09 12:00:14+1300&quot; </p><p style="margin-bottom: 0px">Profile: <a href="StructureDefinition-HpiLocation.html">HPI Location</a></p></div><p><b>Established</b>: 1980-12-12 --&gt; (ongoing)</p><p><b>identifier</b>: id: FZZ958-K (use: OFFICIAL), id: 9987 (use: OFFICIAL)</p><p><b>status</b>: active</p><p><b>name</b>: Medical Centre Flat-Unit</p><p><b>alias</b>: Medical Centre Flat-Unit</p><p><b>type</b>: Enrolling GP Practice <span style="background: LightGoldenRodYellow; margin: 4px; border: 1px solid khaki"> (<a href="https://common-ig-v1-1-0.hip.digital.health.nz/site/CodeSystem-hpi-location-type-1.0.html">Location Type[1.0]</a>#gpenrol)</span></p><p><b>telecom</b>: ph: 021 555558(TEMP), ph: 021 464646(WORK)</p><p><b>address</b>: 2C/123 Molesworth Street, Thorndon, Wellington 6011(WORK)</p><p><b>managingOrganization</b>: <a href="Organization-GZZ956-B.html">Organization/GZZ956-B: Flat-Unit Address Org</a> &quot;Flat-Unit Address Org&quot;</p></div>
  </text>
  <extension url="http://hl7.org.nz/fhir/StructureDefinition/established">
    <valuePeriod>
      <start value="1980-12-12"/>
    </valuePeriod>
  </extension>
  <identifier>
    <use value="official"/>
    <system value="https://standards.digital.health.nz/ns/hpi-facility-id"/>
    <value value="FZZ958-K"/>
    <assigner>
      <reference value="Organization/G00001-G"/>
    </assigner>
  </identifier>
  <identifier>
    <use value="official"/>
    <system value="https://standards.digital.health.nz/ns/nzhis-facility-id"/>
    <value value="9987"/>
    <assigner>
      <reference value="Organization/G00001-G"/>
    </assigner>
  </identifier>
  <status value="active"/>
  <name value="Medical Centre Flat-Unit"/>
  <alias value="Medical Centre Flat-Unit">
    <extension url="http://hl7.org.nz/fhir/StructureDefinition/alias-type">
      <valueCodeableConcept>
        <coding>
          <system value="https://standards.digital.health.nz/ns/alias-type-code"/>
          <version value="1.0.0"/>
          <code value="current"/>
          <display value="Current unverified or unofficial name"/>
        </coding>
        <text value="Current unverified or unofficial name"/>
      </valueCodeableConcept>
    </extension>
  </alias>
  <type>
    <coding>
      <system value="https://standards.digital.health.nz/ns/location-type-code"/>
      <version value="1.0"/>
      <code value="gpenrol"/>
      <display value="Enrolling GP Practice"/>
    </coding>
  </type>
  <telecom>
    <system value="phone"/>
    <value value="021 555558"/>
    <use value="temp"/>
    <rank value="1"/>
    <period>
      <start value="1980-12-12"/>
    </period>
  </telecom>
  <telecom>
    <system value="phone"/>
    <value value="021 464646"/>
    <use value="work"/>
    <rank value="1"/>
    <period>
      <start value="1980-12-12"/>
    </period>
  </telecom>
  <address>
    <extension url="http://hl7.org.nz/fhir/StructureDefinition/suburb">
      <valueString value="Wellington 6011"/>
    </extension>
    <use value="work"/>
    <type value="physical"/>
    <text value="2C/123 Molesworth Street, Thorndon, Wellington 6011"/>
    <line value="Thorndon"/>
    <line value="2C/123 Molesworth Street"/>
  </address>
  <managingOrganization>
    <reference value="Organization/GZZ956-B"/>
    <display value="Flat-Unit Address Org"/>
  </managingOrganization>
</Location>