{
  "resourceType" : "Location",
  "id" : "FZZ941-D",
  "meta" : {
    "versionId" : "8954",
    "lastUpdated" : "2022-04-05T15:04:26.000+12:00",
    "profile" : ["http://hl7.org.nz/fhir/StructureDefinition/HPILocation"]
  },
  "text" : {
    "status" : "extensions",
    "div" : "<div xmlns=\"http://www.w3.org/1999/xhtml\"><p><b>Generated Narrative: Location</b><a name=\"FZZ941-D\"> </a></p><div style=\"display: inline-block; background-color: #d9e0e7; padding: 6px; margin: 4px; border: 1px solid #8da1b4; border-radius: 5px; line-height: 60%\"><p style=\"margin-bottom: 0px\">Resource Location &quot;FZZ941-D&quot; Version &quot;8954&quot; Updated &quot;2022-04-05 15:04:26+1200&quot; </p><p style=\"margin-bottom: 0px\">Profile: <a href=\"StructureDefinition-HpiLocation.html\">HPI Location</a></p></div><p><b>Established</b>: 2016-06-06 --&gt; 2019-09-09</p><p><b>District Health Board linked to a NZ Healthcare Service, Location or Patient</b>: Capital and Coast District Health Board <span style=\"background: LightGoldenRodYellow; margin: 4px; border: 1px solid khaki\"> (<a href=\"https://fhir.org.nz/ig/base//CodeSystem-dhb-code.html\">NZ DHB[1.0.0]</a>#G00036-D)</span></p><p><b>identifier</b>: <a href=\"https://fhir.org.nz/ig/base//NamingSystem-hpiFacility.html\" title=\"HPI facilities\">HPIFacility</a>/FZZ941-D\u00a0(use:\u00a0OFFICIAL)</p><p><b>status</b>: inactive</p><p><b>name</b>: Dental Clinic with Dist Date</p><p><b>alias</b>: Disestablished Dental, Dental Clinic with Dist Date</p><p><b>type</b>: Community Dental <span style=\"background: LightGoldenRodYellow; margin: 4px; border: 1px solid khaki\"> (<a href=\"https://common-ig-v1-3-1.hip.digital.health.nz/site/CodeSystem-hpi-location-type-1.0.html\">Location Type[1.0]</a>#dental)</span></p><p><b>telecom</b>: ph: 021 789878(WORK)</p><p><b>address</b>: Building name for eSAM address 1112139, 133 Molesworth Street, Thorndon 6011, Wellington(WORK)</p><p><b>managingOrganization</b>: <a href=\"Organization/GZZ908-B\">Organization/GZZ908-B: Org Disestablishment Date</a></p></div>"
  },
  "extension" : [{
    "url" : "http://hl7.org.nz/fhir/StructureDefinition/established",
    "valuePeriod" : {
      "start" : "2016-06-06",
      "end" : "2019-09-09"
    }
  },
  {
    "url" : "http://hl7.org.nz/fhir/StructureDefinition/dhb",
    "valueCodeableConcept" : {
      "coding" : [{
        "system" : "https://standards.digital.health.nz/ns/dhb-code",
        "version" : "1.0.0",
        "code" : "G00036-D",
        "display" : "Capital and Coast District Health Board"
      }],
      "text" : "Capital and Coast District Health Board"
    }
  }],
  "identifier" : [{
    "use" : "official",
    "system" : "https://standards.digital.health.nz/ns/hpi-facility-id",
    "value" : "FZZ941-D",
    "assigner" : {
      "reference" : "Organization/G00001-G"
    }
  }],
  "status" : "inactive",
  "name" : "Dental Clinic with Dist Date",
  "alias" : ["Disestablished Dental",
  "Dental Clinic with Dist Date"],
  "_alias" : [{
    "extension" : [{
      "url" : "http://hl7.org.nz/fhir/StructureDefinition/alias-type",
      "valueCodeableConcept" : {
        "coding" : [{
          "system" : "https://standards.digital.health.nz/ns/alias-type-code",
          "version" : "1.0.0",
          "code" : "aka",
          "display" : "Aka"
        }],
        "text" : "Aka"
      }
    }]
  },
  {
    "extension" : [{
      "url" : "http://hl7.org.nz/fhir/StructureDefinition/alias-type",
      "valueCodeableConcept" : {
        "coding" : [{
          "system" : "https://standards.digital.health.nz/ns/alias-type-code",
          "version" : "1.0.0",
          "code" : "current",
          "display" : "Current unverified or unofficial name"
        }],
        "text" : "Current unverified or unofficial name"
      }
    }]
  }],
  "type" : [{
    "coding" : [{
      "system" : "https://standards.digital.health.nz/ns/location-type-code",
      "version" : "1.0",
      "code" : "dental",
      "display" : "Community Dental"
    }]
  }],
  "telecom" : [{
    "system" : "phone",
    "value" : "021 789878",
    "use" : "work",
    "rank" : 1,
    "period" : {
      "start" : "2016-06-06"
    }
  }],
  "address" : {
    "id" : "1112139",
    "extension" : [{
      "extension" : [{
        "url" : "latitude",
        "valueDecimal" : -41.272975
      },
      {
        "url" : "longitude",
        "valueDecimal" : 174.777729
      }],
      "url" : "http://hl7.org.nz/fhir/StructureDefinition/nz-geocode"
    },
    {
      "url" : "http://hl7.org.nz/fhir/StructureDefinition/suburb",
      "valueString" : "Thorndon"
    },
    {
      "url" : "http://hl7.org.nz/fhir/StructureDefinition/building-name",
      "valueString" : "Building name for eSAM address 1112139"
    },
    {
      "url" : "http://hl7.org.nz/fhir/StructureDefinition/domicile-code",
      "valueCodeableConcept" : {
        "coding" : [{
          "system" : "https://standards.digital.health.nz/ns/domicile-code",
          "version" : "3.0",
          "code" : "2077",
          "display" : "Thorndon - Tinakori Road"
        }],
        "text" : "Thorndon - Tinakori Road"
      }
    }],
    "use" : "work",
    "type" : "physical",
    "text" : "Building name for eSAM address 1112139, 133 Molesworth Street, Thorndon 6011, Wellington",
    "line" : ["133 Molesworth Street"],
    "city" : "Wellington",
    "postalCode" : "6011"
  },
  "managingOrganization" : {
    "reference" : "Organization/GZZ908-B",
    "display" : "Org Disestablishment Date"
  }
}