<?xml version="1.0" encoding="UTF-8"?>

<Location xmlns="http://hl7.org/fhir">
  <id value="FZZ958-K"/>
  <meta>
    <profile value="http://hl7.org.nz/fhir/StructureDefinition/HPILocation"/>
  </meta>
  <text>
    <status value="extensions"/><div xmlns="http://www.w3.org/1999/xhtml"><p><b>Generated Narrative</b></p><div style="display: inline-block; background-color: #d9e0e7; padding: 6px; margin: 4px; border: 1px solid #8da1b4; border-radius: 5px; line-height: 60%"><p style="margin-bottom: 0px">Resource "FZZ958-K" </p><p style="margin-bottom: 0px">Profile: <a href="StructureDefinition-HpiLocation.html">HPI Location</a></p></div><p><b>Established</b>: 1980-12-12 --&gt; (ongoing)</p><p><b>identifier</b>: id: FZZ958-K (OFFICIAL), id: 9987 (OFFICIAL)</p><p><b>status</b>: active</p><p><b>name</b>: Medical Centre Flat-Unit</p><p><b>alias</b>: Medical Centre Flat-Unit</p><p><b>type</b>: Community Dental <span style="background: LightGoldenRodYellow; margin: 4px; border: 1px solid khaki"> (<a href="https://ig-common.hip-uat.digital.health.nz/site/CodeSystem-hpi-location-type-1.0.html">Location Type[1.0]</a>#dental)</span></p><p><b>telecom</b>: ph: 021 555558(TEMP), ph: 021 464646(WORK)</p><p><b>address</b>: Building name for eSAM address 0, 2C/123 Molesworth Street, Wellington, Thorndon(WORK)</p><p><b>managingOrganization</b>: <a href="Organization-GZZ956-B.html">Organization/GZZ956-B: Flat-Unit Address Org</a> "Flat-Unit Address Org"</p></div>
  </text>
  <extension url="http://hl7.org.nz/fhir/StructureDefinition/established">
    <valuePeriod>
      <start value="1980-12-12"/>
    </valuePeriod>
  </extension>
  <identifier>
    <use value="official"/>
    <system value="https://standards.digital.health.nz/ns/hpi-facility-id"/>
    <value value="FZZ958-K"/>
    <assigner>
      <reference value="Organization/G00001-G"/>
    </assigner>
  </identifier>
  <identifier>
    <use value="official"/>
    <system value="https://standards.digital.health.nz/ns/nzhis-facility-id"/>
    <value value="9987"/>
    <assigner>
      <reference value="Organization/G00001-G"/>
    </assigner>
  </identifier>
  <status value="active"/>
  <name value="Medical Centre Flat-Unit"/>
  <alias value="Medical Centre Flat-Unit">
    <extension url="http://hl7.org.nz/fhir/StructureDefinition/alias-type">
      <valueCodeableConcept>
        <coding>
          <system value="https://standards.digital.health.nz/ns/alias-type-code"/>
          <version value="1.0"/>
          <code value="current"/>
          <display value="Current unverified or unofficial name"/>
        </coding>
        <text value="Current unverified or unofficial name"/>
      </valueCodeableConcept>
    </extension>
  </alias>
  <type>
    <coding>
      <system value="https://standards.digital.health.nz/ns/location-type-code"/>
      <version value="1.0"/>
      <code value="dental"/>
      <display value="Community Dental"/>
    </coding>
  </type>
  <telecom>
    <system value="phone"/>
    <value value="021 555558"/>
    <use value="temp"/>
    <rank value="2"/>
    <period>
      <start value="1980-12-12"/>
    </period>
  </telecom>
  <telecom>
    <system value="phone"/>
    <value value="021 464646"/>
    <use value="work"/>
    <rank value="1"/>
    <period>
      <start value="1980-12-12"/>
    </period>
  </telecom>
  <address>
    <extension url="http://hl7.org.nz/fhir/StructureDefinition/suburb">
      <valueString value="Thorndon"/>
    </extension>
    <extension url="http://hl7.org.nz/fhir/StructureDefinition/building-name">
      <valueString value="Building name for eSAM address 0"/>
    </extension>
    <use value="work"/>
    <type value="physical"/>
    <text value="Building name for eSAM address 0, 2C/123 Molesworth Street, Wellington, Thorndon"/>
    <line value="Wellington"/>
    <line value="2C/123 Molesworth Street"/>
  </address>
  <managingOrganization>
    <reference value="Organization/GZZ956-B"/>
    <display value="Flat-Unit Address Org"/>
  </managingOrganization>
</Location>