<?xml version="1.0" encoding="UTF-8"?>

<Location xmlns="http://hl7.org/fhir">
  <id value="FZZ958-K"/>
  <meta>
    <versionId value="10803"/>
    <lastUpdated value="2022-11-09T12:00:14.000+13:00"/>
    <profile value="http://hl7.org.nz/fhir/StructureDefinition/HPILocation"/>
  </meta>
  <text>
    <status value="generated"/><div xmlns="http://www.w3.org/1999/xhtml"><p class="res-header-id"><b>Generated Narrative: Location FZZ958-K</b></p><a name="FZZ958-K"> </a><a name="hcFZZ958-K"> </a><a name="FZZ958-K-en-US"> </a><div style="display: inline-block; background-color: #d9e0e7; padding: 6px; margin: 4px; border: 1px solid #8da1b4; border-radius: 5px; line-height: 60%"><p style="margin-bottom: 0px">version: versionId: id (PrimitiveType/Location.meta.versionId): element = id -&gt; versionId=id[10803]; Last updated: 2022-11-09 12:00:14+1300</p><p style="margin-bottom: 0px">Profile: <a href="StructureDefinition-HpiLocation.html">HPI Location</a></p></div><p><b>identifier</b>: HPIFacility/FZZ958-K (use: official, ), HPIFacility/9987 (use: official, )</p><p><b>status</b>: Active</p><p><b>name</b>: Medical Centre Flat-Unit</p><p><b>alias</b>: Medical Centre Flat-Unit</p><p><b>type</b>: <span title="Codes:{https://standards.digital.health.nz/ns/location-type-code gpenrol}">Enrolling GP Practice</span></p><p><b>telecom</b>: ph: 021 555558(Temp), ph: 021 464646(Work)</p><p><b>address</b>: 123 Molesworth Street, Thorndon 6011, Wellington(work)</p><p><b>managingOrganization</b>: <a href="Organization-GZZ956-B.html">Flat-Unit Address Org</a></p></div>
  </text>
  <extension url="http://hl7.org.nz/fhir/StructureDefinition/established">
    <valuePeriod>
      <start value="1980-12-12"/>
    </valuePeriod>
  </extension>
  <extension url="http://hl7.org.nz/fhir/StructureDefinition/dhb">
    <valueCodeableConcept>
      <coding>
        <system value="https://standards.digital.health.nz/ns/dhb-code"/>
        <version value="1.0.0"/>
        <code value="G00036-D"/>
        <display value="Capital and Coast District Health Board"/>
      </coding>
      <text value="Capital and Coast District Health Board"/>
    </valueCodeableConcept>
  </extension>
  <identifier>
    <use value="official"/>
    <system value="https://standards.digital.health.nz/ns/hpi-facility-id"/>
    <value value="FZZ958-K"/>
    <assigner>
      <reference value="Organization/G00001-G"/>
    </assigner>
  </identifier>
  <identifier>
    <use value="official"/>
    <system value="https://standards.digital.health.nz/ns/nzhis-facility-id"/>
    <value value="9987"/>
    <assigner>
      <reference value="Organization/G00001-G"/>
    </assigner>
  </identifier>
  <status value="active"/>
  <name value="Medical Centre Flat-Unit"/>
  <alias value="Medical Centre Flat-Unit">
    <extension url="http://hl7.org.nz/fhir/StructureDefinition/alias-type">
      <valueCodeableConcept>
        <coding>
          <system value="https://standards.digital.health.nz/ns/alias-type-code"/>
          <version value="1.0.0"/>
          <code value="current"/>
          <display value="Current unverified or unofficial name"/>
        </coding>
        <text value="Current unverified or unofficial name"/>
      </valueCodeableConcept>
    </extension>
  </alias>
  <type>
    <coding>
      <system value="https://standards.digital.health.nz/ns/location-type-code"/>
      <version value="1.0"/>
      <code value="gpenrol"/>
      <display value="Enrolling GP Practice"/>
    </coding>
  </type>
  <telecom>
    <system value="phone"/>
    <value value="021 555558"/>
    <use value="temp"/>
    <rank value="1"/>
    <period>
      <start value="1980-12-12"/>
    </period>
  </telecom>
  <telecom>
    <system value="phone"/>
    <value value="021 464646"/>
    <use value="work"/>
    <rank value="1"/>
    <period>
      <start value="1980-12-12"/>
    </period>
  </telecom>
  <address id="1517156">
    <extension url="http://hl7.org.nz/fhir/StructureDefinition/nz-geocode">
      <extension url="latitude">
        <valueDecimal value="-41.273494"/>
      </extension>
      <extension url="longitude">
        <valueDecimal value="174.777705"/>
      </extension>
    </extension>
    <extension url="http://hl7.org.nz/fhir/StructureDefinition/suburb">
      <valueString value="Thorndon"/>
    </extension>
    <extension url="http://hl7.org.nz/fhir/StructureDefinition/domicile-code">
      <valueCodeableConcept>
        <coding>
          <system value="https://standards.digital.health.nz/ns/domicile-code"/>
          <version value="3.0"/>
          <code value="2077"/>
          <display value="Thorndon - Tinakori Road"/>
        </coding>
        <text value="Thorndon - Tinakori Road"/>
      </valueCodeableConcept>
    </extension>
    <use value="work"/>
    <type value="physical"/>
    <text value="123 Molesworth Street, Thorndon 6011, Wellington"/>
    <line value="123 Molesworth Street"/>
    <city value="Wellington"/>
    <postalCode value="6011"/>
  </address>
  <managingOrganization>
    <reference value="Organization/GZZ956-B"/>
    <display value="Flat-Unit Address Org"/>
  </managingOrganization>
</Location>