{
  "resourceType" : "Organization",
  "id" : "GZZ991-D",
  "meta" : {
    "versionId" : "8961",
    "lastUpdated" : "2022-04-05T15:04:28.000+12:00",
    "profile" : ["http://hl7.org.nz/fhir/StructureDefinition/HPIOrganization"]
  },
  "text" : {
    "status" : "generated",
    "div" : "<div xmlns=\"http://www.w3.org/1999/xhtml\"><p class=\"res-header-id\"><b>Generated Narrative: Organization GZZ991-D</b></p><a name=\"GZZ991-D\"> </a><a name=\"hcGZZ991-D\"> </a><a name=\"GZZ991-D-en-US\"> </a><div style=\"display: inline-block; background-color: #d9e0e7; padding: 6px; margin: 4px; border: 1px solid #8da1b4; border-radius: 5px; line-height: 60%\"><p style=\"margin-bottom: 0px\">version: 8961; Last updated: 2022-04-05 15:04:28+1200</p><p style=\"margin-bottom: 0px\">Profile: <a href=\"StructureDefinition-HpiOrganization.html\">HPI Organization</a></p></div><p><b>identifier</b>: HPIOrganization/GZZ991-D\u00a0(use:\u00a0official,\u00a0), HPIOrganization/9006\u00a0(use:\u00a0official,\u00a0), NBN/9999999999009\u00a0(use:\u00a0official,\u00a0)</p><p><b>active</b>: true</p><p><b>type</b>: <span title=\"Codes:{https://standards.digital.health.nz/ns/organisation-type-code 008}\">Education Institutions</span></p><p><b>name</b>: Second Name</p><p><b>alias</b>: Wha Name, Third Name, Second Name, Multiple Names Org</p><p><b>telecom</b>: <a href=\"mailto:ghi@email.com\">ghi@email.com</a>, ph: 027 123555(Work)</p><p><b>partOf</b>: <a href=\"Organization/GZZ836-C\">Multiple sub-organisation</a></p></div>"
  },
  "extension" : [{
    "url" : "http://hl7.org.nz/fhir/StructureDefinition/established",
    "valuePeriod" : {
      "start" : "2009-09-09"
    }
  }],
  "identifier" : [{
    "use" : "official",
    "system" : "https://standards.digital.health.nz/ns/hpi-organisation-id",
    "value" : "GZZ991-D",
    "assigner" : {
      "reference" : "Organization/G00001-G"
    }
  },
  {
    "use" : "official",
    "system" : "https://standards.digital.health.nz/ns/nzhis-agency-id",
    "value" : "9006",
    "assigner" : {
      "reference" : "Organization/G00001-G"
    }
  },
  {
    "use" : "official",
    "system" : "https://standards.digital.health.nz/ns/hpi-nzbn",
    "value" : "9999999999009",
    "assigner" : {
      "reference" : "Organization/MBIE"
    }
  }],
  "active" : true,
  "type" : [{
    "coding" : [{
      "system" : "https://standards.digital.health.nz/ns/organisation-type-code",
      "version" : "1.1",
      "code" : "008",
      "display" : "Education Institutions"
    }]
  }],
  "name" : "Second Name",
  "alias" : ["Wha Name",
  "Third Name",
  "Second Name",
  "Multiple Names Org"],
  "_alias" : [{
    "extension" : [{
      "url" : "http://hl7.org.nz/fhir/StructureDefinition/alias-type",
      "valueCodeableConcept" : {
        "coding" : [{
          "system" : "https://standards.digital.health.nz/ns/alias-type-code",
          "version" : "1.0.0",
          "code" : "maori",
          "display" : "Māori"
        }],
        "text" : "Māori"
      }
    }]
  },
  {
    "extension" : [{
      "url" : "http://hl7.org.nz/fhir/StructureDefinition/alias-type",
      "valueCodeableConcept" : {
        "coding" : [{
          "system" : "https://standards.digital.health.nz/ns/alias-type-code",
          "version" : "1.0.0",
          "code" : "aka",
          "display" : "Aka"
        }],
        "text" : "Aka"
      }
    }]
  },
  {
    "extension" : [{
      "url" : "http://hl7.org.nz/fhir/StructureDefinition/alias-type",
      "valueCodeableConcept" : {
        "coding" : [{
          "system" : "https://standards.digital.health.nz/ns/alias-type-code",
          "version" : "1.0.0",
          "code" : "trade-as",
          "display" : "Trading as"
        }],
        "text" : "Trading as"
      }
    }]
  },
  {
    "extension" : [{
      "url" : "http://hl7.org.nz/fhir/StructureDefinition/alias-type",
      "valueCodeableConcept" : {
        "coding" : [{
          "system" : "https://standards.digital.health.nz/ns/alias-type-code",
          "version" : "1.0.0",
          "code" : "legal",
          "display" : "Legal"
        }],
        "text" : "Legal"
      }
    }]
  }],
  "telecom" : [{
    "system" : "email",
    "value" : "ghi@email.com",
    "use" : "work",
    "rank" : 1,
    "period" : {
      "start" : "2019-11-11"
    }
  },
  {
    "system" : "phone",
    "value" : "027 123555",
    "use" : "work",
    "rank" : 2,
    "period" : {
      "start" : "2019-11-11"
    }
  }],
  "partOf" : {
    "reference" : "Organization/GZZ836-C",
    "display" : "Multiple sub-organisation"
  }
}