{
  "resourceType" : "Organization",
  "id" : "GZZ956-B",
  "meta" : {
    "versionId" : "8910",
    "lastUpdated" : "2022-04-05T15:04:16.000+12:00",
    "profile" : ["http://hl7.org.nz/fhir/StructureDefinition/HPIOrganization"]
  },
  "text" : {
    "status" : "generated",
    "div" : "<div xmlns=\"http://www.w3.org/1999/xhtml\"><p class=\"res-header-id\"><b>Generated Narrative: Organization GZZ956-B</b></p><a name=\"GZZ956-B\"> </a><a name=\"hcGZZ956-B\"> </a><a name=\"GZZ956-B-en-US\"> </a><div style=\"display: inline-block; background-color: #d9e0e7; padding: 6px; margin: 4px; border: 1px solid #8da1b4; border-radius: 5px; line-height: 60%\"><p style=\"margin-bottom: 0px\">version: 8910; Last updated: 2022-04-05 15:04:16+1200</p><p style=\"margin-bottom: 0px\">Profile: <a href=\"StructureDefinition-HpiOrganization.html\">HPI Organization</a></p></div><p><b>identifier</b>: HPIOrganization/GZZ956-B\u00a0(use:\u00a0official,\u00a0), NBN/9999999999041\u00a0(use:\u00a0official,\u00a0)</p><p><b>active</b>: true</p><p><b>type</b>: <span title=\"Codes:{https://standards.digital.health.nz/ns/organisation-type-code 999}\">Other</span></p><p><b>name</b>: Flat-Unit Address Org</p><p><b>alias</b>: Flat-Unit Address Org</p><p><b>telecom</b>: ph: 021 101010(Work)</p></div>"
  },
  "extension" : [{
    "url" : "http://hl7.org.nz/fhir/StructureDefinition/established",
    "valuePeriod" : {
      "start" : "2018-05-20"
    }
  }],
  "identifier" : [{
    "use" : "official",
    "system" : "https://standards.digital.health.nz/ns/hpi-organisation-id",
    "value" : "GZZ956-B",
    "assigner" : {
      "reference" : "Organization/G00001-G"
    }
  },
  {
    "use" : "official",
    "system" : "https://standards.digital.health.nz/ns/hpi-nzbn",
    "value" : "9999999999041",
    "assigner" : {
      "reference" : "Organization/MBIE"
    }
  }],
  "active" : true,
  "type" : [{
    "coding" : [{
      "system" : "https://standards.digital.health.nz/ns/organisation-type-code",
      "version" : "1.1",
      "code" : "999",
      "display" : "Other"
    }]
  }],
  "name" : "Flat-Unit Address Org",
  "alias" : ["Flat-Unit Address Org"],
  "_alias" : [{
    "extension" : [{
      "url" : "http://hl7.org.nz/fhir/StructureDefinition/alias-type",
      "valueCodeableConcept" : {
        "coding" : [{
          "system" : "https://standards.digital.health.nz/ns/alias-type-code",
          "version" : "1.0.0",
          "code" : "legal",
          "display" : "Legal"
        }],
        "text" : "Legal"
      }
    }]
  }],
  "telecom" : [{
    "system" : "phone",
    "value" : "021 101010",
    "use" : "work",
    "rank" : 1,
    "period" : {
      "start" : "1970-01-01"
    }
  }]
}