<?xml version="1.0" encoding="UTF-8"?>

<Organization xmlns="http://hl7.org/fhir">
  <id value="GZZ991-D"/>
  <meta>
    <versionId value="8961"/>
    <lastUpdated value="2022-04-05T15:04:28.000+12:00"/>
    <profile value="http://hl7.org.nz/fhir/StructureDefinition/HPIOrganization"/>
  </meta>
  <text>
    <status value="generated"/><div xmlns="http://www.w3.org/1999/xhtml"><p class="res-header-id"><b>Generated Narrative: Organization GZZ991-D</b></p><a name="GZZ991-D"> </a><a name="hcGZZ991-D"> </a><a name="GZZ991-D-en-US"> </a><div style="display: inline-block; background-color: #d9e0e7; padding: 6px; margin: 4px; border: 1px solid #8da1b4; border-radius: 5px; line-height: 60%"><p style="margin-bottom: 0px">version: versionId: id (PrimitiveType/Organization.meta.versionId): element = id -&gt; versionId=id[8961]; Last updated: 2022-04-05 15:04:28+1200</p><p style="margin-bottom: 0px">Profile: <a href="StructureDefinition-HpiOrganization.html">HPI Organization</a></p></div><p><b>identifier</b>: HPIOrganization/GZZ991-D (use: official, ), HPIOrganization/9006 (use: official, ), NBN/9999999999009 (use: official, )</p><p><b>active</b>: true</p><p><b>type</b>: <span title="Codes:{https://standards.digital.health.nz/ns/organisation-type-code 008}">Education Institutions</span></p><p><b>name</b>: Second Name</p><p><b>alias</b>: Wha Name, Third Name, Second Name, Multiple Names Org</p><p><b>telecom</b>: <a href="mailto:ghi@email.com">ghi@email.com</a>, ph: 027 123555(Work)</p><p><b>partOf</b>: <a href="Organization/GZZ836-C">Multiple sub-organisation</a></p></div>
  </text>
  <extension url="http://hl7.org.nz/fhir/StructureDefinition/established">
    <valuePeriod>
      <start value="2009-09-09"/>
    </valuePeriod>
  </extension>
  <identifier>
    <use value="official"/>
    <system value="https://standards.digital.health.nz/ns/hpi-organisation-id"/>
    <value value="GZZ991-D"/>
    <assigner>
      <reference value="Organization/G00001-G"/>
    </assigner>
  </identifier>
  <identifier>
    <use value="official"/>
    <system value="https://standards.digital.health.nz/ns/nzhis-agency-id"/>
    <value value="9006"/>
    <assigner>
      <reference value="Organization/G00001-G"/>
    </assigner>
  </identifier>
  <identifier>
    <use value="official"/>
    <system value="https://standards.digital.health.nz/ns/hpi-nzbn"/>
    <value value="9999999999009"/>
    <assigner>
      <reference value="Organization/MBIE"/>
    </assigner>
  </identifier>
  <active value="true"/>
  <type>
    <coding>
      <system value="https://standards.digital.health.nz/ns/organisation-type-code"/>
      <version value="1.1"/>
      <code value="008"/>
      <display value="Education Institutions"/>
    </coding>
  </type>
  <name value="Second Name"/>
  <alias value="Wha Name">
    <extension url="http://hl7.org.nz/fhir/StructureDefinition/alias-type">
      <valueCodeableConcept>
        <coding>
          <system value="https://standards.digital.health.nz/ns/alias-type-code"/>
          <version value="1.0.0"/>
          <code value="maori"/>
          <display value="Māori"/>
        </coding>
        <text value="Māori"/>
      </valueCodeableConcept>
    </extension>
  </alias>
  <alias value="Third Name">
    <extension url="http://hl7.org.nz/fhir/StructureDefinition/alias-type">
      <valueCodeableConcept>
        <coding>
          <system value="https://standards.digital.health.nz/ns/alias-type-code"/>
          <version value="1.0.0"/>
          <code value="aka"/>
          <display value="Aka"/>
        </coding>
        <text value="Aka"/>
      </valueCodeableConcept>
    </extension>
  </alias>
  <alias value="Second Name">
    <extension url="http://hl7.org.nz/fhir/StructureDefinition/alias-type">
      <valueCodeableConcept>
        <coding>
          <system value="https://standards.digital.health.nz/ns/alias-type-code"/>
          <version value="1.0.0"/>
          <code value="trade-as"/>
          <display value="Trading as"/>
        </coding>
        <text value="Trading as"/>
      </valueCodeableConcept>
    </extension>
  </alias>
  <alias value="Multiple Names Org">
    <extension url="http://hl7.org.nz/fhir/StructureDefinition/alias-type">
      <valueCodeableConcept>
        <coding>
          <system value="https://standards.digital.health.nz/ns/alias-type-code"/>
          <version value="1.0.0"/>
          <code value="legal"/>
          <display value="Legal"/>
        </coding>
        <text value="Legal"/>
      </valueCodeableConcept>
    </extension>
  </alias>
  <telecom>
    <system value="email"/>
    <value value="ghi@email.com"/>
    <use value="work"/>
    <rank value="1"/>
    <period>
      <start value="2019-11-11"/>
    </period>
  </telecom>
  <telecom>
    <system value="phone"/>
    <value value="027 123555"/>
    <use value="work"/>
    <rank value="2"/>
    <period>
      <start value="2019-11-11"/>
    </period>
  </telecom>
  <partOf>
    <reference value="Organization/GZZ836-C"/>
    <display value="Multiple sub-organisation"/>
  </partOf>
</Organization>