{
  "resourceType": "Organization",
  "id": "G00001G",
  "meta": {
    "profile": [
      "http://hl7.org.nz/fhir/StructureDefinition/HpiOrganization"
    ]
  },
  "text": {
    "status": "extensions",
    "div": "<div xmlns=\"http://www.w3.org/1999/xhtml\"><p><b>Generated Narrative</b></p><div style=\"display: inline-block; background-color: #d9e0e7; padding: 6px; margin: 4px; border: 1px solid #8da1b4; border-radius: 5px; line-height: 60%\"><p style=\"margin-bottom: 0px\">Resource \"G00001G\" </p><p style=\"margin-bottom: 0px\">Profile: <a href=\"StructureDefinition-HpiOrganization.html\">HPI Organization</a></p></div><p><b>Established</b>: 1900-01-01 --&gt; (ongoing)</p><p><b>identifier</b>: id: G00001-G (OFFICIAL)</p><p><b>active</b>: true</p><p><b>type</b>: Other <span style=\"background: LightGoldenRodYellow; margin: 4px; border: 1px solid khaki\"> (<a href=\"https://dev.d3ox9vcqia2rpj.amplifyapp.com/site/CodeSystem-hpi-organisation-type-1.1.html\">Organisation Type[1.1]</a>#999)</span></p><p><b>name</b>: Ministry of Health</p><p><b>alias</b>: Ministry of Health</p><p><b>telecom</b>: <a href=\"mailto:info@health.govt.nz\">info@health.govt.nz</a>, ph: 33 2546124(WORK)</p></div>"
  },
  "extension": [
    {
      "url": "http://hl7.org.nz/fhir/StructureDefinition/established",
      "valuePeriod": {
        "start": "1900-01-01"
      }
    }
  ],
  "identifier": [
    {
      "use": "official",
      "system": "https://standards.digital.health.nz/ns/hpi-organisation-id",
      "value": "G00001-G"
    }
  ],
  "active": true,
  "type": [
    {
      "coding": [
        {
          "system": "https://standards.digital.health.nz/ns/organisation-type-code",
          "version": "1.1",
          "code": "999",
          "display": "Other"
        }
      ]
    }
  ],
  "name": "Ministry of Health",
  "alias": [
    "Ministry of Health"
  ],
  "_alias": [
    {
      "extension": [
        {
          "url": "http://hl7.org.nz/fhir/StructureDefinition/alias-type",
          "valueCodeableConcept": {
            "coding": [
              {
                "system": "https://standards.digital.health.nz/ns/alias-type-code",
                "version": "1.0",
                "code": "legal",
                "display": "Legal"
              }
            ],
            "text": "Legal"
          }
        }
      ]
    }
  ],
  "telecom": [
    {
      "system": "email",
      "value": "info@health.govt.nz",
      "use": "work",
      "rank": 1,
      "period": {
        "start": "2010-01-01"
      }
    },
    {
      "system": "phone",
      "value": "33 2546124",
      "use": "work",
      "rank": 2
    }
  ]
}