<?xml version="1.0" encoding="UTF-8"?>

<PractitionerRole xmlns="http://hl7.org/fhir">
  <id value="R00000029-P"/>
  <meta>
    <versionId value="4"/>
    <lastUpdated value="2022-11-23T11:10:39.516+13:00"/>
    <profile value="http://hl7.org.nz/fhir/StructureDefinition/HPIPractitionerRole"/>
    <security>
      <system value="http://terminology.hl7.org/CodeSystem/v3-Confidentiality"/>
      <code value="M"/>
    </security>
  </meta>
  <text>
    <status value="generated"/><div xmlns="http://www.w3.org/1999/xhtml"><p class="res-header-id"><b>Generated Narrative: PractitionerRole R00000029-P</b></p><a name="R00000029-P"> </a><a name="hcR00000029-P"> </a><a name="R00000029-P-en-US"> </a><div style="display: inline-block; background-color: #d9e0e7; padding: 6px; margin: 4px; border: 1px solid #8da1b4; border-radius: 5px; line-height: 60%"><p style="margin-bottom: 0px">version: 4; Last updated: 2022-11-23 11:10:39+1300</p><p style="margin-bottom: 0px">Profile: <a href="StructureDefinition-HPIPractitionerRole.html">HPI Practitioner role</a></p><p style="margin-bottom: 0px">Security Label: moderate (Details: Confidentiality code M  = ' moderate ', stated as ' null ')</p></div><p><b>identifier</b>: HPIPractitionerRole/R00000029-P (use: official, )</p><p><b>active</b>: true</p><p><b>period</b>: 2011-05-06 --&gt; (ongoing)</p><p><b>practitioner</b>: <a href="Practitioner-90ZZLP.html">Practitioner: identifier = https://standards.digital.health.nz/ns/hpi-person-id#HPIProvider#90ZZLP (use: official, )</a></p><p><b>organization</b>: <a href="Organization/GZZ998-G">Organization/GZZ998-G</a></p><p><b>code</b>: <span title="Codes:{http://www.abs.gov.au/ausstats/abs@.nsf/mf/1220.0 542111}">Receptionist (General)</span></p><p><b>location</b>: <a href="Location-FZZ999-B.html">Location Live Facilty</a></p><p><b>telecom</b>: ph: 1324654769(Work), <a href="mailto:saranya@test.com">saranya@test.com</a>, <a href="90ZZLP@contactme.com">90ZZLP@contactme.com</a>, 1324654765(Work), ph: 1324654767(Work), ph: 1324654766(Temp), ph: 1324654768(Work)</p></div>
  </text>
  <extension url="http://hl7.org.nz/fhir/StructureDefinition/practitionerRole-creator">
    <extension url="person">
      <valueReference>
        <reference value="Person/testall"/>
      </valueReference>
    </extension>
    <extension url="organization">
      <valueReference>
        <reference value="Organization/G00001-G"/>
      </valueReference>
    </extension>
  </extension>
  <extension url="http://hl7.org.nz/fhir/StructureDefinition/messaging-address">
    <extension url="provider">
      <valueString value="healthlink"/>
    </extension>
    <extension url="value">
      <valueString value="changed-edi-address"/>
    </extension>
  </extension>
  <identifier>
    <use value="official"/>
    <system value="https://standards.digital.health.nz/ns/hpi-practitionerrole-id"/>
    <value value="R00000029-P"/>
    <assigner>
      <reference value="Organization/G00001-G"/>
    </assigner>
  </identifier>
  <active value="true"/>
  <period>
    <start value="2011-05-06"/>
  </period>
  <practitioner>
    <reference value="Practitioner/90ZZLP"/>
  </practitioner>
  <organization>
    <reference value="Organization/GZZ998-G"/>
  </organization>
  <code>
    <coding>
      <system value="http://www.abs.gov.au/ausstats/abs@.nsf/mf/1220.0"/>
      <version value="1.2"/>
      <code value="542111"/>
      <display value="Receptionist (General)"/>
    </coding>
    <text value="Receptionist (General)"/>
  </code>
  <location>
    <reference value="Location/FZZ999-B"/>
  </location>
  <telecom>
    <system value="phone"/>
    <value value="1324654769"/>
    <use value="work"/>
    <rank value="1"/>
    <period>
      <start value="2011-05-06"/>
    </period>
  </telecom>
  <telecom>
    <system value="email"/>
    <value value="saranya@test.com"/>
    <use value="work"/>
    <rank value="2"/>
    <period>
      <start value="2011-05-06"/>
    </period>
  </telecom>
  <telecom>
    <system value="url"/>
    <value value="90ZZLP@contactme.com"/>
    <use value="work"/>
    <rank value="1"/>
    <period>
      <start value="2011-05-06"/>
    </period>
  </telecom>
  <telecom>
    <system value="sms"/>
    <value value="1324654765"/>
    <use value="work"/>
    <rank value="1"/>
    <period>
      <start value="2011-05-06"/>
    </period>
  </telecom>
  <telecom>
    <system value="phone"/>
    <value value="1324654767"/>
    <use value="work"/>
    <rank value="3"/>
    <period>
      <start value="2011-05-06"/>
    </period>
  </telecom>
  <telecom>
    <system value="phone"/>
    <value value="1324654766"/>
    <use value="temp"/>
    <rank value="1"/>
    <period>
      <start value="2011-05-06"/>
    </period>
  </telecom>
  <telecom>
    <system value="phone"/>
    <value value="1324654768"/>
    <use value="work"/>
    <rank value="2"/>
    <period>
      <start value="2011-05-06"/>
    </period>
  </telecom>
</PractitionerRole>