<?xml version="1.0" encoding="UTF-8"?>

<PractitionerRole xmlns="http://hl7.org/fhir">
  <id value="R00000012-G"/>
  <meta>
    <versionId value="0"/>
    <profile value="http://hl7.org.nz/fhir/StructureDefinition/HPIPractitionerRole"/>
  </meta>
  <text>
    <status value="extensions"/><div xmlns="http://www.w3.org/1999/xhtml"><p><b>Generated Narrative: PractitionerRole</b><a name="R00000012-G"> </a></p><div style="display: inline-block; background-color: #d9e0e7; padding: 6px; margin: 4px; border: 1px solid #8da1b4; border-radius: 5px; line-height: 60%"><p style="margin-bottom: 0px">Resource PractitionerRole &quot;R00000012-G&quot; Version &quot;0&quot; </p><p style="margin-bottom: 0px">Profile: <a href="StructureDefinition-HPIPractitionerRole.html">HPI Practitioner role</a></p></div><p><b>PractitionerRoleStatusReason</b>: Other <span style="background: LightGoldenRodYellow; margin: 4px; border: 1px solid khaki"> (<a href="http://build.fhir.org/ig/HL7NZ/nzbase/branches/master/CodeSystem-hpi-practitionerRole-status-reason.html">PractitionerRole status reason[1.0]</a>#other)</span></p><blockquote><p><b>PractitionerRoleCreator</b></p><p><b>value</b>: <a href="Person/testall">Person/testall</a></p><p><b>value</b>: <a href="Organization/G00001-G">Organization/G00001-G</a></p></blockquote><p><b>identifier</b>: id: R00000012-G (use: OFFICIAL)</p><p><b>active</b>: false</p><p><b>period</b>: 2000-02-10 --&gt; 2010-05-02</p><p><b>practitioner</b>: <a href="Practitioner-90ZZLP.html">Practitioner/90ZZLP</a> &quot; MULCAHY&quot;</p><p><b>organization</b>: <a href="Organization/GZZ998-G">Organization/GZZ998-G</a></p><p><b>code</b>: Medical Receptionist <span style="background: LightGoldenRodYellow; margin: 4px; border: 1px solid khaki"> (<a href="https://nzhts.digital.health.nz/ig/hip-common-terminology/CodeSystem-ANZCO-occupations-2013-1.2.html">ANZSCO - Australian and New Zealand Standard Classification of Occupations, 2013[1.2]</a>#542114)</span></p><p><b>location</b>: <a href="Location-FZZ999-B.html">Location/FZZ999-B</a> &quot;Live Facilty&quot;</p><p><b>telecom</b>: <a href="mailto:info@info.com">info@info.com</a>, ph: 1324654769(WORK)</p></div>
  </text>
  <extension url="http://hl7.org.nz/fhir/StructureDefinition/practitionerRole-status-reason">
    <valueCodeableConcept>
      <coding>
        <system value="https://standards.digital.health.nz/ns/hpi-practitioner-role-status-reason-code"/>
        <version value="1.0"/>
        <code value="other"/>
        <display value="Other"/>
      </coding>
      <text value="Other"/>
    </valueCodeableConcept>
  </extension>
  <extension url="http://hl7.org.nz/fhir/StructureDefinition/practitionerRole-creator">
    <extension url="person">
      <valueReference>
        <reference value="Person/testall"/>
      </valueReference>
    </extension>
    <extension url="organization">
      <valueReference>
        <reference value="Organization/G00001-G"/>
      </valueReference>
    </extension>
  </extension>
  <identifier>
    <use value="official"/>
    <system value="https://standards.digital.health.nz/ns/hpi-practitionerrole-id"/>
    <value value="R00000012-G"/>
    <assigner>
      <reference value="Organization/G00001-G"/>
    </assigner>
  </identifier>
  <active value="false"/>
  <period>
    <start value="2000-02-10"/>
    <end value="2010-05-02"/>
  </period>
  <practitioner>
    <reference value="Practitioner/90ZZLP"/>
  </practitioner>
  <organization>
    <reference value="Organization/GZZ998-G"/>
  </organization>
  <code>
    <coding>
      <system value="http://www.abs.gov.au/ausstats/abs@.nsf/mf/1220.0"/>
      <version value="1.2"/>
      <code value="542114"/>
      <display value="Medical Receptionist"/>
    </coding>
    <text value="Medical Receptionist"/>
  </code>
  <location>
    <reference value="Location/FZZ999-B"/>
  </location>
  <telecom>
    <system value="email"/>
    <value value="info@info.com"/>
    <use value="work"/>
    <rank value="2"/>
    <period>
      <start value="2000-02-10"/>
      <end value="2010-05-02"/>
    </period>
  </telecom>
  <telecom>
    <system value="phone"/>
    <value value="1324654769"/>
    <use value="work"/>
    <rank value="1"/>
    <period>
      <start value="2000-02-10"/>
      <end value="2010-05-02"/>
    </period>
  </telecom>
</PractitionerRole>