<?xml version="1.0" encoding="UTF-8"?>

<Practitioner xmlns="http://hl7.org/fhir">
  <id value="98ZZYU"/>
  <meta>
    <profile value="http://hl7.org.nz/fhir/StructureDefinition/HpiPractitioner"/>
  </meta>
  <text>
    <status value="extensions"/><div xmlns="http://www.w3.org/1999/xhtml"><p><b>Generated Narrative</b></p><div style="display: inline-block; background-color: #d9e0e7; padding: 6px; margin: 4px; border: 1px solid #8da1b4; border-radius: 5px; line-height: 60%"><p style="margin-bottom: 0px">Resource "98ZZYU" </p><p style="margin-bottom: 0px">Profile: <code>http://hl7.org.nz/fhir/StructureDefinition/HpiPractitioner</code></p></div><p><b>NZ Ethnicity</b>: New Zealand European <span style="background: LightGoldenRodYellow; margin: 4px; border: 1px solid khaki"> (<a href="https://dev.d3ox9vcqia2rpj.amplifyapp.com/site/CodeSystem-ethnic05-2.0.html">Ethnicity lvl 4. v2005 2.0[2.0]</a>#11111)</span></p><blockquote><p><b>EducationalQualification</b></p><p><b>value</b>: Bachelor of Medicine Bachelor of Surgery</p><p><b>value</b>: 1993-01-01</p><p><b>value</b>: University of Sheffield</p><p><b>value</b>: SHEFFIELD</p><p><b>value</b>: UNITED KINGDOM</p></blockquote><blockquote><p><b>EducationalQualification</b></p><p><b>value</b>: Fellowship of the Royal College of Physicians of London</p><p><b>value</b>: 1998-01-01</p><p><b>value</b>: Royal College of Physicians of London</p><p><b>value</b>: LONDON</p><p><b>value</b>: UNITED KINGDOM</p></blockquote><p><b>identifier</b>: id: 98ZZYU (OFFICIAL), id: 99462 (OFFICIAL)</p><p><b>name</b>: Doctor TestOne Practitioner-Status Practitioner-Current(OFFICIAL)</p><p><b>gender</b>: male</p><p><b>birthDate</b>: 1970-01-24</p><h3>Qualifications</h3><table class="grid"><tr><td>-</td><td><b>Extension</b></td><td><b>ModifierExtension</b></td><td><b>Identifier</b></td><td><b>Code</b></td><td><b>Period</b></td><td><b>Issuer</b></td></tr><tr><td>*</td><td>, , , </td><td></td><td>id: 99462 (OFFICIAL)</td><td>Medical Council of New Zealand Register Number (MC) <span style="background: LightGoldenRodYellow; margin: 4px; border: 1px solid khaki"> (<a href="https://dev.d3ox9vcqia2rpj.amplifyapp.com/site/CodeSystem-hpi-registration-type-2.0.html">HPI Registration Type[2.0]</a>#MC)</span></td><td>2019-09-24 --&gt; 2120-09-23</td><td><a href="Organization/G00004-B">Organization/G00004-B</a></td></tr></table><p><b>communication</b>: English <span style="background: LightGoldenRodYellow; margin: 4px; border: 1px solid khaki"> (<a href="https://dev.d3ox9vcqia2rpj.amplifyapp.com/site/CodeSystem-iso639-3-2007.html">ISO 639-3:2007 (3-alpha language code)[2007]</a>#eng)</span></p></div>
  </text>
  <extension url="http://hl7.org.nz/fhir/StructureDefinition/nz-ethnicity">
    <valueCodeableConcept>
      <coding>
        <system value="https://standards.digital.health.nz/ns/ethnic-group-level-4-code"/>
        <version value="2.0"/>
        <code value="11111"/>
        <display value="New Zealand European"/>
      </coding>
      <text value="New Zealand European"/>
    </valueCodeableConcept>
  </extension>
  <extension url="http://hl7.org.nz/fhir/StructureDefinition/educational-qualification">
    <extension url="fullname">
      <valueString value="Bachelor of Medicine Bachelor of Surgery"/>
    </extension>
    <extension url="year">
      <valueDate value="1993"/>
    </extension>
    <extension url="institution">
      <valueString value="University of Sheffield"/>
    </extension>
    <extension url="city">
      <valueString value="SHEFFIELD"/>
    </extension>
    <extension url="country">
      <valueString value="UNITED KINGDOM"/>
    </extension>
  </extension>
  <extension url="http://hl7.org.nz/fhir/StructureDefinition/educational-qualification">
    <extension url="fullname">
      <valueString value="Fellowship of the Royal College of Physicians of London"/>
    </extension>
    <extension url="year">
      <valueDate value="1998"/>
    </extension>
    <extension url="institution">
      <valueString value="Royal College of Physicians of London"/>
    </extension>
    <extension url="city">
      <valueString value="LONDON"/>
    </extension>
    <extension url="country">
      <valueString value="UNITED KINGDOM"/>
    </extension>
  </extension>
  <identifier>
    <use value="official"/>
    <system value="https://standards.digital.health.nz/ns/hpi-person-id"/>
    <value value="98ZZYU"/>
    <assigner>
      <reference value="Organization/G00001-G"/>
    </assigner>
  </identifier>
  <identifier>
    <use value="official"/>
    <system value="https://standards.digital.health.nz/ns/medical-council-id"/>
    <value value="99462"/>
    <assigner>
      <reference value="Organization/G00004-B"/>
    </assigner>
  </identifier>
  <name>
    <use value="official"/>
    <text value="Doctor TestOne Practitioner-Status Practitioner-Current"/>
    <family value="Practitioner-Current"/>
    <given value="TestOne"/>
    <given value="Practitioner-Status"/>
    <prefix value="Doctor"/>
  </name>
  <gender value="male"/>
  <birthDate value="1970-01-24"/>
  <qualification>
    <extension url="http://hl7.org.nz/fhir/StructureDefinition/scope-of-practice">
      <extension url="code">
        <valueCodeableConcept>
          <coding>
            <system value="https://standards.digital.health.nz/ns/practitioner-scope-of-practice-code"/>
            <version value="1.0"/>
            <code value="MCGE"/>
            <display value="General Scope of Practice"/>
          </coding>
          <text value="General Scope of Practice"/>
        </valueCodeableConcept>
      </extension>
      <extension url="description">
        <valueString value="General Scope of Practice"/>
      </extension>
      <extension url="period">
        <valuePeriod>
          <start value="2000-01-24"/>
          <end value="2121-01-24"/>
        </valuePeriod>
      </extension>
    </extension>
    <extension url="http://hl7.org.nz/fhir/StructureDefinition/scope-of-practice">
      <extension url="code">
        <valueCodeableConcept>
          <coding>
            <system value="https://standards.digital.health.nz/ns/practitioner-scope-of-practice-code"/>
            <version value="1.0"/>
            <code value="MCPG"/>
            <display value="Provisional General Scope of Practice"/>
          </coding>
          <text value="Provisional General Scope of Practice"/>
        </valueCodeableConcept>
      </extension>
      <extension url="description">
        <valueString value="Provisional General Scope of Practice"/>
      </extension>
      <extension url="period">
        <valuePeriod>
          <start value="2001-01-24"/>
          <end value="2121-01-24"/>
        </valuePeriod>
      </extension>
    </extension>
    <extension url="http://hl7.org.nz/fhir/StructureDefinition/condition-on-practice">
      <extension url="description">
        <valueString value="Dr Practitioner-Current is required to participate in an approved recertification programme relevant to the vocational scope of General Practice."/>
      </extension>
      <extension url="period">
        <valuePeriod>
          <start value="2019-09-24"/>
          <end value="2120-09-23"/>
        </valuePeriod>
      </extension>
    </extension>
    <extension url="http://hl7.org.nz/fhir/StructureDefinition/registration-initial-date">
      <valueDate value="1994-12-11"/>
    </extension>
    <modifierExtension url="http://hl7.org.nz/fhir/StructureDefinition/registration-status-code">
      <valueCodeableConcept>
        <coding>
          <system value="https://standards.digital.health.nz/ns/practitioner-registration-status-code"/>
          <version value="2.0"/>
          <code value="current"/>
          <display value="Current"/>
        </coding>
        <text value="Current"/>
      </valueCodeableConcept>
    </modifierExtension>
    <identifier>
      <use value="official"/>
      <system value="https://standards.digital.health.nz/ns/medical-council-id"/>
      <value value="99462"/>
      <assigner>
        <reference value="Organization/G00004-B"/>
      </assigner>
    </identifier>
    <code>
      <coding>
        <system value="https://standards.digital.health.nz/ns/practitioner-registration-authority-code"/>
        <version value="2.0"/>
        <code value="MC"/>
        <display value="Medical Council of New Zealand Register Number (MC)"/>
      </coding>
      <text value="Medical Council of New Zealand Register Number (MC)"/>
    </code>
    <period>
      <start value="2019-09-24"/>
      <end value="2120-09-23"/>
    </period>
    <issuer>
      <reference value="Organization/G00004-B"/>
    </issuer>
  </qualification>
  <communication>
    <coding>
      <system value="urn:iso:std:iso:639:-3"/>
      <version value="2007"/>
      <code value="eng"/>
      <display value="English"/>
    </coding>
    <text value="English"/>
  </communication>
</Practitioner>