<?xml version="1.0" encoding="UTF-8"?>

<Practitioner xmlns="http://hl7.org/fhir">
  <id value="95ZZDR"/>
  <meta>
    <profile value="http://hl7.org.nz/fhir/StructureDefinition/HpiPractitioner"/>
  </meta>
  <text>
    <status value="extensions"/><div xmlns="http://www.w3.org/1999/xhtml"><p><b>Generated Narrative</b></p><div style="display: inline-block; background-color: #d9e0e7; padding: 6px; margin: 4px; border: 1px solid #8da1b4; border-radius: 5px; line-height: 60%"><p style="margin-bottom: 0px">Resource "95ZZDR" </p><p style="margin-bottom: 0px">Profile: <code>http://hl7.org.nz/fhir/StructureDefinition/HpiPractitioner</code></p></div><p><b>NZ Ethnicity</b>: New Zealand European <span style="background: LightGoldenRodYellow; margin: 4px; border: 1px solid khaki"> (<a href="https://dev.d3ox9vcqia2rpj.amplifyapp.com/site/CodeSystem-ethnic05-2.0.html">Ethnicity lvl 4. v2005 2.0[2.0]</a>#11111)</span></p><blockquote><p><b>EducationalQualification</b></p><p><b>value</b>: Bachelor of Nursing</p><p><b>value</b>: 2009-01-01</p><p><b>value</b>: Massey University</p><p><b>value</b>: PALMERSTON NORTH</p><p><b>value</b>: NEW ZEALAND</p></blockquote><p><b>identifier</b>: id: 95ZZDR (OFFICIAL), id: 962068 (OFFICIAL)</p><p><b>name</b>:  TestFour Tworegistrations Nurse-Psychologist(OFFICIAL)</p><p><b>gender</b>: female</p><p><b>birthDate</b>: 1970-03-06</p><h3>Qualifications</h3><table class="grid"><tr><td>-</td><td><b>Extension</b></td><td><b>ModifierExtension</b></td><td><b>Identifier</b></td><td><b>Code</b></td><td><b>Period</b></td><td><b>Issuer</b></td></tr><tr><td>*</td><td>, , </td><td></td><td>id: 962068 (OFFICIAL)</td><td>Nursing Council of New Zealand Register Number (NC) <span style="background: LightGoldenRodYellow; margin: 4px; border: 1px solid khaki"> (<a href="https://dev.d3ox9vcqia2rpj.amplifyapp.com/site/CodeSystem-hpi-registration-type-2.0.html">HPI Registration Type[2.0]</a>#NC)</span></td><td>2019-02-03 --&gt; 2120-02-03</td><td><a href="Organization/G00008-K">Organization/G00008-K</a></td></tr></table><p><b>communication</b>: English <span style="background: LightGoldenRodYellow; margin: 4px; border: 1px solid khaki"> (<a href="https://dev.d3ox9vcqia2rpj.amplifyapp.com/site/CodeSystem-iso639-3-2007.html">ISO 639-3:2007 (3-alpha language code)[2007]</a>#eng)</span></p></div>
  </text>
  <extension url="http://hl7.org.nz/fhir/StructureDefinition/nz-ethnicity">
    <valueCodeableConcept>
      <coding>
        <system value="https://standards.digital.health.nz/ns/ethnic-group-level-4-code"/>
        <version value="2.0"/>
        <code value="11111"/>
        <display value="New Zealand European"/>
      </coding>
      <text value="New Zealand European"/>
    </valueCodeableConcept>
  </extension>
  <extension url="http://hl7.org.nz/fhir/StructureDefinition/educational-qualification">
    <extension url="fullname">
      <valueString value="Bachelor of Nursing"/>
    </extension>
    <extension url="year">
      <valueDate value="2009"/>
    </extension>
    <extension url="institution">
      <valueString value="Massey University"/>
    </extension>
    <extension url="city">
      <valueString value="PALMERSTON NORTH"/>
    </extension>
    <extension url="country">
      <valueString value="NEW ZEALAND"/>
    </extension>
  </extension>
  <identifier>
    <use value="official"/>
    <system value="https://standards.digital.health.nz/ns/hpi-person-id"/>
    <value value="95ZZDR"/>
    <assigner>
      <reference value="Organization/G00001-G"/>
    </assigner>
  </identifier>
  <identifier>
    <use value="official"/>
    <system value="https://standards.digital.health.nz/ns/nursing-council-id"/>
    <value value="962068"/>
    <assigner>
      <reference value="Organization/G00008-K"/>
    </assigner>
  </identifier>
  <name>
    <use value="official"/>
    <text value=" TestFour Tworegistrations Nurse-Psychologist"/>
    <family value="Nurse-Psychologist"/>
    <given value="TestFour"/>
    <given value="Tworegistrations"/>
  </name>
  <gender value="female"/>
  <birthDate value="1970-03-06"/>
  <qualification>
    <extension url="http://hl7.org.nz/fhir/StructureDefinition/scope-of-practice">
      <extension url="code">
        <valueCodeableConcept>
          <coding>
            <system value="https://standards.digital.health.nz/ns/practitioner-scope-of-practice-code"/>
            <version value="1.0"/>
            <code value="NCRN"/>
            <display value="Registered Nurse"/>
          </coding>
          <text value="Registered Nurse"/>
        </valueCodeableConcept>
      </extension>
      <extension url="description">
        <valueString value="Registered Nurse"/>
      </extension>
      <extension url="period">
        <valuePeriod>
          <start value="2009-04-10"/>
          <end value="2029-03-29"/>
        </valuePeriod>
      </extension>
    </extension>
    <extension url="http://hl7.org.nz/fhir/StructureDefinition/condition-on-practice">
      <extension url="description">
        <valueString value="NCEN May only work with health consumers with stable and predictable health outcomes"/>
      </extension>
      <extension url="period">
        <valuePeriod>
          <start value="2009-04-10"/>
        </valuePeriod>
      </extension>
    </extension>
    <extension url="http://hl7.org.nz/fhir/StructureDefinition/registration-initial-date">
      <valueDate value="2009-02-03"/>
    </extension>
    <modifierExtension url="http://hl7.org.nz/fhir/StructureDefinition/registration-status-code">
      <valueCodeableConcept>
        <coding>
          <system value="https://standards.digital.health.nz/ns/practitioner-registration-status-code"/>
          <version value="2.0"/>
          <code value="current"/>
          <display value="Current"/>
        </coding>
        <text value="Current"/>
      </valueCodeableConcept>
    </modifierExtension>
    <identifier>
      <use value="official"/>
      <system value="https://standards.digital.health.nz/ns/nursing-council-id"/>
      <value value="962068"/>
      <assigner>
        <reference value="Organization/G00008-K"/>
      </assigner>
    </identifier>
    <code>
      <coding>
        <system value="https://standards.digital.health.nz/ns/practitioner-registration-authority-code"/>
        <version value="2.0"/>
        <code value="NC"/>
        <display value="Nursing Council of New Zealand Register Number (NC)"/>
      </coding>
      <text value="Nursing Council of New Zealand Register Number (NC)"/>
    </code>
    <period>
      <start value="2019-02-03"/>
      <end value="2120-02-03"/>
    </period>
    <issuer>
      <reference value="Organization/G00008-K"/>
    </issuer>
  </qualification>
  <communication>
    <coding>
      <system value="urn:iso:std:iso:639:-3"/>
      <version value="2007"/>
      <code value="eng"/>
      <display value="English"/>
    </coding>
    <text value="English"/>
  </communication>
</Practitioner>