<?xml version="1.0" encoding="UTF-8"?>

<Practitioner xmlns="http://hl7.org/fhir">
  <id value="90ZZLC"/>
  <meta>
    <profile value="http://hl7.org.nz/fhir/StructureDefinition/HPIPractitioner"/>
  </meta>
  <text>
    <status value="extensions"/><div xmlns="http://www.w3.org/1999/xhtml"><p><b>Generated Narrative</b></p><div style="display: inline-block; background-color: #d9e0e7; padding: 6px; margin: 4px; border: 1px solid #8da1b4; border-radius: 5px; line-height: 60%"><p style="margin-bottom: 0px">Resource "90ZZLC" </p><p style="margin-bottom: 0px">Profile: <a href="StructureDefinition-HPIPractitioner.html">HPI Practitioner</a></p></div><p><b>NZ Ethnicity</b>: New Zealand European <span style="background: LightGoldenRodYellow; margin: 4px; border: 1px solid khaki"> (<a href="https://dev.d3ox9vcqia2rpj.amplifyapp.com/site/CodeSystem-ethnic05-2.0.html">Ethnicity lvl 4. v2005 2.0[2.0]</a>#11111)</span></p><p><b>identifier</b>: id: 90ZZLC (OFFICIAL)</p><p><b>name</b>: Maxwell Quentin Klinger (OFFICIAL)</p><p><b>gender</b>: male</p><p><b>birthDate</b>: 1934-07-01</p><p><b>communication</b>: English <span style="background: LightGoldenRodYellow; margin: 4px; border: 1px solid khaki"> (<a href="https://dev.d3ox9vcqia2rpj.amplifyapp.com/site/CodeSystem-iso639-3-2007.html">ISO 639-3:2007 (3-alpha language code)[2007]</a>#eng)</span></p></div>
  </text>
  <extension url="http://hl7.org.nz/fhir/StructureDefinition/nz-ethnicity">
    <valueCodeableConcept>
      <coding>
        <system value="https://standards.digital.health.nz/ns/ethnic-group-level-4-code"/>
        <version value="2.0"/>
        <code value="11111"/>
        <display value="New Zealand European"/>
      </coding>
      <text value="New Zealand European"/>
    </valueCodeableConcept>
  </extension>
  <identifier>
    <use value="official"/>
    <system value="https://standards.digital.health.nz/ns/hpi-person-id"/>
    <value value="90ZZLC"/>
    <assigner>
      <reference value="Organization/G00001G"/>
    </assigner>
  </identifier>
  <name>
    <use value="official"/>
    <family value="Klinger"/>
    <given value="Maxwell"/>
    <given value="Quentin"/>
    <prefix value="cpl"/>
  </name>
  <gender value="male"/>
  <birthDate value="1934-07-01"/>
  <communication>
    <coding>
      <system value="urn:iso:std:iso:639:-3"/>
      <version value="2007"/>
      <code value="eng"/>
      <display value="English"/>
    </coding>
    <text value="English"/>
  </communication>
</Practitioner>