<?xml version="1.0" encoding="UTF-8"?>

<Practitioner xmlns="http://hl7.org/fhir">
  <id value="92ZZRE"/>
  <meta>
    <versionId value="10673"/>
    <lastUpdated value="2022-10-14T08:04:23.000+13:00"/>
    <profile value="http://hl7.org.nz/fhir/StructureDefinition/HPIPractitioner"/>
    <security>
      <system value="http://terminology.hl7.org/CodeSystem/v3-Confidentiality"/>
      <code value="M"/>
    </security>
  </meta>
  <text>
    <status value="generated"/><div xmlns="http://www.w3.org/1999/xhtml"><p><b>Generated Narrative: Practitioner</b><a name="92ZZRE"> </a></p><div style="display: inline-block; background-color: #d9e0e7; padding: 6px; margin: 4px; border: 1px solid #8da1b4; border-radius: 5px; line-height: 60%"><p style="margin-bottom: 0px">Resource Practitioner &quot;92ZZRE&quot; Version &quot;10673&quot; Updated &quot;2022-10-14 08:04:23+1300&quot; </p><p style="margin-bottom: 0px">Profile: <a href="StructureDefinition-HPIPractitioner.html">HPI Practitioner</a></p><p style="margin-bottom: 0px">Security Labels: <span title="{http://terminology.hl7.org/CodeSystem/v3-Confidentiality http://terminology.hl7.org/CodeSystem/v3-Confidentiality}">http://terminology.hl7.org/CodeSystem/v3-Confidentiality</span></p></div><p><b>identifier</b>: <a href="https://fhir.org.nz/ig/base//NamingSystem-hpiProvider.html" title="HPI providers">HPIProvider</a>/92ZZRE (use: OFFICIAL)</p><p><b>name</b>: Walter Eugene O'Reilly (OFFICIAL), Radar (OLD)</p><p><b>communication</b>: English <span style="background: LightGoldenRodYellow; margin: 4px; border: 1px solid khaki"> (<a href="https://common-ig-v1-3-1.hip.digital.health.nz/site/CodeSystem-iso639-3-2007.html">ISO 639-3:2007 (3-alpha language code)[2007]</a>#eng)</span></p></div>
  </text>
  <identifier>
    <use value="official"/>
    <system value="https://standards.digital.health.nz/ns/hpi-person-id"/>
    <value value="92ZZRE"/>
    <assigner>
      <reference value="Organization/G00001-G"/>
    </assigner>
  </identifier>
  <name>
    <use value="official"/>
    <family value="O'Reilly"/>
    <given value="Walter"/>
    <given value="Eugene"/>
    <prefix value="cpl"/>
  </name>
  <name>
    <use value="old"/>
    <given value="Radar"/>
  </name>
  <communication>
    <coding>
      <system value="urn:iso:std:iso:639:-3"/>
      <version value="2007"/>
      <code value="eng"/>
      <display value="English"/>
    </coding>
    <text value="English"/>
  </communication>
</Practitioner>