<?xml version="1.0" encoding="UTF-8"?>

<Practitioner xmlns="http://hl7.org/fhir">
  <id value="98ZZQJ"/>
  <meta>
    <versionId value="10594"/>
    <lastUpdated value="2022-08-30T14:34:08.000+12:00"/>
    <profile value="http://hl7.org.nz/fhir/StructureDefinition/HPIPractitioner"/>
    <security>
      <system value="http://terminology.hl7.org/CodeSystem/v3-Confidentiality"/>
      <code value="L"/>
    </security>
  </meta>
  <text>
    <status value="extensions"/><div xmlns="http://www.w3.org/1999/xhtml"><p><b>Generated Narrative: Practitioner</b><a name="98ZZQJ"> </a></p><div style="display: inline-block; background-color: #d9e0e7; padding: 6px; margin: 4px; border: 1px solid #8da1b4; border-radius: 5px; line-height: 60%"><p style="margin-bottom: 0px">Resource Practitioner &quot;98ZZQJ&quot; Version &quot;10594&quot; Updated &quot;2022-08-30 14:34:08+1200&quot; </p><p style="margin-bottom: 0px">Profile: <a href="StructureDefinition-HPIPractitioner.html">HPI Practitioner</a></p><p style="margin-bottom: 0px">Security Labels: <span title="{http://terminology.hl7.org/CodeSystem/v3-Confidentiality http://terminology.hl7.org/CodeSystem/v3-Confidentiality}">http://terminology.hl7.org/CodeSystem/v3-Confidentiality</span></p></div><blockquote><p><b>EducationalQualification</b></p><blockquote><p><b>url</b></p><code>fullname</code></blockquote><p><b>value</b>: Bachelor of Midwifery</p><blockquote><p><b>url</b></p><code>year</code></blockquote><p><b>value</b>: 2019</p><blockquote><p><b>url</b></p><code>institution</code></blockquote><p><b>value</b>: Auckland University of Technology</p><blockquote><p><b>url</b></p><code>city</code></blockquote><p><b>value</b>: AUCKLAND</p><blockquote><p><b>url</b></p><code>country</code></blockquote><p><b>value</b>: NZ</p></blockquote><blockquote><p><b>EducationalQualification</b></p><blockquote><p><b>url</b></p><code>fullname</code></blockquote><p><b>value</b>: Bachelor of Nursing (Maori)</p><blockquote><p><b>url</b></p><code>year</code></blockquote><p><b>value</b>: 2009</p><blockquote><p><b>url</b></p><code>institution</code></blockquote><p><b>value</b>: Whitireia Polytechnic</p><blockquote><p><b>url</b></p><code>city</code></blockquote><p><b>value</b>: PALMERSTON NORTH</p><blockquote><p><b>url</b></p><code>country</code></blockquote><p><b>value</b>: NZ</p></blockquote><p><b>identifier</b>: HPIProvider/98ZZQJ (use: OFFICIAL), HPIProvider/90ZZGJ (use: OLD), NZNC/962054 (use: OFFICIAL), NZMidwife/95579 (use: OFFICIAL)</p><p><b>name</b>: TestTwo Tworegistrations Nurse-Midwife (OFFICIAL)</p><blockquote><p><b>qualification</b></p><blockquote><p><b>RegistrationStatusCode</b></p><blockquote><p><b>url</b></p><code>status</code></blockquote><p><b>value</b>: A provider who holds or is deemed to hold a current practising certificate. <span style="background: LightGoldenRodYellow; margin: 4px; border: 1px solid khaki"> (<a href="file:///Users/davidhay/IG/nzbase/output/CodeSystem-practitioner-registration-status-code.html">Registration Status of Practitioners[2.0]</a>#current)</span></p><blockquote><p><b>url</b></p><code>period</code></blockquote><p><b>value</b>: 2019-02-01 --&gt; 2120-02-01</p></blockquote><blockquote><p><b>ScopeOfPractice</b></p><blockquote><p><b>url</b></p><a href="http://hl7.org/fhir/R4/datatypes.html#code">code</a></blockquote><p><b>value</b>: Registered Nurse <span style="background: LightGoldenRodYellow; margin: 4px; border: 1px solid khaki"> (<a href="file:///Users/davidhay/IG/nzbase/output/CodeSystem-scopeOfPractice.html">Scope of practice[1.0.0]</a>#NCRN)</span></p><blockquote><p><b>url</b></p><code>period</code></blockquote><p><b>value</b>: 2009-04-08 --&gt; 2029-03-27</p></blockquote><blockquote><p><b>ConditionOnPractice</b></p><blockquote><p><b>url</b></p><code>description</code></blockquote><p><b>value</b>: NCRN Must have a competence assessment completed by a senior nurse within three months</p><blockquote><p><b>url</b></p><code>period</code></blockquote><p><b>value</b>: 2009-04-08 --&gt; (ongoing)</p></blockquote><p><b>RegistrationInitialDate</b>: 2009-02-01</p><p><b>identifier</b>: NZNC/962054 (use: OFFICIAL)</p><p><b>code</b>: Nursing Council of New Zealand Register Number <span style="background: LightGoldenRodYellow; margin: 4px; border: 1px solid khaki"> (<a href="https://common-ig-v1-3-1.hip.digital.health.nz/site/CodeSystem-hpi-registration-type-2.0.html">HPI Registration Type[2.0]</a>#NC)</span></p><p><b>period</b>: 2019-02-01 --&gt; 2120-02-01</p><p><b>issuer</b>: <a href="Organization/G00008-K">Organization/G00008-K</a></p></blockquote><blockquote><p><b>qualification</b></p><blockquote><p><b>RegistrationStatusCode</b></p><blockquote><p><b>url</b></p><code>status</code></blockquote><p><b>value</b>: A provider who holds or is deemed to hold a current practising certificate. <span style="background: LightGoldenRodYellow; margin: 4px; border: 1px solid khaki"> (<a href="file:///Users/davidhay/IG/nzbase/output/CodeSystem-practitioner-registration-status-code.html">Registration Status of Practitioners[2.0]</a>#current)</span></p><blockquote><p><b>url</b></p><code>period</code></blockquote><p><b>value</b>: 2020-12-10 --&gt; 2023-12-11</p></blockquote><blockquote><p><b>ScopeOfPractice</b></p><blockquote><p><b>url</b></p><a href="http://hl7.org/fhir/R4/datatypes.html#code">code</a></blockquote><p><b>value</b>: Registered Nurse <span style="background: LightGoldenRodYellow; margin: 4px; border: 1px solid khaki"> (<a href="file:///Users/davidhay/IG/nzbase/output/CodeSystem-scopeOfPractice.html">Scope of practice[1.0.0]</a>#NCRN)</span></p><blockquote><p><b>url</b></p><code>period</code></blockquote><p><b>value</b>: 2019-04-08 --&gt; 2122-04-11</p></blockquote><blockquote><p><b>ScopeOfPractice</b></p><blockquote><p><b>url</b></p><a href="http://hl7.org/fhir/R4/datatypes.html#code">code</a></blockquote><p><b>value</b>: Midwife <span style="background: LightGoldenRodYellow; margin: 4px; border: 1px solid khaki"> (<a href="file:///Users/davidhay/IG/nzbase/output/CodeSystem-scopeOfPractice.html">Scope of practice[1.0.0]</a>#MWIF)</span></p><blockquote><p><b>url</b></p><code>period</code></blockquote><p><b>value</b>: 2019-04-08 --&gt; 2122-04-11</p></blockquote><blockquote><p><b>ConditionOnPractice</b></p><blockquote><p><b>url</b></p><code>description</code></blockquote><p><b>value</b>: NCRN Must have a competence assessment completed by a senior nurse within three months</p><blockquote><p><b>url</b></p><code>period</code></blockquote><p><b>value</b>: 2019-04-08 --&gt; (ongoing)</p></blockquote><p><b>RegistrationInitialDate</b>: 2020-02-01</p><p><b>identifier</b>: NZMidwife/95579 (use: OFFICIAL)</p><p><b>code</b>: Midwifery Council Register Number <span style="background: LightGoldenRodYellow; margin: 4px; border: 1px solid khaki"> (<a href="https://common-ig-v1-3-1.hip.digital.health.nz/site/CodeSystem-hpi-registration-type-2.0.html">HPI Registration Type[2.0]</a>#MW)</span></p><p><b>period</b>: 2020-12-10 --&gt; 2022-12-11</p><p><b>issuer</b>: <a href="Organization/G00009-A">Organization/G00009-A</a></p></blockquote><p><b>communication</b>: English <span style="background: LightGoldenRodYellow; margin: 4px; border: 1px solid khaki"> (<a href="https://common-ig-v1-3-1.hip.digital.health.nz/site/CodeSystem-iso639-3-2007.html">ISO 639-3:2007 (3-alpha language code)[2007]</a>#eng)</span>, English <span style="background: LightGoldenRodYellow; margin: 4px; border: 1px solid khaki"> (<a href="https://common-ig-v1-3-1.hip.digital.health.nz/site/CodeSystem-iso639-3-2007.html">ISO 639-3:2007 (3-alpha language code)[2007]</a>#eng)</span></p></div>
  </text>
  <extension url="http://hl7.org.nz/fhir/StructureDefinition/educational-qualification">
    <extension url="fullname">
      <valueString value="Bachelor of Midwifery"/>
    </extension>
    <extension url="year">
      <valueDate value="2019"/>
    </extension>
    <extension url="institution">
      <valueString value="Auckland University of Technology"/>
    </extension>
    <extension url="city">
      <valueString value="AUCKLAND"/>
    </extension>
    <extension url="country">
      <valueString value="NZ"/>
    </extension>
  </extension>
  <extension url="http://hl7.org.nz/fhir/StructureDefinition/educational-qualification">
    <extension url="fullname">
      <valueString value="Bachelor of Nursing (Maori)"/>
    </extension>
    <extension url="year">
      <valueDate value="2009"/>
    </extension>
    <extension url="institution">
      <valueString value="Whitireia Polytechnic"/>
    </extension>
    <extension url="city">
      <valueString value="PALMERSTON NORTH"/>
    </extension>
    <extension url="country">
      <valueString value="NZ"/>
    </extension>
  </extension>
  <identifier>
    <use value="official"/>
    <system value="https://standards.digital.health.nz/ns/hpi-person-id"/>
    <value value="98ZZQJ"/>
    <assigner>
      <reference value="Organization/G00001-G"/>
    </assigner>
  </identifier>
  <identifier>
    <use value="old"/>
    <system value="https://standards.digital.health.nz/ns/hpi-person-id"/>
    <value value="90ZZGJ"/>
    <assigner>
      <reference value="Organization/G00001-G"/>
    </assigner>
  </identifier>
  <identifier>
    <use value="official"/>
    <system value="https://standards.digital.health.nz/ns/nursing-council-id"/>
    <value value="962054"/>
    <assigner>
      <reference value="Organization/G00008-K"/>
    </assigner>
  </identifier>
  <identifier>
    <use value="official"/>
    <system value="https://standards.digital.health.nz/ns/midwifery-council-id"/>
    <value value="95579"/>
    <assigner>
      <reference value="Organization/G00009-A"/>
    </assigner>
  </identifier>
  <name>
    <use value="official"/>
    <family value="Nurse-Midwife"/>
    <given value="TestTwo"/>
    <given value="Tworegistrations"/>
    <prefix value="mrs"/>
  </name>
  <qualification>
    <extension url="http://hl7.org.nz/fhir/StructureDefinition/registration-status-code">
      <extension url="status">
        <valueCodeableConcept>
          <coding>
            <system value="https://standards.digital.health.nz/ns/practitioner-registration-status-code"/>
            <version value="2.0"/>
            <code value="current"/>
            <display value="A provider who holds or is deemed to hold a current practising certificate."/>
          </coding>
          <text value="A provider who holds or is deemed to hold a current practising certificate."/>
        </valueCodeableConcept>
      </extension>
      <extension url="period">
        <valuePeriod>
          <start value="2019-02-01"/>
          <end value="2120-02-01"/>
        </valuePeriod>
      </extension>
    </extension>
    <extension url="http://hl7.org.nz/fhir/StructureDefinition/scope-of-practice">
      <extension url="code">
        <valueCodeableConcept>
          <coding>
            <system value="https://standards.digital.health.nz/ns/practitioner-scope-of-practice-code"/>
            <version value="1.0.0"/>
            <code value="NCRN"/>
            <display value="Registered Nurse"/>
          </coding>
          <text value="Registered Nurse"/>
        </valueCodeableConcept>
      </extension>
      <extension url="period">
        <valuePeriod>
          <start value="2009-04-08"/>
          <end value="2029-03-27"/>
        </valuePeriod>
      </extension>
    </extension>
    <extension url="http://hl7.org.nz/fhir/StructureDefinition/condition-on-practice">
      <extension url="description">
        <valueString value="NCRN Must have a competence assessment completed by a senior nurse within three months"/>
      </extension>
      <extension url="period">
        <valuePeriod>
          <start value="2009-04-08"/>
        </valuePeriod>
      </extension>
    </extension>
    <extension url="http://hl7.org.nz/fhir/StructureDefinition/registration-initial-date">
      <valueDate value="2009-02-01"/>
    </extension>
    <identifier>
      <use value="official"/>
      <system value="https://standards.digital.health.nz/ns/nursing-council-id"/>
      <value value="962054"/>
      <assigner>
        <reference value="Organization/G00008-K"/>
      </assigner>
    </identifier>
    <code>
      <coding>
        <system value="https://standards.digital.health.nz/ns/practitioner-registration-authority-code"/>
        <version value="2.0"/>
        <code value="NC"/>
        <display value="Nursing Council of New Zealand Register Number"/>
      </coding>
      <text value="Nursing Council of New Zealand Register Number"/>
    </code>
    <period>
      <start value="2019-02-01"/>
      <end value="2120-02-01"/>
    </period>
    <issuer>
      <reference value="Organization/G00008-K"/>
    </issuer>
  </qualification>
  <qualification>
    <extension url="http://hl7.org.nz/fhir/StructureDefinition/registration-status-code">
      <extension url="status">
        <valueCodeableConcept>
          <coding>
            <system value="https://standards.digital.health.nz/ns/practitioner-registration-status-code"/>
            <version value="2.0"/>
            <code value="current"/>
            <display value="A provider who holds or is deemed to hold a current practising certificate."/>
          </coding>
          <text value="A provider who holds or is deemed to hold a current practising certificate."/>
        </valueCodeableConcept>
      </extension>
      <extension url="period">
        <valuePeriod>
          <start value="2020-12-10"/>
          <end value="2023-12-11"/>
        </valuePeriod>
      </extension>
    </extension>
    <extension url="http://hl7.org.nz/fhir/StructureDefinition/scope-of-practice">
      <extension url="code">
        <valueCodeableConcept>
          <coding>
            <system value="https://standards.digital.health.nz/ns/practitioner-scope-of-practice-code"/>
            <version value="1.0.0"/>
            <code value="NCRN"/>
            <display value="Registered Nurse"/>
          </coding>
          <text value="Registered Nurse"/>
        </valueCodeableConcept>
      </extension>
      <extension url="period">
        <valuePeriod>
          <start value="2019-04-08"/>
          <end value="2122-04-11"/>
        </valuePeriod>
      </extension>
    </extension>
    <extension url="http://hl7.org.nz/fhir/StructureDefinition/scope-of-practice">
      <extension url="code">
        <valueCodeableConcept>
          <coding>
            <system value="https://standards.digital.health.nz/ns/practitioner-scope-of-practice-code"/>
            <version value="1.0.0"/>
            <code value="MWIF"/>
            <display value="Midwife"/>
          </coding>
          <text value="Midwife"/>
        </valueCodeableConcept>
      </extension>
      <extension url="period">
        <valuePeriod>
          <start value="2019-04-08"/>
          <end value="2122-04-11"/>
        </valuePeriod>
      </extension>
    </extension>
    <extension url="http://hl7.org.nz/fhir/StructureDefinition/condition-on-practice">
      <extension url="description">
        <valueString value="NCRN Must have a competence assessment completed by a senior nurse within three months"/>
      </extension>
      <extension url="period">
        <valuePeriod>
          <start value="2019-04-08"/>
        </valuePeriod>
      </extension>
    </extension>
    <extension url="http://hl7.org.nz/fhir/StructureDefinition/registration-initial-date">
      <valueDate value="2020-02-01"/>
    </extension>
    <identifier>
      <use value="official"/>
      <system value="https://standards.digital.health.nz/ns/midwifery-council-id"/>
      <value value="95579"/>
      <assigner>
        <reference value="Organization/G00009-A"/>
      </assigner>
    </identifier>
    <code>
      <coding>
        <system value="https://standards.digital.health.nz/ns/practitioner-registration-authority-code"/>
        <version value="2.0"/>
        <code value="MW"/>
        <display value="Midwifery Council Register Number"/>
      </coding>
      <text value="Midwifery Council Register Number"/>
    </code>
    <period>
      <start value="2020-12-10"/>
      <end value="2022-12-11"/>
    </period>
    <issuer>
      <reference value="Organization/G00009-A"/>
    </issuer>
  </qualification>
  <communication>
    <coding>
      <system value="urn:iso:std:iso:639:-3"/>
      <version value="2007"/>
      <code value="eng"/>
      <display value="English"/>
    </coding>
    <text value="English"/>
  </communication>
  <communication>
    <coding>
      <system value="urn:iso:std:iso:639:-3"/>
      <version value="2007"/>
      <code value="eng"/>
      <display value="English"/>
    </coding>
    <text value="English"/>
  </communication>
</Practitioner>