{
  "resourceType": "Practitioner",
  "id": "99ZZVA",
  "meta": {
    "profile": [
      "http://hl7.org.nz/fhir/StructureDefinition/HPIPractitioner"
    ]
  },
  "text": {
    "status": "extensions",
    "div": "<div xmlns=\"http://www.w3.org/1999/xhtml\"><p><b>Generated Narrative</b></p><div style=\"display: inline-block; background-color: #d9e0e7; padding: 6px; margin: 4px; border: 1px solid #8da1b4; border-radius: 5px; line-height: 60%\"><p style=\"margin-bottom: 0px\">Resource \"99ZZVA\" </p><p style=\"margin-bottom: 0px\">Profile: <a href=\"StructureDefinition-HPIPractitioner.html\">HPI Practitioner</a></p></div><p><b>NZ Ethnicity</b>: New Zealand European <span style=\"background: LightGoldenRodYellow; margin: 4px; border: 1px solid khaki\"> (<a href=\"https://dev.d3ox9vcqia2rpj.amplifyapp.com/CodeSystem-ethnic05-2.0.html\">Ethnicity lvl 4. v2005 2.0[2.0]</a>#11111)</span></p><blockquote><p><b>EducationalQualification</b></p><p><b>value</b>: Bachelor of Medicine Bachelor of Surgery</p><p><b>value</b>: 1993-01-01</p><p><b>value</b>: University of Stellenbosch</p><p><b>value</b>: STELLENBOSCH</p><p><b>value</b>: ZA</p></blockquote><blockquote><p><b>EducationalQualification</b></p><p><b>value</b>: Fellow of the Royal College of Pathologists of Australasia</p><p><b>value</b>: 1998-01-01</p><p><b>value</b>: Royal College of Pathologists of Australasia</p><p><b>value</b>: AUCKLAND</p><p><b>value</b>: NZ</p></blockquote><p><b>identifier</b>: id: 99ZZVA (OFFICIAL), id: 99ZZDD (OLD), id: 99ZZEE (OFFICIAL)</p><p><b>name</b>: Testtwo Multiplenames Two-Names (OFFICIAL), Test Two Secondname Two-Names </p><p><b>gender</b>: male</p><p><b>birthDate</b>: 1970-01-12</p><h3>Qualifications</h3><table class=\"grid\"><tr><td>-</td><td><b>Extension</b></td><td><b>Identifier</b></td><td><b>Code</b></td><td><b>Period</b></td><td><b>Issuer</b></td></tr><tr><td>*</td><td>, , , , </td><td>id: 99424 (OFFICIAL)</td><td>Medical Council of New Zealand Register <span style=\"background: LightGoldenRodYellow; margin: 4px; border: 1px solid khaki\"> (<a href=\"https://dev.d3ox9vcqia2rpj.amplifyapp.com/CodeSystem-hpi-registration-type-2.0.html\">HPI Registration Type[2.0]</a>#MC)</span></td><td>2019-09-12 --&gt; 2020-09-11</td><td><a href=\"Organization-G00004B.html\">Organization/G00004B</a> \"Medical Council of New Zealand\"</td></tr></table><p><b>communication</b>: English <span style=\"background: LightGoldenRodYellow; margin: 4px; border: 1px solid khaki\"> (<a href=\"https://dev.d3ox9vcqia2rpj.amplifyapp.com/CodeSystem-iso639-3-2007.html\">ISO 639-3:2007 (3-alpha language code)[2007]</a>#eng)</span></p></div>"
  },
  "extension": [
    {
      "url": "http://hl7.org.nz/fhir/StructureDefinition/nz-ethnicity",
      "valueCodeableConcept": {
        "coding": [
          {
            "system": "https://standards.digital.health.nz/ns/ethnic-group-level-4-code",
            "version": "2.0",
            "code": "11111",
            "display": "New Zealand European"
          }
        ],
        "text": "New Zealand European"
      }
    },
    {
      "extension": [
        {
          "url": "fullname",
          "valueString": "Bachelor of Medicine Bachelor of Surgery"
        },
        {
          "url": "year",
          "valueDate": "1993"
        },
        {
          "url": "institution",
          "valueString": "University of Stellenbosch"
        },
        {
          "url": "city",
          "valueString": "STELLENBOSCH"
        },
        {
          "url": "country",
          "valueString": "ZA"
        }
      ],
      "url": "http://hl7.org.nz/fhir/StructureDefinition/educational-qualification"
    },
    {
      "extension": [
        {
          "url": "fullname",
          "valueString": "Fellow of the Royal College of Pathologists of Australasia"
        },
        {
          "url": "year",
          "valueDate": "1998"
        },
        {
          "url": "institution",
          "valueString": "Royal College of Pathologists of Australasia"
        },
        {
          "url": "city",
          "valueString": "AUCKLAND"
        },
        {
          "url": "country",
          "valueString": "NZ"
        }
      ],
      "url": "http://hl7.org.nz/fhir/StructureDefinition/educational-qualification"
    }
  ],
  "identifier": [
    {
      "use": "official",
      "system": "https://standards.digital.health.nz/ns/hpi-person-id",
      "value": "99ZZVA",
      "assigner": {
        "reference": "Organization/G00001G"
      }
    },
    {
      "use": "old",
      "system": "https://standards.digital.health.nz/ns/hpi-person-id",
      "value": "99ZZDD",
      "assigner": {
        "reference": "Organization/G00004B"
      }
    },
    {
      "use": "official",
      "system": "https://standards.digital.health.nz/ns/chiropractic-board-id",
      "value": "99ZZEE",
      "assigner": {
        "reference": "Organization/G00004B"
      }
    }
  ],
  "name": [
    {
      "use": "official",
      "family": "Two-Names",
      "given": [
        "Testtwo",
        "Multiplenames"
      ],
      "prefix": [
        "dr"
      ]
    },
    {
      "use": "usual",
      "family": "Two-Names",
      "given": [
        "Test Two",
        "Secondname"
      ]
    }
  ],
  "gender": "male",
  "birthDate": "1970-01-12",
  "qualification": [
    {
      "extension": [
        {
          "extension": [
            {
              "url": "code",
              "valueCodeableConcept": {
                "coding": [
                  {
                    "system": "https://standards.digital.health.nz/ns/practitioner-scope-of-practice-code",
                    "version": "1.0",
                    "code": "MCGE",
                    "display": "General Scope of Practice"
                  }
                ],
                "text": "General Scope of Practice"
              }
            },
            {
              "url": "period",
              "valuePeriod": {
                "start": "2000-01-12",
                "end": "2021-01-12"
              }
            }
          ],
          "url": "http://hl7.org.nz/fhir/StructureDefinition/scope-of-practice"
        },
        {
          "extension": [
            {
              "url": "code",
              "valueCodeableConcept": {
                "coding": [
                  {
                    "system": "https://standards.digital.health.nz/ns/practitioner-scope-of-practice-code",
                    "version": "1.0",
                    "code": "MCPG",
                    "display": "Provisional General Scope of Practice"
                  }
                ],
                "text": "Provisional General Scope of Practice"
              }
            },
            {
              "url": "period",
              "valuePeriod": {
                "start": "2001-01-12",
                "end": "2021-01-12"
              }
            }
          ],
          "url": "http://hl7.org.nz/fhir/StructureDefinition/scope-of-practice"
        },
        {
          "extension": [
            {
              "url": "description",
              "valueString": "Dr Two-Names is required to participate in an approved recertification programme relevant to the vocational scope of General Practice."
            },
            {
              "url": "period",
              "valuePeriod": {
                "start": "2019-09-12",
                "end": "2020-09-11"
              }
            }
          ],
          "url": "http://hl7.org.nz/fhir/StructureDefinition/condition-on-practice"
        },
        {
          "url": "http://hl7.org.nz/fhir/StructureDefinition/registration-initial-date",
          "valueDate": "1994-11-29"
        },
        {
          "extension": [
            {
              "url": "status",
              "valueCodeableConcept": {
                "coding": [
                  {
                    "system": "https://standards.digital.health.nz/ns/practitioner-registration-status-code",
                    "version": "2.0",
                    "code": "current",
                    "display": "Current"
                  }
                ],
                "text": "Current"
              }
            }
          ],
          "url": "http://hl7.org.nz/fhir/StructureDefinition/registration-status-code"
        }
      ],
      "identifier": [
        {
          "use": "official",
          "system": "https://standards.digital.health.nz/ns/medical-council-id",
          "value": "99424",
          "assigner": {
            "reference": "Organization/G00004B"
          }
        }
      ],
      "code": {
        "coding": [
          {
            "system": "https://standards.digital.health.nz/ns/practitioner-registration-authority-code",
            "version": "2.0",
            "code": "MC"
          }
        ]
      },
      "period": {
        "start": "2019-09-12",
        "end": "2020-09-11"
      },
      "issuer": {
        "reference": "Organization/G00004B"
      }
    }
  ],
  "communication": [
    {
      "coding": [
        {
          "system": "urn:iso:std:iso:639:-3",
          "version": "2007",
          "code": "eng",
          "display": "English"
        }
      ],
      "text": "English"
    }
  ]
}