<?xml version="1.0" encoding="UTF-8"?>

<Practitioner xmlns="http://hl7.org/fhir">
  <id value="90ZZLP"/>
  <meta>
    <versionId value="9971"/>
    <lastUpdated value="2022-04-07T09:12:26.000+12:00"/>
    <profile value="http://hl7.org.nz/fhir/StructureDefinition/HPIPractitioner"/>
    <security>
      <system value="http://terminology.hl7.org/CodeSystem/v3-ObservationValue"/>
      <code value="REDACTED"/>
    </security>
    <security>
      <system value="http://terminology.hl7.org/CodeSystem/v3-Confidentiality"/>
      <code value="R"/>
    </security>
  </meta>
  <text>
    <status value="generated"/><div xmlns="http://www.w3.org/1999/xhtml"><p class="res-header-id"><b>Generated Narrative: Practitioner 90ZZLP</b></p><a name="90ZZLP"> </a><a name="hc90ZZLP"> </a><a name="90ZZLP-en-US"> </a><div style="display: inline-block; background-color: #d9e0e7; padding: 6px; margin: 4px; border: 1px solid #8da1b4; border-radius: 5px; line-height: 60%"><p style="margin-bottom: 0px">version: 9971; Last updated: 2022-04-07 09:12:26+1200</p><p style="margin-bottom: 0px">Profile: <a href="StructureDefinition-HPIPractitioner.html">HPI Practitioner</a></p><p style="margin-bottom: 0px">Security Labels: redacted (Details: ObservationValue code REDACTED  = ' redacted ', stated as ' null '), restricted (Details: Confidentiality code R  = ' restricted ', stated as ' null ')</p></div><p><b>identifier</b>: HPIProvider/90ZZLP (use: official, )</p></div>
  </text>
  <identifier>
    <use value="official"/>
    <system value="https://standards.digital.health.nz/ns/hpi-person-id"/>
    <value value="90ZZLP"/>
    <assigner>
      <reference value="Organization/G00001-G"/>
    </assigner>
  </identifier>
</Practitioner>