<?xml version="1.0" encoding="UTF-8"?>

<Practitioner xmlns="http://hl7.org/fhir">
  <id value="91ZABY"/>
  <meta>
    <versionId value="10952"/>
    <lastUpdated value="2022-12-20T09:27:27.000+13:00"/>
    <profile value="http://hl7.org.nz/fhir/StructureDefinition/HPIPractitioner"/>
    <security>
      <system value="http://terminology.hl7.org/CodeSystem/v3-Confidentiality"/>
      <code value="L"/>
    </security>
  </meta>
  <text>
    <status value="extensions"/><div xmlns="http://www.w3.org/1999/xhtml"><p><b>Generated Narrative: Practitioner</b><a name="91ZABY"> </a></p><div style="display: inline-block; background-color: #d9e0e7; padding: 6px; margin: 4px; border: 1px solid #8da1b4; border-radius: 5px; line-height: 60%"><p style="margin-bottom: 0px">Resource Practitioner &quot;91ZABY&quot; Version &quot;10952&quot; Updated &quot;2022-12-20 09:27:27+1300&quot; </p><p style="margin-bottom: 0px">Profile: <a href="StructureDefinition-HPIPractitioner.html">HPI Practitioner</a></p><p style="margin-bottom: 0px">Security Labels: <span title="{http://terminology.hl7.org/CodeSystem/v3-Confidentiality http://terminology.hl7.org/CodeSystem/v3-Confidentiality}">http://terminology.hl7.org/CodeSystem/v3-Confidentiality</span></p></div><p><b>NZ Ethnicity</b>: New Zealand European <span style="background: LightGoldenRodYellow; margin: 4px; border: 1px solid khaki"> (<a href="https://common-ig-v1-1-0.hip.digital.health.nz/site/CodeSystem-ethnic05-2.0.html">Level 4 ethnicity codes[2.0]</a>#11111)</span></p><blockquote><p><b>EducationalQualification</b></p><blockquote><p><b>url</b></p><code>fullname</code></blockquote><p><b>value</b>: Bachelor of Occupational Therapy</p><blockquote><p><b>url</b></p><code>year</code></blockquote><p><b>value</b>: 2009</p><blockquote><p><b>url</b></p><code>institution</code></blockquote><p><b>value</b>: Wintec</p><blockquote><p><b>url</b></p><code>city</code></blockquote><p><b>value</b>: HAMILTON</p><blockquote><p><b>url</b></p><code>country</code></blockquote><p><b>value</b>: NZ</p></blockquote><blockquote><p><b>EducationalQualification</b></p><blockquote><p><b>url</b></p><code>fullname</code></blockquote><p><b>value</b>: Master of Occupational Therapy</p><blockquote><p><b>url</b></p><code>year</code></blockquote><p><b>value</b>: 2019</p><blockquote><p><b>url</b></p><code>institution</code></blockquote><p><b>value</b>: Otago Polytechnic</p><blockquote><p><b>url</b></p><code>city</code></blockquote><p><b>value</b>: DUNEDIN</p><blockquote><p><b>url</b></p><code>country</code></blockquote><p><b>value</b>: NZ</p></blockquote><p><b>identifier</b>: id: 91ZABY (use: OFFICIAL), id: 96-20154 (use: OFFICIAL)</p><p><b>name</b>: Lyndi Jane Rhode (OFFICIAL)</p><p><b>gender</b>: female</p><p><b>birthDate</b>: 1975-01-19</p><h3>Qualifications</h3><table class="grid"><tr><td>-</td><td><b>Extension</b></td><td><b>Identifier</b></td><td><b>Code</b></td><td><b>Period</b></td><td><b>Issuer</b></td></tr><tr><td>*</td><td>, , , </td><td>id: 96-20154 (use: OFFICIAL)</td><td>Occupational Therapy Board Register <span style="background: LightGoldenRodYellow; margin: 4px; border: 1px solid khaki"> (<a href="https://common-ig-v1-1-0.hip.digital.health.nz/site/CodeSystem-hpi-registration-type-2.0.html">HPI Registration Type[2.0]</a>#OT)</span></td><td>2021-04-01 --&gt; 2122-03-31</td><td><a href="Organization/G00000-E">Organization/G00000-E</a></td></tr></table><p><b>communication</b>: English <span style="background: LightGoldenRodYellow; margin: 4px; border: 1px solid khaki"> (<a href="https://common-ig-v1-1-0.hip.digital.health.nz/site/CodeSystem-iso639-3-2007.html">ISO 639-3:2007 (3-alpha language code)[2007]</a>#eng)</span></p></div>
  </text>
  <extension url="http://hl7.org.nz/fhir/StructureDefinition/nz-ethnicity">
    <valueCodeableConcept>
      <coding>
        <system value="https://standards.digital.health.nz/ns/ethnic-group-level-4-code"/>
        <version value="2.0"/>
        <code value="11111"/>
        <display value="New Zealand European"/>
      </coding>
      <text value="New Zealand European"/>
    </valueCodeableConcept>
  </extension>
  <extension url="http://hl7.org.nz/fhir/StructureDefinition/educational-qualification">
    <extension url="fullname">
      <valueString value="Bachelor of Occupational Therapy"/>
    </extension>
    <extension url="year">
      <valueDate value="2009"/>
    </extension>
    <extension url="institution">
      <valueString value="Wintec"/>
    </extension>
    <extension url="city">
      <valueString value="HAMILTON"/>
    </extension>
    <extension url="country">
      <valueString value="NZ"/>
    </extension>
  </extension>
  <extension url="http://hl7.org.nz/fhir/StructureDefinition/educational-qualification">
    <extension url="fullname">
      <valueString value="Master of Occupational Therapy"/>
    </extension>
    <extension url="year">
      <valueDate value="2019"/>
    </extension>
    <extension url="institution">
      <valueString value="Otago Polytechnic"/>
    </extension>
    <extension url="city">
      <valueString value="DUNEDIN"/>
    </extension>
    <extension url="country">
      <valueString value="NZ"/>
    </extension>
  </extension>
  <identifier>
    <use value="official"/>
    <system value="https://standards.digital.health.nz/ns/hpi-person-id"/>
    <value value="91ZABY"/>
    <assigner>
      <reference value="Organization/G00001-G"/>
    </assigner>
  </identifier>
  <identifier>
    <use value="official"/>
    <system value="https://standards.digital.health.nz/ns/occupational-therapy-board-id"/>
    <value value="96-20154"/>
    <assigner>
      <reference value="Organization/G00000-E"/>
    </assigner>
  </identifier>
  <name>
    <use value="official"/>
    <family value="Rhode"/>
    <given value="Lyndi"/>
    <given value="Jane"/>
    <prefix value="ms"/>
  </name>
  <gender value="female"/>
  <birthDate value="1975-01-19"/>
  <qualification>
    <extension url="http://hl7.org.nz/fhir/StructureDefinition/registration-status-code">
      <extension url="status">
        <valueCodeableConcept>
          <coding>
            <system value="https://standards.digital.health.nz/ns/practitioner-registration-status-code"/>
            <version value="2.0"/>
            <code value="current"/>
            <display value="A provider who holds or is deemed to hold a current practising certificate."/>
          </coding>
          <text value="A provider who holds or is deemed to hold a current practising certificate."/>
        </valueCodeableConcept>
      </extension>
      <extension url="period">
        <valuePeriod>
          <start value="2009-02-01"/>
        </valuePeriod>
      </extension>
    </extension>
    <extension url="http://hl7.org.nz/fhir/StructureDefinition/scope-of-practice">
      <extension url="code">
        <valueCodeableConcept>
          <coding>
            <system value="https://standards.digital.health.nz/ns/practitioner-scope-of-practice-code"/>
            <version value="1.0.0"/>
            <code value="OCCT"/>
            <display value="Occupational Therapist"/>
          </coding>
          <text value="Occupational Therapist"/>
        </valueCodeableConcept>
      </extension>
      <extension url="period">
        <valuePeriod>
          <start value="2009-02-01"/>
        </valuePeriod>
      </extension>
    </extension>
    <extension url="http://hl7.org.nz/fhir/StructureDefinition/condition-on-practice">
      <extension url="description">
        <valueString value="Must complete annual eye test"/>
      </extension>
      <extension url="period">
        <valuePeriod>
          <start value="2019-09-19"/>
        </valuePeriod>
      </extension>
    </extension>
    <extension url="http://hl7.org.nz/fhir/StructureDefinition/registration-initial-date">
      <valueDate value="2009-02-01"/>
    </extension>
    <identifier>
      <use value="official"/>
      <system value="https://standards.digital.health.nz/ns/occupational-therapy-board-id"/>
      <value value="96-20154"/>
      <assigner>
        <reference value="Organization/G00000-E"/>
      </assigner>
    </identifier>
    <code>
      <coding>
        <system value="https://standards.digital.health.nz/ns/practitioner-registration-authority-code"/>
        <version value="2.0"/>
        <code value="OT"/>
        <display value="Occupational Therapy Board Register"/>
      </coding>
      <text value="Occupational Therapy Board Register"/>
    </code>
    <period>
      <start value="2021-04-01"/>
      <end value="2122-03-31"/>
    </period>
    <issuer>
      <reference value="Organization/G00000-E"/>
    </issuer>
  </qualification>
  <communication>
    <coding>
      <system value="urn:iso:std:iso:639:-3"/>
      <version value="2007"/>
      <code value="eng"/>
      <display value="English"/>
    </coding>
    <text value="English"/>
  </communication>
</Practitioner>