<?xml version="1.0" encoding="UTF-8"?>

<Practitioner xmlns="http://hl7.org/fhir">
  <id value="90ZZLP"/>
  <meta>
    <versionId value="9971"/>
    <profile value="http://hl7.org.nz/fhir/StructureDefinition/HPIPractitioner"/>
    <security>
      <system value="http://hl7.org/fhir/v3-SecurityIntegrityObservationValue"/>
      <code value="REDACTED"/>
    </security>
  </meta>
  <text>
    <status value="extensions"/><div xmlns="http://www.w3.org/1999/xhtml"><p><b>Generated Narrative: Practitioner</b><a name="90ZZLP"> </a></p><div style="display: inline-block; background-color: #d9e0e7; padding: 6px; margin: 4px; border: 1px solid #8da1b4; border-radius: 5px; line-height: 60%"><p style="margin-bottom: 0px">Resource Practitioner "90ZZLP" Version "9971" </p><p style="margin-bottom: 0px">Profile: <a href="StructureDefinition-HPIPractitioner.html">HPI Practitioner</a></p><p style="margin-bottom: 0px">Security Labels: <span title="{http://hl7.org/fhir/v3-SecurityIntegrityObservationValue http://hl7.org/fhir/v3-SecurityIntegrityObservationValue}">http://hl7.org/fhir/v3-SecurityIntegrityObservationValue</span></p></div><blockquote><p><b>Date of death</b></p><p><b>value</b>: 2016-12-31 12:00:00+1300</p></blockquote><blockquote><p><b>Messaging Address</b></p><p><b>value</b>: healthlink</p><p><b>value</b>: nawtonhc</p></blockquote><p><b>identifier</b>: id: 90ZZLP(use: OFFICIAL)</p><p><b>name</b>: John Patrick Francis Mulcahy (OFFICIAL)</p><p><b>communication</b>: English <span style="background: LightGoldenRodYellow; margin: 4px; border: 1px solid khaki"> (<a href="https://nzhts.digital.health.nz/ig/hip-common-terminology/CodeSystem-iso639-3-2007.html">ISO 639-3:2007 (3-alpha language code)[2007]</a>#eng)</span></p></div>
  </text>
  <extension url="http://hl7.org.nz/fhir/StructureDefinition/death-date">
    <extension url="date">
      <valueDateTime value="2016-12-31T00:00:00+13:00"/>
    </extension>
  </extension>
  <extension url="http://hl7.org.nz/fhir/StructureDefinition/messaging-address">
    <extension url="provider">
      <valueString value="healthlink"/>
    </extension>
    <extension url="value">
      <valueString value="nawtonhc"/>
    </extension>
  </extension>
  <identifier>
    <use value="official"/>
    <system value="https://standards.digital.health.nz/ns/hpi-person-id"/>
    <value value="90ZZLP"/>
    <assigner>
      <reference value="Organization/G00001-G"/>
    </assigner>
  </identifier>
  <name>
    <use value="official"/>
    <family value="Mulcahy"/>
    <given value="John"/>
    <given value="Patrick Francis"/>
    <prefix value="fr"/>
  </name>
  <communication>
    <coding>
      <system value="urn:iso:std:iso:639:-3"/>
      <version value="2007"/>
      <code value="eng"/>
      <display value="English"/>
    </coding>
    <text value="English"/>
  </communication>
</Practitioner>