<?xml version="1.0" encoding="UTF-8"?>

<Practitioner xmlns="http://hl7.org/fhir">
  <id value="92ZZRE"/>
  <meta>
    <versionId value="10673"/>
    <lastUpdated value="2022-10-14T08:04:23.000+13:00"/>
    <profile value="http://hl7.org.nz/fhir/StructureDefinition/HPIPractitioner"/>
    <security>
      <system value="http://terminology.hl7.org/CodeSystem/v3-Confidentiality"/>
      <code value="M"/>
    </security>
  </meta>
  <text>
    <status value="generated"/><div xmlns="http://www.w3.org/1999/xhtml"><p class="res-header-id"><b>Generated Narrative: Practitioner 92ZZRE</b></p><a name="92ZZRE"> </a><a name="hc92ZZRE"> </a><a name="92ZZRE-en-US"> </a><div style="display: inline-block; background-color: #d9e0e7; padding: 6px; margin: 4px; border: 1px solid #8da1b4; border-radius: 5px; line-height: 60%"><p style="margin-bottom: 0px">version: versionId: id (PrimitiveType/Practitioner.meta.versionId): element = id -&gt; versionId=id[10673]; Last updated: 2022-10-14 08:04:23+1300</p><p style="margin-bottom: 0px">Profile: <a href="StructureDefinition-HPIPractitioner.html">HPI Practitioner</a></p><p style="margin-bottom: 0px">Security Label: moderate (Details: Confidentiality code M  = ' moderate ', stated as ' null ')</p></div><p><b>identifier</b>: HPIProvider/92ZZRE (use: official, )</p><p><b>name</b>: Walter Eugene O'Reilly (Official), Radar (Old)</p><p><b>communication</b>: <span title="Codes:{urn:iso:std:iso:639:-3 eng}">English</span></p></div>
  </text>
  <identifier>
    <use value="official"/>
    <system value="https://standards.digital.health.nz/ns/hpi-person-id"/>
    <value value="92ZZRE"/>
    <assigner>
      <reference value="Organization/G00001-G"/>
    </assigner>
  </identifier>
  <name>
    <use value="official"/>
    <family value="O'Reilly"/>
    <given value="Walter"/>
    <given value="Eugene"/>
    <prefix value="cpl"/>
  </name>
  <name>
    <use value="old"/>
    <given value="Radar"/>
  </name>
  <communication>
    <coding>
      <system value="urn:iso:std:iso:639:-3"/>
      <version value="2007"/>
      <code value="eng"/>
      <display value="English"/>
    </coding>
    <text value="English"/>
  </communication>
</Practitioner>