<?xml version="1.0" encoding="UTF-8"?>

<Practitioner xmlns="http://hl7.org/fhir">
  <id value="practitioner1"/>
  <meta>
    <profile value="http://hl7.org.nz/fhir/StructureDefinition/HPIPractitioner"/>
  </meta>
  <text>
    <status value="generated"/><div xmlns="http://www.w3.org/1999/xhtml"><p><b>Generated Narrative</b></p><div style="display: inline-block; background-color: #d9e0e7; padding: 6px; margin: 4px; border: 1px solid #8da1b4; border-radius: 5px; line-height: 60%"><p style="margin-bottom: 0px">Resource "practitioner1" </p><p style="margin-bottom: 0px">Profile: <a href="StructureDefinition-HPIPractitioner.html">HPI Practitioner</a></p></div><p><b>identifier</b>: id: xxx1234 (OFFICIAL)</p><p><b>gender</b>: female</p></div>
  </text>
  <identifier>
    <use value="official"/>
    <system value="https://standards.digital.health.nz/ns/hpi-person-id"/>
    <value value="xxx1234"/>
  </identifier>
  <gender value="female"/>
</Practitioner>