{
  "resourceType": "Practitioner",
  "id": "90ZZMG",
  "meta": {
    "profile": [
      "http://hl7.org.nz/fhir/StructureDefinition/HpiPractitioner"
    ]
  },
  "text": {
    "status": "extensions",
    "div": "<div xmlns=\"http://www.w3.org/1999/xhtml\"><p><b>Generated Narrative</b></p><div style=\"display: inline-block; background-color: #d9e0e7; padding: 6px; margin: 4px; border: 1px solid #8da1b4; border-radius: 5px; line-height: 60%\"><p style=\"margin-bottom: 0px\">Resource \"90ZZMG\" </p><p style=\"margin-bottom: 0px\">Profile: <code>http://hl7.org.nz/fhir/StructureDefinition/HpiPractitioner</code></p></div><p><b>NZ Ethnicity</b>: New Zealand European <span style=\"background: LightGoldenRodYellow; margin: 4px; border: 1px solid khaki\"> (<a href=\"https://dev.d3ox9vcqia2rpj.amplifyapp.com/site/CodeSystem-ethnic05-2.0.html\">Ethnicity lvl 4. v2005 2.0[2.0]</a>#11111)</span></p><blockquote><p><b>Date of death</b></p><p><b>value</b>: 2015-12-31</p></blockquote><blockquote><p><b>EducationalQualification</b></p><p><b>value</b>: Bachelor of Medicine Bachelor of Surgery</p><p><b>value</b>: 1957-01-01</p><p><b>value</b>: Harvard College</p><p><b>value</b>: Cambridge</p><p><b>value</b>: US</p></blockquote><p><b>identifier</b>: id: 90ZZMG (OFFICIAL), id: 99530 (OFFICIAL)</p><p><b>name</b>: Trapper John McIntyre (OFFICIAL)</p><p><b>gender</b>: male</p><p><b>birthDate</b>: 1933-04-07</p><h3>Qualifications</h3><table class=\"grid\"><tr><td>-</td><td><b>Extension</b></td><td><b>Identifier</b></td><td><b>Code</b></td><td><b>Period</b></td><td><b>Issuer</b></td></tr><tr><td>*</td><td>, , , , </td><td>id: 99530 (OFFICIAL)</td><td>Medical Council of New Zealand Register <span style=\"background: LightGoldenRodYellow; margin: 4px; border: 1px solid khaki\"> (<a href=\"https://dev.d3ox9vcqia2rpj.amplifyapp.com/site/CodeSystem-hpi-registration-type-2.0.html\">HPI Registration Type[2.0]</a>#MC)</span></td><td>2020-08-31 --&gt; 2022-08-31</td><td><a href=\"Organization-G00004B.html\">Organization/G00004B</a> \"Medical Council of New Zealand\"</td></tr></table><p><b>communication</b>: English <span style=\"background: LightGoldenRodYellow; margin: 4px; border: 1px solid khaki\"> (<a href=\"https://dev.d3ox9vcqia2rpj.amplifyapp.com/site/CodeSystem-iso639-3-2007.html\">ISO 639-3:2007 (3-alpha language code)[2007]</a>#eng)</span></p></div>"
  },
  "extension": [
    {
      "url": "http://hl7.org.nz/fhir/StructureDefinition/nz-ethnicity",
      "valueCodeableConcept": {
        "coding": [
          {
            "system": "https://standards.digital.health.nz/ns/ethnic-group-level-4-code",
            "version": "2.0",
            "code": "11111",
            "display": "New Zealand European"
          }
        ],
        "text": "New Zealand European"
      }
    },
    {
      "extension": [
        {
          "url": "date",
          "valueDate": "2015-12-31"
        }
      ],
      "url": "http://hl7.org.nz/fhir/StructureDefinition/death-date"
    },
    {
      "extension": [
        {
          "url": "fullname",
          "valueString": "Bachelor of Medicine Bachelor of Surgery"
        },
        {
          "url": "year",
          "valueDate": "1957"
        },
        {
          "url": "institution",
          "valueString": "Harvard College"
        },
        {
          "url": "city",
          "valueString": "Cambridge"
        },
        {
          "url": "country",
          "valueString": "US"
        }
      ],
      "url": "http://hl7.org.nz/fhir/StructureDefinition/educational-qualification"
    }
  ],
  "identifier": [
    {
      "use": "official",
      "system": "https://standards.digital.health.nz/ns/hpi-person-id",
      "value": "90ZZMG",
      "assigner": {
        "reference": "Organization/G00001G"
      }
    },
    {
      "use": "official",
      "system": "https://standards.digital.health.nz/ns/medical-council-id",
      "value": "99530",
      "assigner": {
        "reference": "Organization/G00004B"
      }
    }
  ],
  "name": [
    {
      "use": "official",
      "family": "McIntyre",
      "given": [
        "Trapper",
        "John"
      ],
      "prefix": [
        "capt"
      ]
    }
  ],
  "gender": "male",
  "birthDate": "1933-04-07",
  "qualification": [
    {
      "extension": [
        {
          "extension": [
            {
              "url": "code",
              "valueCodeableConcept": {
                "coding": [
                  {
                    "system": "https://standards.digital.health.nz/ns/practitioner-scope-of-practice-code",
                    "version": "1.0",
                    "code": "MCGE",
                    "display": "General Scope of Practice"
                  }
                ],
                "text": "General Scope of Practice"
              }
            },
            {
              "url": "period",
              "valuePeriod": {
                "start": "2019-10-05",
                "end": "2021-10-05"
              }
            }
          ],
          "url": "http://hl7.org.nz/fhir/StructureDefinition/scope-of-practice"
        },
        {
          "extension": [
            {
              "url": "code",
              "valueCodeableConcept": {
                "coding": [
                  {
                    "system": "https://standards.digital.health.nz/ns/practitioner-scope-of-practice-code",
                    "version": "1.0",
                    "code": "MCPG",
                    "display": "Provisional General Scope of Practice"
                  }
                ],
                "text": "Provisional General Scope of Practice"
              }
            },
            {
              "url": "period",
              "valuePeriod": {
                "start": "2019-10-05",
                "end": "2021-10-05"
              }
            }
          ],
          "url": "http://hl7.org.nz/fhir/StructureDefinition/scope-of-practice"
        },
        {
          "extension": [
            {
              "url": "description",
              "valueString": "Dr McIntyre is required to participate in an approved recertification programme relevant to the vocational scope of General Practice."
            },
            {
              "url": "period",
              "valuePeriod": {
                "start": "2020-10-04",
                "end": "2020-10-04"
              }
            }
          ],
          "url": "http://hl7.org.nz/fhir/StructureDefinition/condition-on-practice"
        },
        {
          "url": "http://hl7.org.nz/fhir/StructureDefinition/registration-initial-date",
          "valueDate": "1958-04-01"
        },
        {
          "extension": [
            {
              "url": "status",
              "valueCodeableConcept": {
                "coding": [
                  {
                    "system": "https://standards.digital.health.nz/ns/practitioner-registration-status-code",
                    "version": "2.0",
                    "code": "current",
                    "display": "Current"
                  }
                ],
                "text": "Current"
              }
            }
          ],
          "url": "http://hl7.org.nz/fhir/StructureDefinition/registration-status-code"
        }
      ],
      "identifier": [
        {
          "use": "official",
          "system": "https://standards.digital.health.nz/ns/medical-council-id",
          "value": "99530",
          "assigner": {
            "reference": "Organization/G00004B"
          }
        }
      ],
      "code": {
        "coding": [
          {
            "system": "https://standards.digital.health.nz/ns/practitioner-registration-authority-code",
            "version": "2.0",
            "code": "MC"
          }
        ]
      },
      "period": {
        "start": "2020-08-31",
        "end": "2022-08-31"
      },
      "issuer": {
        "reference": "Organization/G00004B"
      }
    }
  ],
  "communication": [
    {
      "coding": [
        {
          "system": "urn:iso:std:iso:639:-3",
          "version": "2007",
          "code": "eng",
          "display": "English"
        }
      ],
      "text": "English"
    }
  ]
}