<?xml version="1.0" encoding="UTF-8"?>

<Practitioner xmlns="http://hl7.org/fhir">
  <id value="99ZZVA"/>
  <meta>
    <profile value="http://hl7.org.nz/fhir/StructureDefinition/HpiPractitioner"/>
  </meta>
  <text>
    <status value="extensions"/><div xmlns="http://www.w3.org/1999/xhtml"><p><b>Generated Narrative</b></p><div style="display: inline-block; background-color: #d9e0e7; padding: 6px; margin: 4px; border: 1px solid #8da1b4; border-radius: 5px; line-height: 60%"><p style="margin-bottom: 0px">Resource "99ZZVA" </p><p style="margin-bottom: 0px">Profile: <code>http://hl7.org.nz/fhir/StructureDefinition/HpiPractitioner</code></p></div><p><b>NZ Ethnicity</b>: New Zealand European <span style="background: LightGoldenRodYellow; margin: 4px; border: 1px solid khaki"> (<a href="https://dev.d3ox9vcqia2rpj.amplifyapp.com/site/CodeSystem-ethnic05-2.0.html">Ethnicity lvl 4. v2005 2.0[2.0]</a>#11111)</span></p><blockquote><p><b>EducationalQualification</b></p><p><b>value</b>: Bachelor of Medicine Bachelor of Surgery</p><p><b>value</b>: 1993-01-01</p><p><b>value</b>: University of Stellenbosch</p><p><b>value</b>: STELLENBOSCH</p><p><b>value</b>: SOUTH AFRICA</p></blockquote><blockquote><p><b>EducationalQualification</b></p><p><b>value</b>: Fellow of the Royal College of Pathologists of Australasia</p><p><b>value</b>: 1998-01-01</p><p><b>value</b>: Royal College of Pathologists of Australasia</p><p><b>value</b>: AUCKLAND</p><p><b>value</b>: NZ</p></blockquote><p><b>identifier</b>: id: 99ZZVA (OFFICIAL), id: 99424 (OFFICIAL)</p><p><b>name</b>: Testtwo Multiplenames Two-Names (OFFICIAL), Test Two Secondname Two-Names</p><p><b>gender</b>: male</p><p><b>birthDate</b>: 1970-01-12</p><h3>Qualifications</h3><table class="grid"><tr><td>-</td><td><b>Extension</b></td><td><b>Identifier</b></td><td><b>Code</b></td><td><b>Period</b></td><td><b>Issuer</b></td></tr><tr><td>*</td><td>, , , , </td><td>id: 99424 (OFFICIAL)</td><td>Medical Council of New Zealand Register <span style="background: LightGoldenRodYellow; margin: 4px; border: 1px solid khaki"> (<a href="https://dev.d3ox9vcqia2rpj.amplifyapp.com/site/CodeSystem-hpi-registration-type-2.0.html">HPI Registration Type[2.0]</a>#MC)</span></td><td>2019-09-12 --&gt; 2020-09-11</td><td><a href="Organization-G00004B.html">Organization/G00004B</a> "Medical Council of New Zealand"</td></tr></table><p><b>communication</b>: English <span style="background: LightGoldenRodYellow; margin: 4px; border: 1px solid khaki"> (<a href="https://dev.d3ox9vcqia2rpj.amplifyapp.com/site/CodeSystem-iso639-3-2007.html">ISO 639-3:2007 (3-alpha language code)[2007]</a>#eng)</span></p></div>
  </text>
  <extension url="http://hl7.org.nz/fhir/StructureDefinition/nz-ethnicity">
    <valueCodeableConcept>
      <coding>
        <system value="https://standards.digital.health.nz/ns/ethnic-group-level-4-code"/>
        <version value="2.0"/>
        <code value="11111"/>
        <display value="New Zealand European"/>
      </coding>
      <text value="New Zealand European"/>
    </valueCodeableConcept>
  </extension>
  <extension url="http://hl7.org.nz/fhir/StructureDefinition/educational-qualification">
    <extension url="fullname">
      <valueString value="Bachelor of Medicine Bachelor of Surgery"/>
    </extension>
    <extension url="year">
      <valueDate value="1993"/>
    </extension>
    <extension url="institution">
      <valueString value="University of Stellenbosch"/>
    </extension>
    <extension url="city">
      <valueString value="STELLENBOSCH"/>
    </extension>
    <extension url="country">
      <valueString value="SOUTH AFRICA"/>
    </extension>
  </extension>
  <extension url="http://hl7.org.nz/fhir/StructureDefinition/educational-qualification">
    <extension url="fullname">
      <valueString value="Fellow of the Royal College of Pathologists of Australasia"/>
    </extension>
    <extension url="year">
      <valueDate value="1998"/>
    </extension>
    <extension url="institution">
      <valueString value="Royal College of Pathologists of Australasia"/>
    </extension>
    <extension url="city">
      <valueString value="AUCKLAND"/>
    </extension>
    <extension url="country">
      <valueString value="NZ"/>
    </extension>
  </extension>
  <identifier>
    <use value="official"/>
    <system value="https://standards.digital.health.nz/ns/hpi-person-id"/>
    <value value="99ZZVA"/>
    <assigner>
      <reference value="Organization/G00001G"/>
    </assigner>
  </identifier>
  <identifier>
    <use value="official"/>
    <system value="https://standards.digital.health.nz/ns/medical-council-id"/>
    <value value="99424"/>
    <assigner>
      <reference value="Organization/G00004B"/>
    </assigner>
  </identifier>
  <name>
    <use value="official"/>
    <family value="Two-Names"/>
    <given value="Testtwo"/>
    <given value="Multiplenames"/>
    <prefix value="dr"/>
  </name>
  <name>
    <use value="usual"/>
    <text value="Test Two Secondname Two-Names"/>
    <family value="Two-Names"/>
    <given value="Test Two"/>
    <given value="Secondname"/>
  </name>
  <gender value="male"/>
  <birthDate value="1970-01-12"/>
  <qualification>
    <extension url="http://hl7.org.nz/fhir/StructureDefinition/scope-of-practice">
      <extension url="code">
        <valueCodeableConcept>
          <coding>
            <system value="https://standards.digital.health.nz/ns/practitioner-scope-of-practice-code"/>
            <version value="1.0"/>
            <code value="MCGE"/>
            <display value="General Scope of Practice"/>
          </coding>
          <text value="General Scope of Practice"/>
        </valueCodeableConcept>
      </extension>
      <extension url="period">
        <valuePeriod>
          <start value="2000-01-12"/>
          <end value="2021-01-12"/>
        </valuePeriod>
      </extension>
    </extension>
    <extension url="http://hl7.org.nz/fhir/StructureDefinition/scope-of-practice">
      <extension url="code">
        <valueCodeableConcept>
          <coding>
            <system value="https://standards.digital.health.nz/ns/practitioner-scope-of-practice-code"/>
            <version value="1.0"/>
            <code value="MCPG"/>
            <display value="Provisional General Scope of Practice"/>
          </coding>
          <text value="Provisional General Scope of Practice"/>
        </valueCodeableConcept>
      </extension>
      <extension url="period">
        <valuePeriod>
          <start value="2001-01-12"/>
          <end value="2021-01-12"/>
        </valuePeriod>
      </extension>
    </extension>
    <extension url="http://hl7.org.nz/fhir/StructureDefinition/condition-on-practice">
      <extension url="description">
        <valueString value="Dr Two-Names is required to participate in an approved recertification programme relevant to the vocational scope of General Practice."/>
      </extension>
      <extension url="period">
        <valuePeriod>
          <start value="2019-09-12"/>
          <end value="2020-09-11"/>
        </valuePeriod>
      </extension>
    </extension>
    <extension url="http://hl7.org.nz/fhir/StructureDefinition/registration-initial-date">
      <valueDate value="1994-11-29"/>
    </extension>
    <extension url="http://hl7.org.nz/fhir/StructureDefinition/registration-status-code">
      <extension url="status">
        <valueCodeableConcept>
          <coding>
            <system value="https://standards.digital.health.nz/ns/practitioner-registration-status-code"/>
            <version value="2.0"/>
            <code value="current"/>
            <display value="Current"/>
          </coding>
          <text value="Current"/>
        </valueCodeableConcept>
      </extension>
    </extension>
    <identifier>
      <use value="official"/>
      <system value="https://standards.digital.health.nz/ns/medical-council-id"/>
      <value value="99424"/>
      <assigner>
        <reference value="Organization/G00004B"/>
      </assigner>
    </identifier>
    <code>
      <coding>
        <system value="https://standards.digital.health.nz/ns/practitioner-registration-authority-code"/>
        <version value="2.0"/>
        <code value="MC"/>
      </coding>
    </code>
    <period>
      <start value="2019-09-12"/>
      <end value="2020-09-11"/>
    </period>
    <issuer>
      <reference value="Organization/G00004B"/>
    </issuer>
  </qualification>
  <communication>
    <coding>
      <system value="urn:iso:std:iso:639:-3"/>
      <version value="2007"/>
      <code value="eng"/>
      <display value="English"/>
    </coding>
    <text value="English"/>
  </communication>
</Practitioner>