{
  "resourceType" : "PractitionerRole",
  "id" : "R00000012-G",
  "meta" : {
    "versionId" : "13",
    "lastUpdated" : "2022-11-21T17:02:33.184+13:00",
    "profile" : ["http://hl7.org.nz/fhir/StructureDefinition/HPIPractitionerRole"],
    "security" : [{
      "system" : "http://terminology.hl7.org/CodeSystem/v3-Confidentiality",
      "code" : "M"
    }]
  },
  "text" : {
    "status" : "extensions",
    "div" : "<div xmlns=\"http://www.w3.org/1999/xhtml\"><p><b>Generated Narrative: PractitionerRole</b><a name=\"R00000012-G\"> </a></p><div style=\"display: inline-block; background-color: #d9e0e7; padding: 6px; margin: 4px; border: 1px solid #8da1b4; border-radius: 5px; line-height: 60%\"><p style=\"margin-bottom: 0px\">Resource PractitionerRole &quot;R00000012-G&quot; Version &quot;13&quot; Updated &quot;2022-11-21 17:02:33+1300&quot; </p><p style=\"margin-bottom: 0px\">Profile: <a href=\"StructureDefinition-HPIPractitionerRole.html\">HPI Practitioner role</a></p><p style=\"margin-bottom: 0px\">Security Labels: <span title=\"{http://terminology.hl7.org/CodeSystem/v3-Confidentiality http://terminology.hl7.org/CodeSystem/v3-Confidentiality}\">http://terminology.hl7.org/CodeSystem/v3-Confidentiality</span></p></div><p><b>PractitionerRoleStatusReason</b>: other <span style=\"background: LightGoldenRodYellow; margin: 4px; border: 1px solid khaki\"> (<a href=\"https://fhir.org.nz/ig/base//CodeSystem-hpi-practitionerRole-status-reason.html\">PractitionerRole status reason[1.0.0]</a>#other)</span></p><blockquote><p><b>PractitionerRoleCreator</b></p><blockquote><p><b>url</b></p><code>person</code></blockquote><p><b>value</b>: <a href=\"Person/testall\">Person/testall</a></p><blockquote><p><b>url</b></p><code>organization</code></blockquote><p><b>value</b>: <a href=\"Organization/G00001-G\">Organization/G00001-G</a></p></blockquote><blockquote><p><b>Messaging Address</b></p><blockquote><p><b>url</b></p><code>provider</code></blockquote><p><b>value</b>: healthlink</p><blockquote><p><b>url</b></p><code>value</code></blockquote><p><b>value</b>: changed-edi-address</p></blockquote><p><b>identifier</b>: <a href=\"https://fhir.org.nz/ig/base//NamingSystem-hpipractitionerrole.html\" title=\"HPI PractitionerRole id\">HPIPractitionerRole</a>/R00000012-G\u00a0(use:\u00a0OFFICIAL)</p><p><b>active</b>: false</p><p><b>period</b>: 2000-02-10 --&gt; 2000-02-11</p><p><b>practitioner</b>: <a href=\"Practitioner-90ZZLP.html\">Practitioner/90ZZLP</a></p><p><b>organization</b>: <a href=\"Organization/GZZ998-G\">Organization/GZZ998-G</a></p><p><b>code</b>: Medical Receptionist <span style=\"background: LightGoldenRodYellow; margin: 4px; border: 1px solid khaki\"> (<a href=\"https://common-ig-v1-3-1.hip.digital.health.nz/site/CodeSystem-ANZCO-occupations-2013-1.2.html\">ANZSCO - Australian and New Zealand Standard Classification of Occupations, 2013[1.2]</a>#542114)</span></p><p><b>location</b>: <a href=\"Location-FZZ999-B.html\">Location/FZZ999-B</a> &quot;Live Facilty&quot;</p><p><b>telecom</b>: ph: 1324654788(WORK), <a href=\"mailto:infoooor@infooooor.com\">infoooor@infooooor.com</a></p></div>"
  },
  "extension" : [{
    "url" : "http://hl7.org.nz/fhir/StructureDefinition/practitionerRole-status-reason",
    "valueCodeableConcept" : {
      "coding" : [{
        "system" : "https://standards.digital.health.nz/ns/hpi-practitioner-role-status-reason-code",
        "version" : "1.0.0",
        "code" : "other",
        "display" : "other"
      }],
      "text" : "other"
    }
  },
  {
    "extension" : [{
      "url" : "person",
      "valueReference" : {
        "reference" : "Person/testall"
      }
    },
    {
      "url" : "organization",
      "valueReference" : {
        "reference" : "Organization/G00001-G"
      }
    }],
    "url" : "http://hl7.org.nz/fhir/StructureDefinition/practitionerRole-creator"
  },
  {
    "extension" : [{
      "url" : "provider",
      "valueString" : "healthlink"
    },
    {
      "url" : "value",
      "valueString" : "changed-edi-address"
    }],
    "url" : "http://hl7.org.nz/fhir/StructureDefinition/messaging-address"
  }],
  "identifier" : [{
    "use" : "official",
    "system" : "https://standards.digital.health.nz/ns/hpi-practitionerrole-id",
    "value" : "R00000012-G",
    "assigner" : {
      "reference" : "Organization/G00001-G"
    }
  }],
  "active" : false,
  "period" : {
    "start" : "2000-02-10",
    "end" : "2000-02-11"
  },
  "practitioner" : {
    "reference" : "Practitioner/90ZZLP"
  },
  "organization" : {
    "reference" : "Organization/GZZ998-G"
  },
  "code" : [{
    "coding" : [{
      "system" : "http://www.abs.gov.au/ausstats/abs@.nsf/mf/1220.0",
      "version" : "1.2",
      "code" : "542114",
      "display" : "Medical Receptionist"
    }],
    "text" : "Medical Receptionist"
  }],
  "location" : [{
    "reference" : "Location/FZZ999-B"
  }],
  "telecom" : [{
    "system" : "phone",
    "value" : "1324654788",
    "use" : "work",
    "rank" : 1,
    "period" : {
      "start" : "2000-02-10",
      "end" : "2010-05-05"
    }
  },
  {
    "system" : "email",
    "value" : "infoooor@infooooor.com",
    "use" : "work",
    "rank" : 2,
    "period" : {
      "start" : "2000-02-10",
      "end" : "2010-05-06"
    }
  }]
}