<?xml version="1.0" encoding="UTF-8"?>

<PractitionerRole xmlns="http://hl7.org/fhir">
  <id value="R00000015-C"/>
  <meta>
    <versionId value="1"/>
    <lastUpdated value="2022-09-01T15:21:57.885+12:00"/>
    <profile value="http://hl7.org.nz/fhir/StructureDefinition/HPIPractitionerRole"/>
    <security>
      <system value="http://terminology.hl7.org/CodeSystem/v3-Confidentiality"/>
      <code value="R"/>
    </security>
    <security>
      <system value="http://terminology.hl7.org/CodeSystem/v3-ObservationValue"/>
      <code value="REDACTED"/>
    </security>
  </meta>
  <text>
    <status value="generated"/><div xmlns="http://www.w3.org/1999/xhtml"><p><b>Generated Narrative: PractitionerRole</b><a name="R00000015-C"> </a><a name="hcR00000015-C"> </a></p><div style="display: inline-block; background-color: #d9e0e7; padding: 6px; margin: 4px; border: 1px solid #8da1b4; border-radius: 5px; line-height: 60%"><p style="margin-bottom: 0px">Resource PractitionerRole &quot;R00000015-C&quot; Version &quot;1&quot; Updated &quot;2022-09-01 15:21:57+1200&quot; </p><p style="margin-bottom: 0px">Profile: <a href="StructureDefinition-HPIPractitionerRole.html">HPI Practitioner role</a></p><p style="margin-bottom: 0px">Security Labels: <span title="{http://terminology.hl7.org/CodeSystem/v3-Confidentiality http://terminology.hl7.org/CodeSystem/v3-Confidentiality}">http://terminology.hl7.org/CodeSystem/v3-Confidentiality</span>, <span title="{http://terminology.hl7.org/CodeSystem/v3-ObservationValue http://terminology.hl7.org/CodeSystem/v3-ObservationValue}">http://terminology.hl7.org/CodeSystem/v3-ObservationValue</span></p></div><p><b>identifier</b>: HPIPractitionerRole/R00000015-C (use: official)</p><p><b>active</b>: false</p><p><b>practitioner</b>: <a href="Practitioner/99ZZZS">Practitioner/99ZZZS</a></p><p><b>code</b>: Aircraft Maintenance Engineer (Mechanical) <span style="background: LightGoldenRodYellow; margin: 4px; border: 1px solid khaki"> (<a href="https://common-ig.hip.digital.health.nz/site/CodeSystem-ANZCO-occupations-2013-1.2.html">ANZSCO - Australian and New Zealand Standard Classification of Occupations, 2013[1.2]</a>#323112)</span></p></div>
  </text>
  <identifier>
    <use value="official"/>
    <system value="https://standards.digital.health.nz/ns/hpi-practitionerrole-id"/>
    <value value="R00000015-C"/>
    <assigner>
      <reference value="Organization/G00001-G"/>
    </assigner>
  </identifier>
  <active value="false"/>
  <practitioner>
    <reference value="Practitioner/99ZZZS"/>
  </practitioner>
  <code>
    <coding>
      <system value="http://www.abs.gov.au/ausstats/abs@.nsf/mf/1220.0"/>
      <version value="1.2"/>
      <code value="323112"/>
      <display value="Aircraft Maintenance Engineer (Mechanical)"/>
    </coding>
    <text value="Aircraft Maintenance Engineer (Mechanical)"/>
  </code>
</PractitionerRole>