{
  "resourceType" : "Practitioner",
  "id" : "92ZZRE",
  "meta" : {
    "versionId" : "10673",
    "lastUpdated" : "2022-10-14T08:04:23.000+13:00",
    "profile" : ["http://hl7.org.nz/fhir/StructureDefinition/HPIPractitioner"],
    "security" : [{
      "system" : "http://terminology.hl7.org/CodeSystem/v3-Confidentiality",
      "code" : "M"
    }]
  },
  "text" : {
    "status" : "generated",
    "div" : "<div xmlns=\"http://www.w3.org/1999/xhtml\"><p class=\"res-header-id\"><b>Generated Narrative: Practitioner 92ZZRE</b></p><a name=\"92ZZRE\"> </a><a name=\"hc92ZZRE\"> </a><a name=\"92ZZRE-en-US\"> </a><div style=\"display: inline-block; background-color: #d9e0e7; padding: 6px; margin: 4px; border: 1px solid #8da1b4; border-radius: 5px; line-height: 60%\"><p style=\"margin-bottom: 0px\">version: versionId: id (PrimitiveType/Practitioner.meta.versionId): element = id -&gt; versionId=id[10673]; Last updated: 2022-10-14 08:04:23+1300</p><p style=\"margin-bottom: 0px\">Profile: <a href=\"StructureDefinition-HPIPractitioner.html\">HPI Practitioner</a></p><p style=\"margin-bottom: 0px\">Security Label: moderate (Details: Confidentiality code M  = ' moderate ', stated as ' null ')</p></div><p><b>identifier</b>: <code>https://standards.digital.health.nz/ns/hpi-person-id</code>/92ZZRE\u00a0(use:\u00a0official,\u00a0)</p><p><b>name</b>: Walter Eugene O'Reilly (Official), Radar (Old)</p><p><b>communication</b>: <span title=\"Codes:{urn:iso:std:iso:639:-3 eng}\">English</span></p></div>"
  },
  "identifier" : [{
    "use" : "official",
    "system" : "https://standards.digital.health.nz/ns/hpi-person-id",
    "value" : "92ZZRE",
    "assigner" : {
      "reference" : "Organization/G00001-G"
    }
  }],
  "name" : [{
    "use" : "official",
    "family" : "O'Reilly",
    "given" : ["Walter",
    "Eugene"],
    "prefix" : ["cpl"]
  },
  {
    "use" : "old",
    "given" : ["Radar"]
  }],
  "communication" : [{
    "coding" : [{
      "system" : "urn:iso:std:iso:639:-3",
      "version" : "2007",
      "code" : "eng",
      "display" : "English"
    }],
    "text" : "English"
  }]
}