{
  "resourceType" : "Practitioner",
  "id" : "90ZZLP",
  "meta" : {
    "versionId" : "9971",
    "lastUpdated" : "2022-04-07T09:12:26.000+12:00",
    "profile" : ["http://hl7.org.nz/fhir/StructureDefinition/HPIPractitioner"],
    "security" : [{
      "system" : "http://terminology.hl7.org/CodeSystem/v3-ObservationValue",
      "code" : "REDACTED"
    },
    {
      "system" : "http://terminology.hl7.org/CodeSystem/v3-Confidentiality",
      "code" : "R"
    }]
  },
  "text" : {
    "status" : "generated",
    "div" : "<div xmlns=\"http://www.w3.org/1999/xhtml\"><p><b>Generated Narrative: Practitioner</b><a name=\"90ZZLP\"> </a></p><div style=\"display: inline-block; background-color: #d9e0e7; padding: 6px; margin: 4px; border: 1px solid #8da1b4; border-radius: 5px; line-height: 60%\"><p style=\"margin-bottom: 0px\">Resource Practitioner &quot;90ZZLP&quot; Version &quot;9971&quot; Updated &quot;2022-04-07 09:12:26+1200&quot; </p><p style=\"margin-bottom: 0px\">Profile: <a href=\"StructureDefinition-HPIPractitioner.html\">HPI Practitioner</a></p><p style=\"margin-bottom: 0px\">Security Labels: <span title=\"{http://terminology.hl7.org/CodeSystem/v3-ObservationValue http://terminology.hl7.org/CodeSystem/v3-ObservationValue}\">http://terminology.hl7.org/CodeSystem/v3-ObservationValue</span>, <span title=\"{http://terminology.hl7.org/CodeSystem/v3-Confidentiality http://terminology.hl7.org/CodeSystem/v3-Confidentiality}\">http://terminology.hl7.org/CodeSystem/v3-Confidentiality</span></p></div><p><b>identifier</b>: id: 90ZZLP (use: OFFICIAL)</p></div>"
  },
  "identifier" : [{
    "use" : "official",
    "system" : "https://standards.digital.health.nz/ns/hpi-person-id",
    "value" : "90ZZLP",
    "assigner" : {
      "reference" : "Organization/G00001-G"
    }
  }]
}