<?xml version="1.0" encoding="UTF-8"?>

<Practitioner xmlns="http://hl7.org/fhir">
  <id value="91ZABY"/>
  <meta>
    <versionId value="10952"/>
    <lastUpdated value="2022-12-20T09:27:27.000+13:00"/>
    <profile value="http://hl7.org.nz/fhir/StructureDefinition/HPIPractitioner"/>
    <security>
      <system value="http://terminology.hl7.org/CodeSystem/v3-Confidentiality"/>
      <code value="L"/>
    </security>
  </meta>
  <text>
    <status value="generated"/><div xmlns="http://www.w3.org/1999/xhtml"><p class="res-header-id"><b>Generated Narrative: Practitioner 91ZABY</b></p><a name="91ZABY"> </a><a name="hc91ZABY"> </a><a name="91ZABY-en-US"> </a><div style="display: inline-block; background-color: #d9e0e7; padding: 6px; margin: 4px; border: 1px solid #8da1b4; border-radius: 5px; line-height: 60%"><p style="margin-bottom: 0px">version: 10952; Last updated: 2022-12-20 09:27:27+1300</p><p style="margin-bottom: 0px">Profile: <a href="StructureDefinition-HPIPractitioner.html">HPI Practitioner</a></p><p style="margin-bottom: 0px">Security Label: low (Details: Confidentiality code L  = ' low ', stated as ' null ')</p></div><p><b>identifier</b>: HPIProvider/91ZABY (use: official, ), NZOCC/96-20154 (use: official, )</p><p><b>name</b>: Lyndi Jane Rhode (Official)</p><p><b>gender</b>: Female</p><p><b>birthDate</b>: 1975-01-19</p><blockquote><p><b>qualification</b></p><p><b>identifier</b>: NZOCC/96-20154 (use: official, )</p><p><b>code</b>: <span title="Codes:{https://standards.digital.health.nz/ns/practitioner-registration-authority-code OT}">Occupational Therapy Board Register</span></p><p><b>period</b>: 2021-04-01 --&gt; 2022-03-31</p><p><b>issuer</b>: <a href="Organization/G00000-E">Organization/G00000-E</a></p></blockquote><p><b>communication</b>: <span title="Codes:{urn:iso:std:iso:639:-3 eng}">English</span></p></div>
  </text>
  <extension url="http://hl7.org.nz/fhir/StructureDefinition/nz-ethnicity">
    <valueCodeableConcept>
      <coding>
        <system value="https://standards.digital.health.nz/ns/ethnic-group-level-4-code"/>
        <version value="2.0"/>
        <code value="11111"/>
        <display value="New Zealand European"/>
      </coding>
      <text value="New Zealand European"/>
    </valueCodeableConcept>
  </extension>
  <extension url="http://hl7.org.nz/fhir/StructureDefinition/educational-qualification">
    <extension url="fullname">
      <valueString value="Bachelor of Occupational Therapy"/>
    </extension>
    <extension url="year">
      <valueDate value="2009"/>
    </extension>
    <extension url="institution">
      <valueString value="Wintec"/>
    </extension>
    <extension url="city">
      <valueString value="HAMILTON"/>
    </extension>
    <extension url="country">
      <valueString value="NZ"/>
    </extension>
  </extension>
  <extension url="http://hl7.org.nz/fhir/StructureDefinition/educational-qualification">
    <extension url="fullname">
      <valueString value="Master of Occupational Therapy"/>
    </extension>
    <extension url="year">
      <valueDate value="2019"/>
    </extension>
    <extension url="institution">
      <valueString value="Otago Polytechnic"/>
    </extension>
    <extension url="city">
      <valueString value="DUNEDIN"/>
    </extension>
    <extension url="country">
      <valueString value="NZ"/>
    </extension>
  </extension>
  <identifier>
    <use value="official"/>
    <system value="https://standards.digital.health.nz/ns/hpi-person-id"/>
    <value value="91ZABY"/>
    <assigner>
      <reference value="Organization/G00001-G"/>
    </assigner>
  </identifier>
  <identifier>
    <use value="official"/>
    <system value="https://standards.digital.health.nz/ns/occupational-therapy-board-id"/>
    <value value="96-20154"/>
    <assigner>
      <reference value="Organization/G00000-E"/>
    </assigner>
  </identifier>
  <name>
    <use value="official"/>
    <family value="Rhode"/>
    <given value="Lyndi"/>
    <given value="Jane"/>
    <prefix value="ms"/>
  </name>
  <gender value="female"/>
  <birthDate value="1975-01-19"/>
  <qualification>
    <extension url="http://hl7.org.nz/fhir/StructureDefinition/registration-status-code">
      <extension url="status">
        <valueCodeableConcept>
          <coding>
            <system value="https://standards.digital.health.nz/ns/practitioner-registration-status-code"/>
            <version value="2.0"/>
            <code value="current"/>
            <display value="A provider who holds or is deemed to hold a current practising certificate."/>
          </coding>
          <text value="A provider who holds or is deemed to hold a current practising certificate."/>
        </valueCodeableConcept>
      </extension>
      <extension url="period">
        <valuePeriod>
          <start value="2009-02-01"/>
        </valuePeriod>
      </extension>
    </extension>
    <extension url="http://hl7.org.nz/fhir/StructureDefinition/scope-of-practice">
      <extension url="code">
        <valueCodeableConcept>
          <coding>
            <system value="https://standards.digital.health.nz/ns/practitioner-scope-of-practice-code"/>
            <version value="1.0.0"/>
            <code value="OCCT"/>
            <display value="Occupational Therapist"/>
          </coding>
          <text value="Occupational Therapist"/>
        </valueCodeableConcept>
      </extension>
      <extension url="period">
        <valuePeriod>
          <start value="2009-02-01"/>
        </valuePeriod>
      </extension>
    </extension>
    <extension url="http://hl7.org.nz/fhir/StructureDefinition/condition-on-practice">
      <extension url="description">
        <valueString value="Must complete annual eye test"/>
      </extension>
      <extension url="period">
        <valuePeriod>
          <start value="2019-09-19"/>
        </valuePeriod>
      </extension>
    </extension>
    <extension url="http://hl7.org.nz/fhir/StructureDefinition/registration-initial-date">
      <valueDate value="2009-02-01"/>
    </extension>
    <identifier>
      <use value="official"/>
      <system value="https://standards.digital.health.nz/ns/occupational-therapy-board-id"/>
      <value value="96-20154"/>
      <assigner>
        <reference value="Organization/G00000-E"/>
      </assigner>
    </identifier>
    <code>
      <coding>
        <system value="https://standards.digital.health.nz/ns/practitioner-registration-authority-code"/>
        <version value="2.0"/>
        <code value="OT"/>
        <display value="Occupational Therapy Board Register"/>
      </coding>
      <text value="Occupational Therapy Board Register"/>
    </code>
    <period>
      <start value="2021-04-01"/>
      <end value="2022-03-31"/>
    </period>
    <issuer>
      <reference value="Organization/G00000-E"/>
    </issuer>
  </qualification>
  <communication>
    <coding>
      <system value="urn:iso:std:iso:639:-3"/>
      <version value="2007"/>
      <code value="eng"/>
      <display value="English"/>
    </coding>
    <text value="English"/>
  </communication>
</Practitioner>