{
  "resourceType": "Practitioner",
  "id": "98ZZQJ",
  "meta": {
    "versionId": "10099",
    "profile": [
      "http://hl7.org.nz/fhir/StructureDefinition/HPIPractitioner"
    ],
    "security": [
      {
        "system": "http://hl7.org/fhir/v3-SecurityIntegrityObservationValue",
        "code": "REDACTED"
      }
    ]
  },
  "text": {
    "status": "extensions",
    "div": "<div xmlns=\"http://www.w3.org/1999/xhtml\"><p><b>Generated Narrative</b></p><div style=\"display: inline-block; background-color: #d9e0e7; padding: 6px; margin: 4px; border: 1px solid #8da1b4; border-radius: 5px; line-height: 60%\"><p style=\"margin-bottom: 0px\">Resource \"98ZZQJ\" Version \"10099\" </p><p style=\"margin-bottom: 0px\">Profile: <a href=\"StructureDefinition-HPIPractitioner.html\">HPI Practitioner</a></p><p style=\"margin-bottom: 0px\">Security Labels: <span title=\"{http://hl7.org/fhir/v3-SecurityIntegrityObservationValue http://hl7.org/fhir/v3-SecurityIntegrityObservationValue}\">http://hl7.org/fhir/v3-SecurityIntegrityObservationValue</span></p></div><blockquote><p><b>EducationalQualification</b></p><p><b>value</b>: Bachelor of Nursing</p><p><b>value</b>: 2009-01-01</p><p><b>value</b>: Whitireia Polytechnic</p><p><b>value</b>: PALMERSTON NORTH</p><p><b>value</b>: NZ</p></blockquote><blockquote><p><b>EducationalQualification</b></p><p><b>value</b>: Bachelor of Midwifery</p><p><b>value</b>: 2019-01-01</p><p><b>value</b>: Auckland University of Technology</p><p><b>value</b>: AUCKLAND</p><p><b>value</b>: NZ</p></blockquote><p><b>identifier</b>: id: 98ZZQJ (OFFICIAL), id: 90ZZGJ (OLD), id: 962054 (OFFICIAL), id: 95579 (OFFICIAL)</p><p><b>name</b>: TestTwo Tworegistrations Nurse-Midwife (OFFICIAL)</p><blockquote><p><b>qualification</b></p><blockquote><p><b>RegistrationStatusCode</b></p><p><b>value</b>: Current <span style=\"background: LightGoldenRodYellow; margin: 4px; border: 1px solid khaki\"> (<a href=\"https://ig-common.hip-uat.digital.health.nz/site/CodeSystem-hpi-registration-status-2.0.html\">HPI Registration Status[2.0]</a>#current)</span></p><p><b>value</b>: 2019-02-01 --&gt; 2023-02-01</p></blockquote><blockquote><p><b>AdditionalAuthorisation</b></p><p><b>value</b>: Prescribing authorisation <span style=\"background: LightGoldenRodYellow; margin: 4px; border: 1px solid khaki\"> (<a href=\"https://ig-common.hip-uat.digital.health.nz/site/CodeSystem-hpi-additional-authorisation-1.1.html\">Additional Authorisation[1.0]</a>#NC01)</span></p><p><b>value</b>: 2022-07-01 --&gt; (ongoing)</p></blockquote><blockquote><p><b>ScopeOfPractice</b></p><p><b>value</b>: Registered Nurse <span style=\"background: LightGoldenRodYellow; margin: 4px; border: 1px solid khaki\"> (<a href=\"https://ig-common.hip-uat.digital.health.nz/site/CodeSystem-hpi-scope-of-practice-v1.0.html\">Scope of practice[1.0]</a>#NCRN)</span></p><p><b>value</b>: 2009-04-08 --&gt; 2023-03-27</p></blockquote><blockquote><p><b>ConditionOnPractice</b></p><p><b>value</b>: NCRN Must have a competence assessment completed by a senior nurse every 12 months</p><p><b>value</b>: 2009-04-08 --&gt; (ongoing)</p></blockquote><p><b>RegistrationInitialDate</b>: 2009-02-01</p><p><b>identifier</b>: id: 962054 (OFFICIAL)</p><p><b>code</b>: Nursing Council of New Zealand Register Number (NC) <span style=\"background: LightGoldenRodYellow; margin: 4px; border: 1px solid khaki\"> (<a href=\"https://ig-common.hip-uat.digital.health.nz/site/CodeSystem-hpi-registration-type-2.0.html\">HPI Registration Type[2.0]</a>#NC)</span></p><p><b>period</b>: 2019-02-01 --&gt; 2120-02-01</p><p><b>issuer</b>: <a href=\"Organization/G00008-K\">Organization/G00008-K</a></p></blockquote><blockquote><p><b>qualification</b></p><blockquote><p><b>RegistrationStatusCode</b></p><p><b>value</b>: Current <span style=\"background: LightGoldenRodYellow; margin: 4px; border: 1px solid khaki\"> (<a href=\"https://ig-common.hip-uat.digital.health.nz/site/CodeSystem-hpi-registration-status-2.0.html\">HPI Registration Status[2.0]</a>#current)</span></p><p><b>value</b>: 2020-12-10 --&gt; 2022-12-11</p></blockquote><blockquote><p><b>ScopeOfPractice</b></p><p><b>value</b>: Midwife <span style=\"background: LightGoldenRodYellow; margin: 4px; border: 1px solid khaki\"> (<a href=\"https://ig-common.hip-uat.digital.health.nz/site/CodeSystem-hpi-scope-of-practice-v1.0.html\">Scope of practice[1.0]</a>#MWIF)</span></p><p><b>value</b>: 2019-04-08 --&gt; 2023-04-11</p></blockquote><blockquote><p><b>ConditionOnPractice</b></p><p><b>value</b>: NCRN Must have a competence assessment completed by a senior nurse every 12 months</p><p><b>value</b>: 2019-04-08 --&gt; (ongoing)</p></blockquote><p><b>RegistrationInitialDate</b>: 2020-02-01</p><p><b>identifier</b>: id: 95579 (OFFICIAL)</p><p><b>code</b>: Midwifery Council Register Number (MW) <span style=\"background: LightGoldenRodYellow; margin: 4px; border: 1px solid khaki\"> (<a href=\"https://ig-common.hip-uat.digital.health.nz/site/CodeSystem-hpi-registration-type-2.0.html\">HPI Registration Type[2.0]</a>#MW)</span></p><p><b>period</b>: 2020-12-10 --&gt; 2022-12-11</p><p><b>issuer</b>: <a href=\"Organization/G00009-A\">Organization/G00009-A</a></p></blockquote><p><b>communication</b>: English <span style=\"background: LightGoldenRodYellow; margin: 4px; border: 1px solid khaki\"> (<a href=\"https://ig-common.hip-uat.digital.health.nz/site/CodeSystem-iso639-3-2007.html\">ISO 639-3:2007 (3-alpha language code)[2007]</a>#eng)</span>, English <span style=\"background: LightGoldenRodYellow; margin: 4px; border: 1px solid khaki\"> (<a href=\"https://ig-common.hip-uat.digital.health.nz/site/CodeSystem-iso639-3-2007.html\">ISO 639-3:2007 (3-alpha language code)[2007]</a>#eng)</span></p></div>"
  },
  "extension": [
    {
      "extension": [
        {
          "url": "fullname",
          "valueString": "Bachelor of Nursing"
        },
        {
          "url": "year",
          "valueDate": "2009"
        },
        {
          "url": "institution",
          "valueString": "Whitireia Polytechnic"
        },
        {
          "url": "city",
          "valueString": "PALMERSTON NORTH"
        },
        {
          "url": "country",
          "valueString": "NZ"
        }
      ],
      "url": "http://hl7.org.nz/fhir/StructureDefinition/educational-qualification"
    },
    {
      "extension": [
        {
          "url": "fullname",
          "valueString": "Bachelor of Midwifery"
        },
        {
          "url": "year",
          "valueDate": "2019"
        },
        {
          "url": "institution",
          "valueString": "Auckland University of Technology"
        },
        {
          "url": "city",
          "valueString": "AUCKLAND"
        },
        {
          "url": "country",
          "valueString": "NZ"
        }
      ],
      "url": "http://hl7.org.nz/fhir/StructureDefinition/educational-qualification"
    }
  ],
  "identifier": [
    {
      "use": "official",
      "system": "https://standards.digital.health.nz/ns/hpi-person-id",
      "value": "98ZZQJ",
      "assigner": {
        "reference": "Organization/G00001-G"
      }
    },
    {
      "use": "old",
      "system": "https://standards.digital.health.nz/ns/hpi-person-id",
      "value": "90ZZGJ",
      "assigner": {
        "reference": "Organization/G00001-G"
      }
    },
    {
      "use": "official",
      "system": "https://standards.digital.health.nz/ns/nursing-council-id",
      "value": "962054",
      "assigner": {
        "reference": "Organization/G00008-K"
      }
    },
    {
      "use": "official",
      "system": "https://standards.digital.health.nz/ns/midwifery-council-id",
      "value": "95579",
      "assigner": {
        "reference": "Organization/G00009-A"
      }
    }
  ],
  "name": [
    {
      "use": "official",
      "family": "Nurse-Midwife",
      "given": [
        "TestTwo",
        "Tworegistrations"
      ],
      "prefix": [
        "mrs"
      ]
    }
  ],
  "qualification": [
    {
      "extension": [
        {
          "extension": [
            {
              "url": "status",
              "valueCodeableConcept": {
                "coding": [
                  {
                    "system": "https://standards.digital.health.nz/ns/practitioner-registration-status-code",
                    "version": "2.0",
                    "code": "current",
                    "display": "Current"
                  }
                ],
                "text": "Current"
              }
            },
            {
              "url": "period",
              "valuePeriod": {
                "start": "2019-02-01",
                "end": "2023-02-01"
              }
            }
          ],
          "url": "http://hl7.org.nz/fhir/StructureDefinition/registration-status-code"
        },
        {
          "extension": [
            {
              "url": "code",
              "valueCodeableConcept": {
                "coding": [
                  {
                    "system": "https://standards.digital.health.nz/ns/practitioner-additional-authorisation-code",
                    "version": "1.0",
                    "code": "NC01",
                    "display": "Prescribing authorisation"
                  }
                ],
                "text": "Prescribing authorisation"
              }
            },
            {
              "url": "period",
              "valuePeriod": {
                "start": "2022-07-01"
              }
            }
          ],
          "url": "http://hl7.org.nz/fhir/StructureDefinition/additional-authorisation"
        },
        {
          "extension": [
            {
              "url": "code",
              "valueCodeableConcept": {
                "coding": [
                  {
                    "system": "https://standards.digital.health.nz/ns/practitioner-scope-of-practice-code",
                    "version": "1.0",
                    "code": "NCRN",
                    "display": "Registered Nurse"
                  }
                ],
                "text": "Registered Nurse"
              }
            },
            {
              "url": "period",
              "valuePeriod": {
                "start": "2009-04-08",
                "end": "2023-03-27"
              }
            }
          ],
          "url": "http://hl7.org.nz/fhir/StructureDefinition/scope-of-practice"
        },
        {
          "extension": [
            {
              "url": "description",
              "valueString": "NCRN Must have a competence assessment completed by a senior nurse every 12 months"
            },
            {
              "url": "period",
              "valuePeriod": {
                "start": "2009-04-08"
              }
            }
          ],
          "url": "http://hl7.org.nz/fhir/StructureDefinition/condition-on-practice"
        },
        {
          "url": "http://hl7.org.nz/fhir/StructureDefinition/registration-initial-date",
          "valueDate": "2009-02-01"
        }
      ],
      "identifier": [
        {
          "use": "official",
          "system": "https://standards.digital.health.nz/ns/nursing-council-id",
          "value": "962054",
          "assigner": {
            "reference": "Organization/G00008-K"
          }
        }
      ],
      "code": {
        "coding": [
          {
            "system": "https://standards.digital.health.nz/ns/practitioner-registration-authority-code",
            "version": "2.0",
            "code": "NC",
            "display": "Nursing Council of New Zealand Register Number (NC)"
          }
        ],
        "text": "Nursing Council of New Zealand Register Number (NC)"
      },
      "period": {
        "start": "2019-02-01",
        "end": "2120-02-01"
      },
      "issuer": {
        "reference": "Organization/G00008-K"
      }
    },
    {
      "extension": [
        {
          "extension": [
            {
              "url": "status",
              "valueCodeableConcept": {
                "coding": [
                  {
                    "system": "https://standards.digital.health.nz/ns/practitioner-registration-status-code",
                    "version": "2.0",
                    "code": "current",
                    "display": "Current"
                  }
                ],
                "text": "Current"
              }
            },
            {
              "url": "period",
              "valuePeriod": {
                "start": "2020-12-10",
                "end": "2022-12-11"
              }
            }
          ],
          "url": "http://hl7.org.nz/fhir/StructureDefinition/registration-status-code"
        },
        {
          "extension": [
            {
              "url": "code",
              "valueCodeableConcept": {
                "coding": [
                  {
                    "system": "https://standards.digital.health.nz/ns/practitioner-scope-of-practice-code",
                    "version": "1.0",
                    "code": "MWIF",
                    "display": "Midwife"
                  }
                ],
                "text": "Midwife"
              }
            },
            {
              "url": "period",
              "valuePeriod": {
                "start": "2019-04-08",
                "end": "2023-04-11"
              }
            }
          ],
          "url": "http://hl7.org.nz/fhir/StructureDefinition/scope-of-practice"
        },
        {
          "extension": [
            {
              "url": "description",
              "valueString": "NCRN Must have a competence assessment completed by a senior nurse every 12 months"
            },
            {
              "url": "period",
              "valuePeriod": {
                "start": "2019-04-08"
              }
            }
          ],
          "url": "http://hl7.org.nz/fhir/StructureDefinition/condition-on-practice"
        },
        {
          "url": "http://hl7.org.nz/fhir/StructureDefinition/registration-initial-date",
          "valueDate": "2020-02-01"
        }
      ],
      "identifier": [
        {
          "use": "official",
          "system": "https://standards.digital.health.nz/ns/midwifery-council-id",
          "value": "95579",
          "assigner": {
            "reference": "Organization/G00009-A"
          }
        }
      ],
      "code": {
        "coding": [
          {
            "system": "https://standards.digital.health.nz/ns/practitioner-registration-authority-code",
            "version": "2.0",
            "code": "MW",
            "display": "Midwifery Council Register Number (MW)"
          }
        ],
        "text": "Midwifery Council Register Number (MW)"
      },
      "period": {
        "start": "2020-12-10",
        "end": "2022-12-11"
      },
      "issuer": {
        "reference": "Organization/G00009-A"
      }
    }
  ],
  "communication": [
    {
      "coding": [
        {
          "system": "urn:iso:std:iso:639:-3",
          "version": "2007",
          "code": "eng",
          "display": "English"
        }
      ],
      "text": "English"
    },
    {
      "coding": [
        {
          "system": "urn:iso:std:iso:639:-3",
          "version": "2007",
          "code": "eng",
          "display": "English"
        }
      ],
      "text": "English"
    }
  ]
}