{
  "resourceType": "PractitionerRole",
  "id": "R00000012-G",
  "meta": {
    "versionId": "0",
    "profile": [
      "http://hl7.org.nz/fhir/StructureDefinition/HPIPractitionerRole"
    ]
  },
  "text": {
    "status": "extensions",
    "div": "<div xmlns=\"http://www.w3.org/1999/xhtml\"><p><b>Generated Narrative</b></p><div style=\"display: inline-block; background-color: #d9e0e7; padding: 6px; margin: 4px; border: 1px solid #8da1b4; border-radius: 5px; line-height: 60%\"><p style=\"margin-bottom: 0px\">Resource \"R00000012-G\" Version \"0\" </p><p style=\"margin-bottom: 0px\">Profile: <a href=\"StructureDefinition-HPIPractitionerRole.html\">HPI Practitioner role</a></p></div><p><b>PractitionerRoleStatusReason</b>: Other <span style=\"background: LightGoldenRodYellow; margin: 4px; border: 1px solid khaki\"> (<a href=\"https://common-ig.hip.digital.health.nz/site/CodeSystem-hpi-practitioner-role-status-reason-1.0.html\">HPI PractitionerRole status reason[1.0]</a>#other)</span></p><blockquote><p><b>PractitionerRoleCreator</b></p><p><b>value</b>: <a href=\"Person/testall\">Person/testall</a></p><p><b>value</b>: <a href=\"Organization/G00001-G\">Organization/G00001-G</a></p></blockquote><p><b>identifier</b>: id: R00000012-G (OFFICIAL)</p><p><b>active</b>: false</p><p><b>period</b>: 2000-02-10 --&gt; 2010-05-02</p><p><b>practitioner</b>: <a href=\"Practitioner-90ZZLP.html\">Practitioner/90ZZLP</a> \" MULCAHY\"</p><p><b>organization</b>: <a href=\"Organization/GZZ998-G\">Organization/GZZ998-G</a></p><p><b>code</b>: Medical Receptionist <span style=\"background: LightGoldenRodYellow; margin: 4px; border: 1px solid khaki\"> (<a href=\"https://common-ig.hip.digital.health.nz/site/CodeSystem-ANZCO-occupations-2013-1.2.html\">ANZSCO - Australian and New Zealand Standard Classification of Occupations, 2013[1.2]</a>#542114)</span></p><p><b>location</b>: <a href=\"Location-FZZ999-B.html\">Location/FZZ999-B</a> \"Live Facilty\"</p><p><b>telecom</b>: <a href=\"mailto:info@info.com\">info@info.com</a>, ph: 1324654769(WORK)</p></div>"
  },
  "extension": [
    {
      "url": "http://hl7.org.nz/fhir/StructureDefinition/practitionerRole-status-reason",
      "valueCodeableConcept": {
        "coding": [
          {
            "system": "https://standards.digital.health.nz/ns/hpi-practitioner-role-status-reason-code",
            "version": "1.0",
            "code": "other",
            "display": "Other"
          }
        ],
        "text": "Other"
      }
    },
    {
      "extension": [
        {
          "url": "person",
          "valueReference": {
            "reference": "Person/testall"
          }
        },
        {
          "url": "organization",
          "valueReference": {
            "reference": "Organization/G00001-G"
          }
        }
      ],
      "url": "http://hl7.org.nz/fhir/StructureDefinition/practitionerRole-creator"
    }
  ],
  "identifier": [
    {
      "use": "official",
      "system": "https://standards.digital.health.nz/ns/hpi-practitionerrole-id",
      "value": "R00000012-G",
      "assigner": {
        "reference": "Organization/G00001-G"
      }
    }
  ],
  "active": false,
  "period": {
    "start": "2000-02-10",
    "end": "2010-05-02"
  },
  "practitioner": {
    "reference": "Practitioner/90ZZLP"
  },
  "organization": {
    "reference": "Organization/GZZ998-G"
  },
  "code": [
    {
      "coding": [
        {
          "system": "http://www.abs.gov.au/ausstats/abs@.nsf/mf/1220.0",
          "version": "1.2",
          "code": "542114",
          "display": "Medical Receptionist"
        }
      ],
      "text": "Medical Receptionist"
    }
  ],
  "location": [
    {
      "reference": "Location/FZZ999-B"
    }
  ],
  "telecom": [
    {
      "system": "email",
      "value": "info@info.com",
      "use": "work",
      "rank": 2,
      "period": {
        "start": "2000-02-10",
        "end": "2010-05-02"
      }
    },
    {
      "system": "phone",
      "value": "1324654769",
      "use": "work",
      "rank": 1,
      "period": {
        "start": "2000-02-10",
        "end": "2010-05-02"
      }
    }
  ]
}