<?xml version="1.0" encoding="UTF-8"?>

<Practitioner xmlns="http://hl7.org/fhir">
  <id value="94ZZXF"/>
  <meta>
    <profile value="http://hl7.org.nz/fhir/StructureDefinition/HPIPractitioner"/>
  </meta>
  <text>
    <status value="extensions"/><div xmlns="http://www.w3.org/1999/xhtml"><p><b>Generated Narrative</b></p><div style="display: inline-block; background-color: #d9e0e7; padding: 6px; margin: 4px; border: 1px solid #8da1b4; border-radius: 5px; line-height: 60%"><p style="margin-bottom: 0px">Resource "94ZZXF" </p><p style="margin-bottom: 0px">Profile: <a href="StructureDefinition-HPIPractitioner.html">HPI Practitioner</a></p></div><p><b>NZ Ethnicity</b>: New Zealand European <span style="background: LightGoldenRodYellow; margin: 4px; border: 1px solid khaki"> (<a href="https://dev.d3ox9vcqia2rpj.amplifyapp.com/CodeSystem-ethnic05-2.0.html">Ethnicity lvl 4. v2005 2.0[2.0]</a>#11111)</span></p><blockquote><p><b>EducationalQualification</b></p><p><b>value</b>: PGDip Dietetics</p><p><b>value</b>: 2001-01-01</p><p><b>value</b>: Wales University</p><p><b>value</b>: London</p><p><b>value</b>: GB</p></blockquote><blockquote><p><b>EducationalQualification</b></p><p><b>value</b>: BSc Food &amp; Nutrition</p><p><b>value</b>: 1998-01-01</p><p><b>value</b>: Oxford Brookes University</p></blockquote><p><b>identifier</b>: id: 94ZZXF (OFFICIAL), id: 94ZZBB (OLD)</p><p><b>name</b>: TestFive Registered-Authority Dietitian (OFFICIAL)</p><p><b>gender</b>: female</p><p><b>birthDate</b>: 1970-02-12</p><h3>Qualifications</h3><table class="grid"><tr><td>-</td><td><b>Extension</b></td><td><b>Identifier</b></td><td><b>Code</b></td><td><b>Period</b></td><td><b>Issuer</b></td></tr><tr><td>*</td><td>, , </td><td>id: 20-91292 (OFFICIAL)</td><td>Dietitians Board Register <span style="background: LightGoldenRodYellow; margin: 4px; border: 1px solid khaki"> (<a href="https://dev.d3ox9vcqia2rpj.amplifyapp.com/CodeSystem-hpi-registration-type-2.0.html">HPI Registration Type[2.0]</a>#DI)</span></td><td>2020-09-28 --&gt; 2022-09-29</td><td><a href="Organization-G00023F.html">Organization/G00023F</a> "New Zealand Dietitians Board"</td></tr></table><p><b>communication</b>: English <span style="background: LightGoldenRodYellow; margin: 4px; border: 1px solid khaki"> (<a href="https://dev.d3ox9vcqia2rpj.amplifyapp.com/CodeSystem-iso639-3-2007.html">ISO 639-3:2007 (3-alpha language code)[2007]</a>#eng)</span></p></div>
  </text>
  <extension url="http://hl7.org.nz/fhir/StructureDefinition/nz-ethnicity">
    <valueCodeableConcept>
      <coding>
        <system value="https://standards.digital.health.nz/ns/ethnic-group-level-4-code"/>
        <version value="2.0"/>
        <code value="11111"/>
        <display value="New Zealand European"/>
      </coding>
      <text value="New Zealand European"/>
    </valueCodeableConcept>
  </extension>
  <extension url="http://hl7.org.nz/fhir/StructureDefinition/educational-qualification">
    <extension url="fullname">
      <valueString value="PGDip Dietetics"/>
    </extension>
    <extension url="year">
      <valueDate value="2001"/>
    </extension>
    <extension url="institution">
      <valueString value="Wales University"/>
    </extension>
    <extension url="city">
      <valueString value="London"/>
    </extension>
    <extension url="country">
      <valueString value="GB"/>
    </extension>
  </extension>
  <extension url="http://hl7.org.nz/fhir/StructureDefinition/educational-qualification">
    <extension url="fullname">
      <valueString value="BSc Food &amp; Nutrition"/>
    </extension>
    <extension url="year">
      <valueDate value="1998"/>
    </extension>
    <extension url="institution">
      <valueString value="Oxford Brookes University"/>
    </extension>
  </extension>
  <identifier>
    <use value="official"/>
    <system value="https://standards.digital.health.nz/ns/hpi-person-id"/>
    <value value="94ZZXF"/>
    <assigner>
      <reference value="Organization/G00001G"/>
    </assigner>
  </identifier>
  <identifier>
    <use value="old"/>
    <system value="https://standards.digital.health.nz/ns/hpi-person-id"/>
    <value value="94ZZBB"/>
    <assigner>
      <reference value="Organization/G00023F"/>
    </assigner>
  </identifier>
  <name>
    <use value="official"/>
    <family value="Dietitian"/>
    <given value="TestFive"/>
    <given value="Registered-Authority"/>
    <prefix value="mrs"/>
  </name>
  <gender value="female"/>
  <birthDate value="1970-02-12"/>
  <qualification>
    <extension url="http://hl7.org.nz/fhir/StructureDefinition/scope-of-practice">
      <extension url="code">
        <valueCodeableConcept>
          <coding>
            <system value="https://standards.digital.health.nz/ns/practitioner-scope-of-practice-code"/>
            <version value="1.0"/>
            <code value="DIET"/>
            <display value="Dietitian"/>
          </coding>
          <text value="Dietitian"/>
        </valueCodeableConcept>
      </extension>
      <extension url="period">
        <valuePeriod>
          <start value="2005-03-03"/>
          <end value="2022-01-28"/>
        </valuePeriod>
      </extension>
    </extension>
    <extension url="http://hl7.org.nz/fhir/StructureDefinition/registration-initial-date">
      <valueDate value="1994-12-30"/>
    </extension>
    <extension url="http://hl7.org.nz/fhir/StructureDefinition/registration-status-code">
      <extension url="status">
        <valueCodeableConcept>
          <coding>
            <system value="https://standards.digital.health.nz/ns/practitioner-registration-status-code"/>
            <version value="2.0"/>
            <code value="current"/>
            <display value="Current"/>
          </coding>
          <text value="Current"/>
        </valueCodeableConcept>
      </extension>
    </extension>
    <identifier>
      <use value="official"/>
      <system value="https://standards.digital.health.nz/ns/dietitians-board-id"/>
      <value value="20-91292"/>
      <assigner>
        <reference value="Organization/G00023F"/>
      </assigner>
    </identifier>
    <code>
      <coding>
        <system value="https://standards.digital.health.nz/ns/practitioner-registration-authority-code"/>
        <version value="2.0"/>
        <code value="DI"/>
      </coding>
      <text value="Dietitians Board Register"/>
    </code>
    <period>
      <start value="2020-09-28"/>
      <end value="2022-09-29"/>
    </period>
    <issuer>
      <reference value="Organization/G00023F"/>
    </issuer>
  </qualification>
  <communication>
    <coding>
      <system value="urn:iso:std:iso:639:-3"/>
      <version value="2007"/>
      <code value="eng"/>
      <display value="English"/>
    </coding>
    <text value="English"/>
  </communication>
</Practitioner>