{
  "resourceType" : "Practitioner",
  "id" : "91ZABY",
  "meta" : {
    "versionId" : "10952",
    "lastUpdated" : "2022-12-20T09:27:27.000+13:00",
    "profile" : ["http://hl7.org.nz/fhir/StructureDefinition/HPIPractitioner"],
    "security" : [{
      "system" : "http://terminology.hl7.org/CodeSystem/v3-Confidentiality",
      "code" : "L"
    }]
  },
  "text" : {
    "status" : "extensions",
    "div" : "<div xmlns=\"http://www.w3.org/1999/xhtml\"><p><b>Generated Narrative: Practitioner</b><a name=\"91ZABY\"> </a></p><div style=\"display: inline-block; background-color: #d9e0e7; padding: 6px; margin: 4px; border: 1px solid #8da1b4; border-radius: 5px; line-height: 60%\"><p style=\"margin-bottom: 0px\">Resource Practitioner &quot;91ZABY&quot; Version &quot;10952&quot; Updated &quot;2022-12-20 09:27:27+1300&quot; </p><p style=\"margin-bottom: 0px\">Profile: <a href=\"StructureDefinition-HPIPractitioner.html\">HPI Practitioner</a></p><p style=\"margin-bottom: 0px\">Security Labels: <span title=\"{http://terminology.hl7.org/CodeSystem/v3-Confidentiality http://terminology.hl7.org/CodeSystem/v3-Confidentiality}\">http://terminology.hl7.org/CodeSystem/v3-Confidentiality</span></p></div><p><b>NZ Ethnicity</b>: New Zealand European <span style=\"background: LightGoldenRodYellow; margin: 4px; border: 1px solid khaki\"> (<a href=\"https://common-ig-v1-3-1.hip.digital.health.nz/site/CodeSystem-ethnic05-2.0.html\">Level 4 ethnicity codes[2.0]</a>#11111)</span></p><blockquote><p><b>EducationalQualification</b></p><blockquote><p><b>url</b></p><code>fullname</code></blockquote><p><b>value</b>: Bachelor of Occupational Therapy</p><blockquote><p><b>url</b></p><code>year</code></blockquote><p><b>value</b>: 2009</p><blockquote><p><b>url</b></p><code>institution</code></blockquote><p><b>value</b>: Wintec</p><blockquote><p><b>url</b></p><code>city</code></blockquote><p><b>value</b>: HAMILTON</p><blockquote><p><b>url</b></p><code>country</code></blockquote><p><b>value</b>: NZ</p></blockquote><blockquote><p><b>EducationalQualification</b></p><blockquote><p><b>url</b></p><code>fullname</code></blockquote><p><b>value</b>: Master of Occupational Therapy</p><blockquote><p><b>url</b></p><code>year</code></blockquote><p><b>value</b>: 2019</p><blockquote><p><b>url</b></p><code>institution</code></blockquote><p><b>value</b>: Otago Polytechnic</p><blockquote><p><b>url</b></p><code>city</code></blockquote><p><b>value</b>: DUNEDIN</p><blockquote><p><b>url</b></p><code>country</code></blockquote><p><b>value</b>: NZ</p></blockquote><p><b>identifier</b>: HPIProvider/91ZABY\u00a0(use:\u00a0OFFICIAL), NZOCC/96-20154\u00a0(use:\u00a0OFFICIAL)</p><p><b>name</b>: Lyndi Jane Rhode (OFFICIAL)</p><p><b>gender</b>: female</p><p><b>birthDate</b>: 1975-01-19</p><h3>Qualifications</h3><table class=\"grid\"><tr><td style=\"display: none\">-</td><td><b>Extension</b></td><td><b>Identifier</b></td><td><b>Code</b></td><td><b>Period</b></td><td><b>Issuer</b></td></tr><tr><td style=\"display: none\">*</td><td>, , , </td><td>NZOCC/96-20154\u00a0(use:\u00a0OFFICIAL)</td><td>Occupational Therapy Board Register <span style=\"background: LightGoldenRodYellow; margin: 4px; border: 1px solid khaki\"> (<a href=\"https://common-ig-v1-3-1.hip.digital.health.nz/site/CodeSystem-hpi-registration-type-2.0.html\">HPI Registration Type[2.0]</a>#OT)</span></td><td>2021-04-01 --&gt; 2122-03-31</td><td><a href=\"Organization/G00000-E\">Organization/G00000-E</a></td></tr></table><p><b>communication</b>: English <span style=\"background: LightGoldenRodYellow; margin: 4px; border: 1px solid khaki\"> (<a href=\"https://common-ig-v1-3-1.hip.digital.health.nz/site/CodeSystem-iso639-3-2007.html\">ISO 639-3:2007 (3-alpha language code)[2007]</a>#eng)</span></p></div>"
  },
  "extension" : [{
    "url" : "http://hl7.org.nz/fhir/StructureDefinition/nz-ethnicity",
    "valueCodeableConcept" : {
      "coding" : [{
        "system" : "https://standards.digital.health.nz/ns/ethnic-group-level-4-code",
        "version" : "2.0",
        "code" : "11111",
        "display" : "New Zealand European"
      }],
      "text" : "New Zealand European"
    }
  },
  {
    "extension" : [{
      "url" : "fullname",
      "valueString" : "Bachelor of Occupational Therapy"
    },
    {
      "url" : "year",
      "valueDate" : "2009"
    },
    {
      "url" : "institution",
      "valueString" : "Wintec"
    },
    {
      "url" : "city",
      "valueString" : "HAMILTON"
    },
    {
      "url" : "country",
      "valueString" : "NZ"
    }],
    "url" : "http://hl7.org.nz/fhir/StructureDefinition/educational-qualification"
  },
  {
    "extension" : [{
      "url" : "fullname",
      "valueString" : "Master of Occupational Therapy"
    },
    {
      "url" : "year",
      "valueDate" : "2019"
    },
    {
      "url" : "institution",
      "valueString" : "Otago Polytechnic"
    },
    {
      "url" : "city",
      "valueString" : "DUNEDIN"
    },
    {
      "url" : "country",
      "valueString" : "NZ"
    }],
    "url" : "http://hl7.org.nz/fhir/StructureDefinition/educational-qualification"
  }],
  "identifier" : [{
    "use" : "official",
    "system" : "https://standards.digital.health.nz/ns/hpi-person-id",
    "value" : "91ZABY",
    "assigner" : {
      "reference" : "Organization/G00001-G"
    }
  },
  {
    "use" : "official",
    "system" : "https://standards.digital.health.nz/ns/occupational-therapy-board-id",
    "value" : "96-20154",
    "assigner" : {
      "reference" : "Organization/G00000-E"
    }
  }],
  "name" : [{
    "use" : "official",
    "family" : "Rhode",
    "given" : ["Lyndi",
    "Jane"],
    "prefix" : ["ms"]
  }],
  "gender" : "female",
  "birthDate" : "1975-01-19",
  "qualification" : [{
    "extension" : [{
      "extension" : [{
        "url" : "status",
        "valueCodeableConcept" : {
          "coding" : [{
            "system" : "https://standards.digital.health.nz/ns/practitioner-registration-status-code",
            "version" : "2.0",
            "code" : "current",
            "display" : "A provider who holds or is deemed to hold a current practising certificate."
          }],
          "text" : "A provider who holds or is deemed to hold a current practising certificate."
        }
      },
      {
        "url" : "period",
        "valuePeriod" : {
          "start" : "2009-02-01"
        }
      }],
      "url" : "http://hl7.org.nz/fhir/StructureDefinition/registration-status-code"
    },
    {
      "extension" : [{
        "url" : "code",
        "valueCodeableConcept" : {
          "coding" : [{
            "system" : "https://standards.digital.health.nz/ns/practitioner-scope-of-practice-code",
            "version" : "1.0.0",
            "code" : "OCCT",
            "display" : "Occupational Therapist"
          }],
          "text" : "Occupational Therapist"
        }
      },
      {
        "url" : "period",
        "valuePeriod" : {
          "start" : "2009-02-01"
        }
      }],
      "url" : "http://hl7.org.nz/fhir/StructureDefinition/scope-of-practice"
    },
    {
      "extension" : [{
        "url" : "description",
        "valueString" : "Must complete annual eye test"
      },
      {
        "url" : "period",
        "valuePeriod" : {
          "start" : "2019-09-19"
        }
      }],
      "url" : "http://hl7.org.nz/fhir/StructureDefinition/condition-on-practice"
    },
    {
      "url" : "http://hl7.org.nz/fhir/StructureDefinition/registration-initial-date",
      "valueDate" : "2009-02-01"
    }],
    "identifier" : [{
      "use" : "official",
      "system" : "https://standards.digital.health.nz/ns/occupational-therapy-board-id",
      "value" : "96-20154",
      "assigner" : {
        "reference" : "Organization/G00000-E"
      }
    }],
    "code" : {
      "coding" : [{
        "system" : "https://standards.digital.health.nz/ns/practitioner-registration-authority-code",
        "version" : "2.0",
        "code" : "OT",
        "display" : "Occupational Therapy Board Register"
      }],
      "text" : "Occupational Therapy Board Register"
    },
    "period" : {
      "start" : "2021-04-01",
      "end" : "2122-03-31"
    },
    "issuer" : {
      "reference" : "Organization/G00000-E"
    }
  }],
  "communication" : [{
    "coding" : [{
      "system" : "urn:iso:std:iso:639:-3",
      "version" : "2007",
      "code" : "eng",
      "display" : "English"
    }],
    "text" : "English"
  }]
}