{
  "resourceType": "Practitioner",
  "id": "92ZZRR",
  "meta": {
    "versionId": "10135",
    "profile": [
      "http://hl7.org.nz/fhir/StructureDefinition/HPIPractitioner"
    ],
    "security": [
      {
        "system": "http://hl7.org/fhir/v3-SecurityIntegrityObservationValue",
        "code": "REDACTED"
      }
    ]
  },
  "text": {
    "status": "extensions",
    "div": "<div xmlns=\"http://www.w3.org/1999/xhtml\"><p><b>Generated Narrative</b></p><div style=\"display: inline-block; background-color: #d9e0e7; padding: 6px; margin: 4px; border: 1px solid #8da1b4; border-radius: 5px; line-height: 60%\"><p style=\"margin-bottom: 0px\">Resource \"92ZZRR\" Version \"10135\" </p><p style=\"margin-bottom: 0px\">Profile: <a href=\"StructureDefinition-HPIPractitioner.html\">HPI Practitioner</a></p><p style=\"margin-bottom: 0px\">Security Labels: <span title=\"{http://hl7.org/fhir/v3-SecurityIntegrityObservationValue http://hl7.org/fhir/v3-SecurityIntegrityObservationValue}\">http://hl7.org/fhir/v3-SecurityIntegrityObservationValue</span></p></div><blockquote><p><b>Date of death</b></p><p><b>value</b>: 2000-04-10T00:00:00+12:00</p></blockquote><blockquote><p><b>EducationalQualification</b></p><p><b>value</b>: Bachelor of Medicine Bachelor of Surgery</p><p><b>value</b>: 1963-01-01</p><p><b>value</b>: Fort Wayne</p><p><b>value</b>: Fort Wayne</p><p><b>value</b>: US</p></blockquote><p><b>identifier</b>: id: 92ZZRR (OFFICIAL), id: 99536 (OFFICIAL)</p><p><b>name</b>: Frank Burns (OFFICIAL)</p><h3>Qualifications</h3><table class=\"grid\"><tr><td>-</td><td><b>Extension</b></td><td><b>Identifier</b></td><td><b>Code</b></td><td><b>Period</b></td><td><b>Issuer</b></td></tr><tr><td>*</td><td>, , , , , </td><td>id: 99536 (OFFICIAL)</td><td>Medical Council of New Zealand Register Number (MC) <span style=\"background: LightGoldenRodYellow; margin: 4px; border: 1px solid khaki\"> (<a href=\"https://ig-common.hip-uat.digital.health.nz/site/CodeSystem-hpi-registration-type-2.0.html\">HPI Registration Type[2.0]</a>#MC)</span></td><td>2020-08-31 --&gt; 2022-08-31</td><td><a href=\"Organization-G00004-B.html\">Organization/G00004-B</a> \"Medical Council of New Zealand\"</td></tr></table><p><b>communication</b>: English <span style=\"background: LightGoldenRodYellow; margin: 4px; border: 1px solid khaki\"> (<a href=\"https://ig-common.hip-uat.digital.health.nz/site/CodeSystem-iso639-3-2007.html\">ISO 639-3:2007 (3-alpha language code)[2007]</a>#eng)</span></p></div>"
  },
  "extension": [
    {
      "extension": [
        {
          "url": "date",
          "valueDateTime": "2000-04-10T00:00:00+12:00"
        }
      ],
      "url": "http://hl7.org.nz/fhir/StructureDefinition/death-date"
    },
    {
      "extension": [
        {
          "url": "fullname",
          "valueString": "Bachelor of Medicine Bachelor of Surgery"
        },
        {
          "url": "year",
          "valueDate": "1963"
        },
        {
          "url": "institution",
          "valueString": "Fort Wayne"
        },
        {
          "url": "city",
          "valueString": "Fort Wayne"
        },
        {
          "url": "country",
          "valueString": "US"
        }
      ],
      "url": "http://hl7.org.nz/fhir/StructureDefinition/educational-qualification"
    }
  ],
  "identifier": [
    {
      "use": "official",
      "system": "https://standards.digital.health.nz/ns/hpi-person-id",
      "value": "92ZZRR",
      "assigner": {
        "reference": "Organization/G00001-G"
      }
    },
    {
      "use": "official",
      "system": "https://standards.digital.health.nz/ns/medical-council-id",
      "value": "99536",
      "assigner": {
        "reference": "Organization/G00004-B"
      }
    }
  ],
  "name": [
    {
      "use": "official",
      "family": "Burns",
      "given": [
        "Frank"
      ],
      "prefix": [
        "maj"
      ]
    }
  ],
  "qualification": [
    {
      "extension": [
        {
          "extension": [
            {
              "url": "status",
              "valueCodeableConcept": {
                "coding": [
                  {
                    "system": "https://standards.digital.health.nz/ns/practitioner-registration-status-code",
                    "version": "2.0",
                    "code": "current",
                    "display": "Current"
                  }
                ],
                "text": "Current"
              }
            },
            {
              "url": "period",
              "valuePeriod": {
                "start": "2020-08-31",
                "end": "2022-08-31"
              }
            }
          ],
          "url": "http://hl7.org.nz/fhir/StructureDefinition/registration-status-code"
        },
        {
          "extension": [
            {
              "url": "code",
              "valueCodeableConcept": {
                "coding": [
                  {
                    "system": "https://standards.digital.health.nz/ns/practitioner-scope-of-practice-code",
                    "version": "1.0",
                    "code": "MCGE",
                    "display": "General Scope of Practice"
                  }
                ],
                "text": "General Scope of Practice"
              }
            },
            {
              "url": "period",
              "valuePeriod": {
                "start": "2019-10-07"
              }
            }
          ],
          "url": "http://hl7.org.nz/fhir/StructureDefinition/scope-of-practice"
        },
        {
          "extension": [
            {
              "url": "code",
              "valueCodeableConcept": {
                "coding": [
                  {
                    "system": "https://standards.digital.health.nz/ns/practitioner-scope-of-practice-code",
                    "version": "1.0",
                    "code": "MCPG",
                    "display": "Provisional General Scope of Practice"
                  }
                ],
                "text": "Provisional General Scope of Practice"
              }
            },
            {
              "url": "period",
              "valuePeriod": {
                "start": "2019-10-07"
              }
            }
          ],
          "url": "http://hl7.org.nz/fhir/StructureDefinition/scope-of-practice"
        },
        {
          "extension": [
            {
              "url": "description",
              "valueString": "Dr Burns is required to participate in an approved recertification programme relevant to the vocational scope of General Practice."
            },
            {
              "url": "period",
              "valuePeriod": {
                "start": "2020-10-06"
              }
            }
          ],
          "url": "http://hl7.org.nz/fhir/StructureDefinition/condition-on-practice"
        },
        {
          "extension": [
            {
              "url": "description",
              "valueString": "Dr Burns is required to practise medicine under supervision in the Emergency Medicine training programme"
            },
            {
              "url": "period",
              "valuePeriod": {
                "start": "2019-10-07"
              }
            }
          ],
          "url": "http://hl7.org.nz/fhir/StructureDefinition/condition-on-practice"
        },
        {
          "url": "http://hl7.org.nz/fhir/StructureDefinition/registration-initial-date",
          "valueDate": "1964-04-01"
        }
      ],
      "identifier": [
        {
          "use": "official",
          "system": "https://standards.digital.health.nz/ns/medical-council-id",
          "value": "99536",
          "assigner": {
            "reference": "Organization/G00004-B"
          }
        }
      ],
      "code": {
        "coding": [
          {
            "system": "https://standards.digital.health.nz/ns/practitioner-registration-authority-code",
            "version": "2.0",
            "code": "MC",
            "display": "Medical Council of New Zealand Register Number (MC)"
          }
        ],
        "text": "Medical Council of New Zealand Register Number (MC)"
      },
      "period": {
        "start": "2020-08-31",
        "end": "2022-08-31"
      },
      "issuer": {
        "reference": "Organization/G00004-B"
      }
    }
  ],
  "communication": [
    {
      "coding": [
        {
          "system": "urn:iso:std:iso:639:-3",
          "version": "2007",
          "code": "eng",
          "display": "English"
        }
      ],
      "text": "English"
    }
  ]
}