<?xml version="1.0" encoding="UTF-8"?>

<PractitionerRole xmlns="http://hl7.org/fhir">
  <id value="R00000008-F"/>
  <meta>
    <versionId value="0"/>
    <profile value="http://hl7.org.nz/fhir/StructureDefinition/HPIPractitionerRole"/>
  </meta>
  <text>
    <status value="extensions"/><div xmlns="http://www.w3.org/1999/xhtml"><p><b>Generated Narrative</b></p><div style="display: inline-block; background-color: #d9e0e7; padding: 6px; margin: 4px; border: 1px solid #8da1b4; border-radius: 5px; line-height: 60%"><p style="margin-bottom: 0px">Resource "R00000008-F" Version "0" </p><p style="margin-bottom: 0px">Profile: <a href="StructureDefinition-HPIPractitionerRole.html">HPI Practitioner role</a></p></div><blockquote><p><b>PractitionerRoleCreator</b></p><p><b>value</b>: <a href="Person/uatall">Person/uatall</a></p></blockquote><p><b>identifier</b>: id: R00000008-F (OFFICIAL)</p><p><b>period</b>: 2000-02-10 --&gt; 2010-05-02</p><p><b>practitioner</b>: <a href="Practitioner/99ZZPK">Practitioner/99ZZPK</a></p><p><b>organization</b>: <a href="Organization/GZZ979-C">Organization/GZZ979-C</a></p><p><b>code</b>: Aircraft Maintenance Engineer (Avionics) <span style="background: LightGoldenRodYellow; margin: 4px; border: 1px solid khaki"> (1220.0[1.2]#323111)</span></p><p><b>location</b>: <a href="Location/FZZ945-A">Location/FZZ945-A</a></p><p><b>telecom</b>: ph: 1324654769(WORK), <a href="mailto:saranya@test.com">saranya@test.com</a></p></div>
  </text>
  <extension url="http://hl7.org.nz/fhir/StructureDefinition/practitionerRole-status">
    <extension url="active">
      <valueBoolean value="true"/>
    </extension>
  </extension>
  <extension url="http://hl7.org.nz/fhir/StructureDefinition/practitionerRole-creator">
    <extension url="person">
      <valueReference>
        <reference value="Person/uatall"/>
      </valueReference>
    </extension>
  </extension>
  <identifier>
    <use value="official"/>
    <system value="https://standards.digital.health.nz/ns/hpi-practitioner-role-id"/>
    <value value="R00000008-F"/>
    <assigner>
      <reference value="Organization/G00001-G"/>
    </assigner>
  </identifier>
  <period>
    <start value="2000-02-10"/>
    <end value="2010-05-02"/>
  </period>
  <practitioner>
    <reference value="Practitioner/99ZZPK"/>
  </practitioner>
  <organization>
    <reference value="Organization/GZZ979-C"/>
  </organization>
  <code>
    <coding>
      <system value="http://www.abs.gov.au/ausstats/abs@.nsf/mf/1220.0"/>
      <version value="1.2"/>
      <code value="323111"/>
      <display value="Aircraft Maintenance Engineer (Avionics)"/>
    </coding>
    <text value="Aircraft Maintenance Engineer (Avionics)"/>
  </code>
  <location>
    <reference value="Location/FZZ945-A"/>
  </location>
  <telecom>
    <system value="phone"/>
    <value value="1324654769"/>
    <use value="work"/>
    <rank value="3"/>
    <period>
      <start value="2000-07-09"/>
      <end value="2001-08-10"/>
    </period>
  </telecom>
  <telecom>
    <system value="email"/>
    <value value="saranya@test.com"/>
    <use value="work"/>
    <rank value="2"/>
    <period>
      <start value="2000-07-07"/>
      <end value="2000-07-08"/>
    </period>
  </telecom>
</PractitionerRole>