{
  "resourceType" : "PractitionerRole",
  "id" : "R00000029-P",
  "meta" : {
    "versionId" : "4",
    "lastUpdated" : "2022-11-23T11:10:39.516+13:00",
    "profile" : ["http://hl7.org.nz/fhir/StructureDefinition/HPIPractitionerRole"],
    "security" : [{
      "system" : "http://terminology.hl7.org/CodeSystem/v3-Confidentiality",
      "code" : "M"
    }]
  },
  "text" : {
    "status" : "extensions",
    "div" : "<div xmlns=\"http://www.w3.org/1999/xhtml\"><p><b>Generated Narrative: PractitionerRole</b><a name=\"R00000029-P\"> </a></p><div style=\"display: inline-block; background-color: #d9e0e7; padding: 6px; margin: 4px; border: 1px solid #8da1b4; border-radius: 5px; line-height: 60%\"><p style=\"margin-bottom: 0px\">Resource PractitionerRole &quot;R00000029-P&quot; Version &quot;4&quot; Updated &quot;2022-11-23 11:10:39+1300&quot; </p><p style=\"margin-bottom: 0px\">Profile: <a href=\"StructureDefinition-HPIPractitionerRole.html\">HPI Practitioner role</a></p><p style=\"margin-bottom: 0px\">Security Labels: <span title=\"{http://terminology.hl7.org/CodeSystem/v3-Confidentiality http://terminology.hl7.org/CodeSystem/v3-Confidentiality}\">http://terminology.hl7.org/CodeSystem/v3-Confidentiality</span></p></div><blockquote><p><b>PractitionerRoleCreator</b></p><blockquote><p><b>url</b></p><code>person</code></blockquote><p><b>value</b>: <a href=\"Person/testall\">Person/testall</a></p><blockquote><p><b>url</b></p><code>organization</code></blockquote><p><b>value</b>: <a href=\"Organization/G00001-G\">Organization/G00001-G</a></p></blockquote><blockquote><p><b>Messaging Address</b></p><blockquote><p><b>url</b></p><code>provider</code></blockquote><p><b>value</b>: healthlink</p><blockquote><p><b>url</b></p><code>value</code></blockquote><p><b>value</b>: changed-edi-address</p></blockquote><p><b>identifier</b>: id:\u00a0<a href=\"https://fhir.org.nz/ig/base//NamingSystem-hpipractitionerrole.html\">#</a>R00000029-P\u00a0(use:\u00a0OFFICIAL)</p><p><b>active</b>: true</p><p><b>period</b>: 2011-05-06 --&gt; (ongoing)</p><p><b>practitioner</b>: <a href=\"Practitioner-90ZZLP.html\">Practitioner/90ZZLP</a></p><p><b>organization</b>: <a href=\"Organization/GZZ998-G\">Organization/GZZ998-G</a></p><p><b>code</b>: Receptionist (General) <span style=\"background: LightGoldenRodYellow; margin: 4px; border: 1px solid khaki\"> (<a href=\"https://common-ig-v1-1-0.hip.digital.health.nz/site/CodeSystem-ANZCO-occupations-2013-1.2.html\">ANZSCO - Australian and New Zealand Standard Classification of Occupations, 2013[1.2]</a>#542111)</span></p><p><b>location</b>: <a href=\"Location-FZZ999-B.html\">Location/FZZ999-B</a> &quot;Live Facilty&quot;</p><p><b>telecom</b>: ph: 1324654769(WORK), <a href=\"mailto:saranya@test.com\">saranya@test.com</a>, <a href=\"90ZZLP@contactme.com\">90ZZLP@contactme.com</a>, 1324654765(WORK), ph: 1324654767(WORK), ph: 1324654766(TEMP), ph: 1324654768(WORK)</p></div>"
  },
  "extension" : [{
    "extension" : [{
      "url" : "person",
      "valueReference" : {
        "reference" : "Person/testall"
      }
    },
    {
      "url" : "organization",
      "valueReference" : {
        "reference" : "Organization/G00001-G"
      }
    }],
    "url" : "http://hl7.org.nz/fhir/StructureDefinition/practitionerRole-creator"
  },
  {
    "extension" : [{
      "url" : "provider",
      "valueString" : "healthlink"
    },
    {
      "url" : "value",
      "valueString" : "changed-edi-address"
    }],
    "url" : "http://hl7.org.nz/fhir/StructureDefinition/messaging-address"
  }],
  "identifier" : [{
    "use" : "official",
    "system" : "https://standards.digital.health.nz/ns/hpi-practitionerrole-id",
    "value" : "R00000029-P",
    "assigner" : {
      "reference" : "Organization/G00001-G"
    }
  }],
  "active" : true,
  "period" : {
    "start" : "2011-05-06"
  },
  "practitioner" : {
    "reference" : "Practitioner/90ZZLP"
  },
  "organization" : {
    "reference" : "Organization/GZZ998-G"
  },
  "code" : [{
    "coding" : [{
      "system" : "http://www.abs.gov.au/ausstats/abs@.nsf/mf/1220.0",
      "version" : "1.2",
      "code" : "542111",
      "display" : "Receptionist (General)"
    }],
    "text" : "Receptionist (General)"
  }],
  "location" : [{
    "reference" : "Location/FZZ999-B"
  }],
  "telecom" : [{
    "system" : "phone",
    "value" : "1324654769",
    "use" : "work",
    "rank" : 1,
    "period" : {
      "start" : "2011-05-06"
    }
  },
  {
    "system" : "email",
    "value" : "saranya@test.com",
    "use" : "work",
    "rank" : 2,
    "period" : {
      "start" : "2011-05-06"
    }
  },
  {
    "system" : "url",
    "value" : "90ZZLP@contactme.com",
    "use" : "work",
    "rank" : 1,
    "period" : {
      "start" : "2011-05-06"
    }
  },
  {
    "system" : "sms",
    "value" : "1324654765",
    "use" : "work",
    "rank" : 1,
    "period" : {
      "start" : "2011-05-06"
    }
  },
  {
    "system" : "phone",
    "value" : "1324654767",
    "use" : "work",
    "rank" : 3,
    "period" : {
      "start" : "2011-05-06"
    }
  },
  {
    "system" : "phone",
    "value" : "1324654766",
    "use" : "temp",
    "rank" : 1,
    "period" : {
      "start" : "2011-05-06"
    }
  },
  {
    "system" : "phone",
    "value" : "1324654768",
    "use" : "work",
    "rank" : 2,
    "period" : {
      "start" : "2011-05-06"
    }
  }]
}