{
  "resourceType": "SearchParameter",
  "id": "HpiPractitionerBirthdate",
  "text": {
    "status": "additional",
    "div": "<div xmlns=\"http://www.w3.org/1999/xhtml\">Practitioner birthdate search</div>"
  },
  "url": "http://hl7.org.nz/fhir/hpi/SearchParameter/hpi-practitioner-birth-date",
  "version": "0.9",
  "name": "HpiPractitionerBirthdate",
  "status": "draft",
  "date": "2022-03-22T02:50:07+00:00",
  "publisher": "Ministry of Health",
  "contact": [
    {
      "name": "Ministry of Health",
      "telecom": [
        {
          "system": "email",
          "value": "mailto:integration@health.govt.nz"
        }
      ]
    }
  ],
  "description": "Allows a practitioner to be searched by birth date",
  "jurisdiction": [
    {
      "coding": [
        {
          "system": "urn:iso:std:iso:3166",
          "code": "NZ"
        }
      ]
    }
  ],
  "code": "birthdate",
  "base": [
    "Practitioner"
  ],
  "type": "date"
}