<?xml version="1.0" encoding="UTF-8"?>

<SearchParameter xmlns="http://hl7.org/fhir">
  <id value="HpiPractitionerBirthdate"/>
  <text>
    <status value="additional"/><div xmlns="http://www.w3.org/1999/xhtml">Practitioner birthdate search</div>
  </text>
  <url value="http://hl7.org.nz/fhir/hpi/SearchParameter/hpi-practitioner-birth-date"/>
  <version value="0.10.0"/>
  <name value="HpiPractitionerBirthdate"/>
  <status value="draft"/>
  <date value="2022-03-22T03:26:14+00:00"/>
  <publisher value="Ministry of Health"/>
  <contact>
    <name value="Ministry of Health"/>
    <telecom>
      <system value="email"/>
      <value value="mailto:integration@health.govt.nz"/>
    </telecom>
  </contact>
  <description value="Allows a practitioner to be searched by birth date"/>
  <jurisdiction>
    <coding>
      <system value="urn:iso:std:iso:3166"/>
      <code value="NZ"/>
    </coding>
  </jurisdiction>
  <code value="birthdate"/>
  <base value="Practitioner"/>
  <type value="date"/>
</SearchParameter>