{
  "resourceType": "SearchParameter",
  "id": "HpiDHB",
  "text": {
    "status": "additional",
    "div": "<div xmlns=\"http://www.w3.org/1999/xhtml\">DHB search</div>"
  },
  "url": "http://hl7.org.nz/fhir/hpi/SearchParameter/hpi-dhb",
  "version": "0.10.0",
  "name": "DBHSearch",
  "status": "draft",
  "date": "2022-03-30T20:06:17+00:00",
  "publisher": "Ministry of Health",
  "contact": [
    {
      "name": "Ministry of Health",
      "telecom": [
        {
          "system": "email",
          "value": "mailto:integration@health.govt.nz"
        }
      ]
    }
  ],
  "description": "Search by DHB catchment area",
  "jurisdiction": [
    {
      "coding": [
        {
          "system": "urn:iso:std:iso:3166",
          "code": "NZ"
        }
      ]
    }
  ],
  "code": "dhb",
  "base": [
    "Location"
  ],
  "type": "token"
}