"Path","Slice Name","Alias(s)","Label","Min","Max","Must Support?","Is Modifier?","Is Summary?","Type(s)","Short","Definition","Comments","Requirements","Default Value","Meaning When Missing","Fixed Value","Pattern","Example","Minimum Value","Maximum Value","Maximum Length","Binding Strength","Binding Description","Binding Value Set","Code","Slicing Discriminator","Slicing Description","Slicing Ordered","Slicing Rules","Base Path","Base Min","Base Max","Condition(s)","Constraint(s)","Mapping: RIM Mapping"
"FacilityModel","","","",0,*,"","","","","A facility involved in healthcare","An actual physical location. Represented by a Location model in FHIR","","","","","","","","","",,,,,"",,,,"Element",0,*,"ele-1
","ele-1:All FHIR elements must have a @value or children {hasValue() or (children().count() > id.count())}
","n/a"
"FacilityModel.id","","","",0,1,"","","","string {[]} {[]}
","Unique id for inter-element referencing","Unique id for the element within a resource (for internal references). This may be any string value that does not contain spaces.","","","","","","","","","",,,,,"",,,,"Element.id",0,1,"","","n/a"
"FacilityModel.extension","","extensions
user content","",0,*,"","","","Extension {[]} {[]}
","Additional content defined by implementations","May be used to represent additional information that is not part of the basic definition of the element. To make the use of extensions safe and manageable, there is a strict set of governance  applied to the definition and use of extensions. Though any implementer can define an extension, there is a set of requirements that SHALL be met as part of the definition of the extension.","There can be no stigma associated with the use of extensions by any application, project, or standard - regardless of the institution or jurisdiction that uses or defines the extensions.  The use of extensions is what allows the FHIR specification to retain a core level of simplicity for everyone.","","","","","","","","",,,,,"","value:url}
","Extensions are always sliced by (at least) url",,"open","Element.extension",0,*,"","ele-1:All FHIR elements must have a @value or children {hasValue() or (children().count() > id.count())}
ext-1:Must have either extensions or value[x], not both {extension.exists() != value.exists()}","n/a"
"FacilityModel.name","","","",1,1,"","","","string {[]} {[]}
","The name of the facility","The name of the facility","","","","","","","","","",,,,,"",,,,"FacilityModel.name",1,1,"",""
"FacilityModel.description","","","",0,1,"","","","string {[]} {[]}
","A longer description of the facility","A longer description of the facility","","","","","","","","","",,,,,"",,,,"FacilityModel.description",0,1,"",""
"FacilityModel.alias","","","",0,*,"","","","BackboneElement {[]} {[]}
","Other names by which this facility is known","Other names by which this facility is known","","","","","","","","","",,,,,"",,,,"FacilityModel.alias",0,*,"",""
"FacilityModel.alias.name","","","",1,1,"","","","string {[]} {[]}
","The alternative name","The alternative name","","","","","","","","","",,,,,"",,,,"FacilityModel.alias.name",1,1,"",""
"FacilityModel.alias.type","","","",0,1,"","","","CodeableConcept {[]} {[]}
","The type of alias - eg locally used name","The type of alias - eg locally used name","","","","","","","","","",,"required","","https://nzhts.digital.health.nz/fhir/ValueSet/alias-type-code","",,,,"FacilityModel.alias.type",0,1,"",""
"FacilityModel.hpiFacilityId","","","",1,1,"","","","Identifier {[]} {[]}
","The identifier assigned by the HPI to this facility","The identifier assigned by the HPI to this facility","","","","","","","","","",,,,,"",,,,"FacilityModel.hpiFacilityId",1,1,"",""
"FacilityModel.dormantFacilityId","","","",0,*,"","","","Identifier {[]} {[]}
","Previously assigned identifiers, no longer used","Previously assigned identifiers, no longer used","","","","","","","","","",,,,,"",,,,"FacilityModel.dormantFacilityId",0,*,"",""
"FacilityModel.otherIdentifiers","","","",0,*,"","","","Identifier {[]} {[]}
","Other identifiers that may have been assigned","Other identifiers that may have been assigned","","","","","","","","","",,,,,"",,,,"FacilityModel.otherIdentifiers",0,*,"",""
"FacilityModel.status","","","",1,1,"","","","code {[]} {[]}
","The current status of this facility","The current status of this facility","","","","","","","","","",,,,,"",,,,"FacilityModel.status",1,1,"",""
"FacilityModel.typeOfFunction","","","",0,1,"","","","CodeableConcept {[]} {[]}
","The kinds of function that can be performed at this facility","The kinds of function that can be performed at this facility","","","","","","","","","",,,,,"",,,,"FacilityModel.typeOfFunction",0,1,"",""
"FacilityModel.contactDetails","","","",0,*,"","","","ContactPoint {[]} {[]}
","How to contact the facility (by a human)","How to contact the facility (by a human)","","","","","","","","","",,,,,"",,,,"FacilityModel.contactDetails",0,*,"",""
"FacilityModel.electronicContactDetails","","","",0,*,"","","","http://hl7.org.nz/fhir/ig/hpi/StructureDefinition/EndpointModel {[]} {[]}
","Technical contacts","Technical contacts","","","","","","","","","",,,,,"",,,,"FacilityModel.electronicContactDetails",0,*,"",""
"FacilityModel.address","","","",0,1,"","","","Address {[]} {[]}
","Where the facility is located","Where the facility is located","","","","","","","","","",,,,,"",,,,"FacilityModel.address",0,1,"",""
"FacilityModel.managingOrganization","","","",0,1,"","","","http://hl7.org.nz/fhir/ig/hpi/StructureDefinition/OrganizationModel {[]} {[]}
","The organization responsible for this facility","The organization responsible for this facility","","","","","","","","","",,,,,"",,,,"FacilityModel.managingOrganization",0,1,"",""
"FacilityModel.partOf","","","",0,1,"","","","http://hl7.org.nz/fhir/ig/hpi/StructureDefinition/FacilityModel {[]} {[]}
","If this facility is part of a larger one (eg a ward in a hospital","If this facility is part of a larger one (eg a ward in a hospital","","","","","","","","","",,,,,"",,,,"FacilityModel.partOf",0,1,"",""
"FacilityModel.established","","","",0,1,"","","","Period {[]} {[]}
","The period over which the facility has been / is in operation","The period over which the facility has been / is in operation","","","","","","","","","",,,,,"",,,,"FacilityModel.established",0,1,"",""
"FacilityModel.dhb","","","",0,1,"","","","CodeableConcept {[]} {[]}
","The DHB whose catchment area this facility is in","The DHB whose catchment area this facility is in","","","","","","","","","",,"required","","https://nzhts.digital.health.nz/fhir/ValueSet/dhb-code","",,,,"FacilityModel.dhb",0,1,"",""
"FacilityModel.geocode","","","",0,1,"","","","BackboneElement {[]} {[]}
","The geocode for this facility. Uses the NZ datum (reference point)","The geocode for this facility. Uses the NZ datum (reference point)","","","","","","","","","",,,,,"",,,,"FacilityModel.geocode",0,1,"",""
"FacilityModel.geocode.latitude","","","",0,1,"","","","decimal {[]} {[]}
","Latitude","Latitude","","","","","","","","","",,,,,"",,,,"FacilityModel.geocode.latitude",0,1,"",""
"FacilityModel.geocode.longitude","","","",0,1,"","","","decimal {[]} {[]}
","Longitude","Longitude","","","","","","","","","",,,,,"",,,,"FacilityModel.geocode.longitude",0,1,"",""
