"Path","Slice Name","Alias(s)","Label","Min","Max","Must Support?","Is Modifier?","Is Summary?","Type(s)","Short","Definition","Comments","Requirements","Default Value","Meaning When Missing","Fixed Value","Pattern","Example","Minimum Value","Maximum Value","Maximum Length","Binding Strength","Binding Description","Binding Value Set","Code","Slicing Discriminator","Slicing Description","Slicing Ordered","Slicing Rules","Base Path","Base Min","Base Max","Condition(s)","Constraint(s)","Mapping: RIM Mapping"
"ProviderRoleModel","","","",0,*,"","","","","Provider role","The role of a provider in a care delivery setting","","","","","","","","","",,,,,"",,,,"Element",0,*,"ele-1
","ele-1:All FHIR elements must have a @value or children {hasValue() or (children().count() > id.count())}
","n/a"
"ProviderRoleModel.id","","","",0,1,"","","","string {[]} {[]}
","Unique id for inter-element referencing","Unique id for the element within a resource (for internal references). This may be any string value that does not contain spaces.","","","","","","","","","",,,,,"",,,,"Element.id",0,1,"","","n/a"
"ProviderRoleModel.extension","","extensions
user content","",0,*,"","","","Extension {[]} {[]}
","Additional content defined by implementations","May be used to represent additional information that is not part of the basic definition of the element. To make the use of extensions safe and manageable, there is a strict set of governance  applied to the definition and use of extensions. Though any implementer can define an extension, there is a set of requirements that SHALL be met as part of the definition of the extension.","There can be no stigma associated with the use of extensions by any application, project, or standard - regardless of the institution or jurisdiction that uses or defines the extensions.  The use of extensions is what allows the FHIR specification to retain a core level of simplicity for everyone.","","","","","","","","",,,,,"","value:url}
","Extensions are always sliced by (at least) url",,"open","Element.extension",0,*,"","ele-1:All FHIR elements must have a @value or children {hasValue() or (children().count() > id.count())}
ext-1:Must have either extensions or value[x], not both {extension.exists() != value.exists()}","n/a"
"ProviderRoleModel.provider","","","",1,1,"","","","http://hl7.org.nz/fhir/ig/hpi/StructureDefinition/ProviderModel {[]} {[]}
","The provider","The provider","","","","","","","","","",,,,,"",,,,"ProviderRoleModel.provider",1,1,"",""
"ProviderRoleModel.organization","","","",0,1,"","","","http://hl7.org.nz/fhir/ig/hpi/StructureDefinition/OrganizationModel {[]} {[]}
","The organization that the provide is working for","The organization that the provide is working for","","","","","","","","","",,,,,"",,,,"ProviderRoleModel.organization",0,1,"",""
"ProviderRoleModel.facility","","","",0,1,"","","","http://hl7.org.nz/fhir/ig/hpi/StructureDefinition/FacilityModel {[]} {[]}
","The facility where the provider provides care","The facility where the provider provides care","","","","","","","","","",,,,,"",,,,"ProviderRoleModel.facility",0,1,"",""
"ProviderRoleModel.code","","","",0,1,"","","","CodeableConcept {[]} {[]}
","The role that this provider may perform for the Organization","The role that this provider may perform for the Organization","","","","","","","","","",,"required","","https://nzhts.digital.health.nz/fhir/ValueSet/practitioner-role-code","",,,,"ProviderRoleModel.code",0,1,"",""
"ProviderRoleModel.status","","","",0,1,"","","","BackboneElement {[]} {[]}
","The current status of this role","The current status of this role","","","","","","","","","",,,,,"",,,,"ProviderRoleModel.status",0,1,"",""
"ProviderRoleModel.status.active","","","",0,1,"","","","boolean {[]} {[]}
","True if the role is currently active","True if the role is currently active","","","","","","","","","",,,,,"",,,,"ProviderRoleModel.status.active",0,1,"",""
"ProviderRoleModel.status.statusReason","","","",0,1,"","","","CodeableConcept {[]} {[]}
","The reason for the role being in this status","The reason for the role being in this status","","","","","","","","","",,"required","","https://nzhts.digital.health.nz/fhir/ValueSet/hpi-practitioner-role-status-reason-code","",,,,"ProviderRoleModel.status.statusReason",0,1,"",""
"ProviderRoleModel.contactDetails","","","",0,*,"","","","ContactPoint {[]} {[]}
","How to contact the provider","How to contact the provider","","","","","","","","","",,,,,"",,,,"ProviderRoleModel.contactDetails",0,*,"",""
"ProviderRoleModel.period","","","",0,1,"","","","Period {[]} {[]}
","The period over which the provider is working for the organization","The period over which the provider is working for the organization","","","","","","","","","",,,,,"",,,,"ProviderRoleModel.period",0,1,"",""
"ProviderRoleModel.identifier","","","",0,*,"","","","Identifier {[]} {[]}
","Identifiers assigned to this role","Identifiers assigned to this role","","","","","","","","","",,,,,"",,,,"ProviderRoleModel.identifier",0,*,"",""
"ProviderRoleModel.creator","","","",0,1,"","","","BackboneElement {[]} {[]}
","The person who created or updated this resource","The person who created or updated this resource","","","","","","","","","",,,,,"",,,,"ProviderRoleModel.creator",0,1,"",""
"ProviderRoleModel.creator.person","","","",1,1,"","","","http://hl7.org.nz/fhir/ig/hpi/StructureDefinition/ProviderModel {[]} {[]}
","The person making the change","The person making the change","","","","","","","","","",,,,,"",,,,"ProviderRoleModel.creator.person",1,1,"",""
"ProviderRoleModel.creator.organization","","","",0,1,"","","","http://hl7.org.nz/fhir/ig/hpi/StructureDefinition/OrganizationModel {[]} {[]}
","The organization they are working on behalf on","The organization they are working on behalf on","","","","","","","","","",,,,,"",,,,"ProviderRoleModel.creator.organization",0,1,"",""
