<?xml version="1.0" encoding="UTF-8"?>

<StructureDefinition xmlns="http://hl7.org/fhir">
  <id value="HPIPractitionerRole"/>
  <text>
    <status value="additional"/><div xmlns="http://www.w3.org/1999/xhtml">HPI PractitionerRole profile</div>
  </text>
  <extension url="http://hl7.org/fhir/StructureDefinition/structuredefinition-category">
    <valueString value="Base.Individuals"/>
  </extension>
  <extension url="http://hl7.org/fhir/StructureDefinition/structuredefinition-security-category">
    <valueCode value="individual"/>
  </extension>
  <url value="http://hl7.org.nz/fhir/StructureDefinition/HPIPractitionerRole"/>
  <version value="0.10.0"/>
  <name value="HpiPractitionerRole"/>
  <title value="HPI Practitioner role"/>
  <status value="active"/>
  <date value="2022-07-11T03:54:04+00:00"/>
  <publisher value="Ministry of Health"/>
  <contact>
    <name value="Ministry of Health"/>
    <telecom>
      <system value="email"/>
      <value value="mailto:integration@health.govt.nz"/>
    </telecom>
  </contact>
  <description value="The practitioner role exposed by the HPI. Used to connect Practitioners with Organizations and Locations, indicating the role they have. A single Practitioner can have roles with multiple organizations."/>
  <jurisdiction>
    <coding>
      <system value="urn:iso:std:iso:3166"/>
      <code value="NZ"/>
    </coding>
  </jurisdiction>
  <purpose value="Describe the PractitionerRole that will be returned by the HPI"/>
  <fhirVersion value="4.0.1"/>
  <mapping>
    <identity value="v2"/>
    <uri value="http://hl7.org/v2"/>
    <name value="HL7 v2 Mapping"/>
  </mapping>
  <mapping>
    <identity value="rim"/>
    <uri value="http://hl7.org/v3"/>
    <name value="RIM Mapping"/>
  </mapping>
  <mapping>
    <identity value="servd"/>
    <uri value="http://www.omg.org/spec/ServD/1.0/"/>
    <name value="ServD"/>
  </mapping>
  <mapping>
    <identity value="w5"/>
    <uri value="http://hl7.org/fhir/fivews"/>
    <name value="FiveWs Pattern Mapping"/>
  </mapping>
  <kind value="resource"/>
  <abstract value="false"/>
  <type value="PractitionerRole"/>
  <baseDefinition value="http://hl7.org/fhir/StructureDefinition/PractitionerRole"/>
  <derivation value="constraint"/>
  <snapshot>
    <element id="PractitionerRole">
      <path value="PractitionerRole"/>
      <short value="Roles/organizations the practitioner is associated with"/>
      <definition value="A specific set of Roles/Locations/specialties/services that a practitioner may perform at an organization for a period of time."/>
      <min value="0"/>
      <max value="*"/>
      <base>
        <path value="PractitionerRole"/>
        <min value="0"/>
        <max value="*"/>
      </base>
      <constraint>
        <key value="dom-2"/>
        <severity value="error"/>
        <human value="If the resource is contained in another resource, it SHALL NOT contain nested Resources"/>
        <expression value="contained.contained.empty()"/>
        <xpath value="not(parent::f:contained and f:contained)"/>
        <source value="http://hl7.org/fhir/StructureDefinition/DomainResource"/>
      </constraint>
      <constraint>
        <key value="dom-3"/>
        <severity value="error"/>
        <human value="If the resource is contained in another resource, it SHALL be referred to from elsewhere in the resource or SHALL refer to the containing resource"/>
        <expression value="contained.where(((&#39;#&#39;+id in (%resource.descendants().reference | %resource.descendants().as(canonical) | %resource.descendants().as(uri) | %resource.descendants().as(url))) or descendants().where(reference = &#39;#&#39;).exists() or descendants().where(as(canonical) = &#39;#&#39;).exists() or descendants().where(as(canonical) = &#39;#&#39;).exists()).not()).trace(&#39;unmatched&#39;, id).empty()"/>
        <xpath value="not(exists(for $id in f:contained/*/f:id/@value return $contained[not(parent::*/descendant::f:reference/@value=concat(&#39;#&#39;, $contained/*/id/@value) or descendant::f:reference[@value=&#39;#&#39;])]))"/>
        <source value="http://hl7.org/fhir/StructureDefinition/DomainResource"/>
      </constraint>
      <constraint>
        <key value="dom-4"/>
        <severity value="error"/>
        <human value="If a resource is contained in another resource, it SHALL NOT have a meta.versionId or a meta.lastUpdated"/>
        <expression value="contained.meta.versionId.empty() and contained.meta.lastUpdated.empty()"/>
        <xpath value="not(exists(f:contained/*/f:meta/f:versionId)) and not(exists(f:contained/*/f:meta/f:lastUpdated))"/>
        <source value="http://hl7.org/fhir/StructureDefinition/DomainResource"/>
      </constraint>
      <constraint>
        <key value="dom-5"/>
        <severity value="error"/>
        <human value="If a resource is contained in another resource, it SHALL NOT have a security label"/>
        <expression value="contained.meta.security.empty()"/>
        <xpath value="not(exists(f:contained/*/f:meta/f:security))"/>
        <source value="http://hl7.org/fhir/StructureDefinition/DomainResource"/>
      </constraint>
      <constraint>
        <extension url="http://hl7.org/fhir/StructureDefinition/elementdefinition-bestpractice">
          <valueBoolean value="true"/>
        </extension>
        <extension url="http://hl7.org/fhir/StructureDefinition/elementdefinition-bestpractice-explanation">
          <valueMarkdown value="When a resource has no narrative, only systems that fully understand the data can display the resource to a human safely. Including a human readable representation in the resource makes for a much more robust eco-system and cheaper handling of resources by intermediary systems. Some ecosystems restrict distribution of resources to only those systems that do fully understand the resources, and as a consequence implementers may believe that the narrative is superfluous. However experience shows that such eco-systems often open up to new participants over time."/>
        </extension>
        <key value="dom-6"/>
        <severity value="warning"/>
        <human value="A resource should have narrative for robust management"/>
        <expression value="text.`div`.exists()"/>
        <xpath value="exists(f:text/h:div)"/>
        <source value="http://hl7.org/fhir/StructureDefinition/DomainResource"/>
      </constraint>
      <isModifier value="false"/>
      <isSummary value="false"/>
      <mapping>
        <identity value="rim"/>
        <map value="Entity. Role, or Act"/>
      </mapping>
      <mapping>
        <identity value="v2"/>
        <map value="PRD (as one example)"/>
      </mapping>
      <mapping>
        <identity value="rim"/>
        <map value="Role"/>
      </mapping>
      <mapping>
        <identity value="servd"/>
        <map value="ServiceSiteProvider"/>
      </mapping>
    </element>
    <element id="PractitionerRole.id">
      <path value="PractitionerRole.id"/>
      <short value="Logical id of this artifact"/>
      <definition value="The logical id of the resource, as used in the URL for the resource. Once assigned, this value never changes."/>
      <comment value="The only time that a resource does not have an id is when it is being submitted to the server using a create operation."/>
      <min value="0"/>
      <max value="1"/>
      <base>
        <path value="Resource.id"/>
        <min value="0"/>
        <max value="1"/>
      </base>
      <type>
        <extension url="http://hl7.org/fhir/StructureDefinition/structuredefinition-fhir-type">
          <valueUrl value="string"/>
        </extension>
        <code value="http://hl7.org/fhirpath/System.String"/>
      </type>
      <isModifier value="false"/>
      <isSummary value="true"/>
    </element>
    <element id="PractitionerRole.meta">
      <path value="PractitionerRole.meta"/>
      <short value="Metadata about the resource"/>
      <definition value="The metadata about the resource. This is content that is maintained by the infrastructure. Changes to the content might not always be associated with version changes to the resource."/>
      <min value="0"/>
      <max value="1"/>
      <base>
        <path value="Resource.meta"/>
        <min value="0"/>
        <max value="1"/>
      </base>
      <type>
        <code value="Meta"/>
      </type>
      <constraint>
        <key value="ele-1"/>
        <severity value="error"/>
        <human value="All FHIR elements must have a @value or children"/>
        <expression value="hasValue() or (children().count() &gt; id.count())"/>
        <xpath value="@value|f:*|h:div"/>
        <source value="http://hl7.org/fhir/StructureDefinition/Element"/>
      </constraint>
      <isModifier value="false"/>
      <isSummary value="true"/>
    </element>
    <element id="PractitionerRole.implicitRules">
      <path value="PractitionerRole.implicitRules"/>
      <short value="A set of rules under which this content was created"/>
      <definition value="A reference to a set of rules that were followed when the resource was constructed, and which must be understood when processing the content. Often, this is a reference to an implementation guide that defines the special rules along with other profiles etc."/>
      <comment value="Asserting this rule set restricts the content to be only understood by a limited set of trading partners. This inherently limits the usefulness of the data in the long term. However, the existing health eco-system is highly fractured, and not yet ready to define, collect, and exchange data in a generally computable sense. Wherever possible, implementers and/or specification writers should avoid using this element. Often, when used, the URL is a reference to an implementation guide that defines these special rules as part of it&#39;s narrative along with other profiles, value sets, etc."/>
      <min value="0"/>
      <max value="1"/>
      <base>
        <path value="Resource.implicitRules"/>
        <min value="0"/>
        <max value="1"/>
      </base>
      <type>
        <code value="uri"/>
      </type>
      <constraint>
        <key value="ele-1"/>
        <severity value="error"/>
        <human value="All FHIR elements must have a @value or children"/>
        <expression value="hasValue() or (children().count() &gt; id.count())"/>
        <xpath value="@value|f:*|h:div"/>
        <source value="http://hl7.org/fhir/StructureDefinition/Element"/>
      </constraint>
      <isModifier value="true"/>
      <isModifierReason value="This element is labeled as a modifier because the implicit rules may provide additional knowledge about the resource that modifies it&#39;s meaning or interpretation"/>
      <isSummary value="true"/>
    </element>
    <element id="PractitionerRole.language">
      <path value="PractitionerRole.language"/>
      <short value="Language of the resource content"/>
      <definition value="The base language in which the resource is written."/>
      <comment value="Language is provided to support indexing and accessibility (typically, services such as text to speech use the language tag). The html language tag in the narrative applies  to the narrative. The language tag on the resource may be used to specify the language of other presentations generated from the data in the resource. Not all the content has to be in the base language. The Resource.language should not be assumed to apply to the narrative automatically. If a language is specified, it should it also be specified on the div element in the html (see rules in HTML5 for information about the relationship between xml:lang and the html lang attribute)."/>
      <min value="0"/>
      <max value="1"/>
      <base>
        <path value="Resource.language"/>
        <min value="0"/>
        <max value="1"/>
      </base>
      <type>
        <code value="code"/>
      </type>
      <constraint>
        <key value="ele-1"/>
        <severity value="error"/>
        <human value="All FHIR elements must have a @value or children"/>
        <expression value="hasValue() or (children().count() &gt; id.count())"/>
        <xpath value="@value|f:*|h:div"/>
        <source value="http://hl7.org/fhir/StructureDefinition/Element"/>
      </constraint>
      <isModifier value="false"/>
      <isSummary value="false"/>
      <binding>
        <extension url="http://hl7.org/fhir/StructureDefinition/elementdefinition-maxValueSet">
          <valueCanonical value="http://hl7.org/fhir/ValueSet/all-languages"/>
        </extension>
        <extension url="http://hl7.org/fhir/StructureDefinition/elementdefinition-bindingName">
          <valueString value="Language"/>
        </extension>
        <extension url="http://hl7.org/fhir/StructureDefinition/elementdefinition-isCommonBinding">
          <valueBoolean value="true"/>
        </extension>
        <strength value="preferred"/>
        <description value="A human language."/>
        <valueSet value="http://hl7.org/fhir/ValueSet/languages"/>
      </binding>
    </element>
    <element id="PractitionerRole.text">
      <path value="PractitionerRole.text"/>
      <short value="Text summary of the resource, for human interpretation"/>
      <definition value="A human-readable narrative that contains a summary of the resource and can be used to represent the content of the resource to a human. The narrative need not encode all the structured data, but is required to contain sufficient detail to make it &quot;clinically safe&quot; for a human to just read the narrative. Resource definitions may define what content should be represented in the narrative to ensure clinical safety."/>
      <comment value="Contained resources do not have narrative. Resources that are not contained SHOULD have a narrative. In some cases, a resource may only have text with little or no additional discrete data (as long as all minOccurs=1 elements are satisfied).  This may be necessary for data from legacy systems where information is captured as a &quot;text blob&quot; or where text is additionally entered raw or narrated and encoded information is added later."/>
      <alias value="narrative"/>
      <alias value="html"/>
      <alias value="xhtml"/>
      <alias value="display"/>
      <min value="0"/>
      <max value="1"/>
      <base>
        <path value="DomainResource.text"/>
        <min value="0"/>
        <max value="1"/>
      </base>
      <type>
        <code value="Narrative"/>
      </type>
      <constraint>
        <key value="ele-1"/>
        <severity value="error"/>
        <human value="All FHIR elements must have a @value or children"/>
        <expression value="hasValue() or (children().count() &gt; id.count())"/>
        <xpath value="@value|f:*|h:div"/>
        <source value="http://hl7.org/fhir/StructureDefinition/Element"/>
      </constraint>
      <isModifier value="false"/>
      <isSummary value="false"/>
      <mapping>
        <identity value="rim"/>
        <map value="Act.text?"/>
      </mapping>
    </element>
    <element id="PractitionerRole.contained">
      <path value="PractitionerRole.contained"/>
      <short value="Contained, inline Resources"/>
      <definition value="These resources do not have an independent existence apart from the resource that contains them - they cannot be identified independently, and nor can they have their own independent transaction scope."/>
      <comment value="This should never be done when the content can be identified properly, as once identification is lost, it is extremely difficult (and context dependent) to restore it again. Contained resources may have profiles and tags In their meta elements, but SHALL NOT have security labels."/>
      <alias value="inline resources"/>
      <alias value="anonymous resources"/>
      <alias value="contained resources"/>
      <min value="0"/>
      <max value="*"/>
      <base>
        <path value="DomainResource.contained"/>
        <min value="0"/>
        <max value="*"/>
      </base>
      <type>
        <code value="Resource"/>
      </type>
      <isModifier value="false"/>
      <isSummary value="false"/>
      <mapping>
        <identity value="rim"/>
        <map value="N/A"/>
      </mapping>
    </element>
    <element id="PractitionerRole.extension">
      <path value="PractitionerRole.extension"/>
      <slicing>
        <discriminator>
          <type value="value"/>
          <path value="url"/>
        </discriminator>
        <ordered value="false"/>
        <rules value="open"/>
      </slicing>
      <short value="Extension"/>
      <definition value="An Extension"/>
      <min value="0"/>
      <max value="*"/>
      <base>
        <path value="DomainResource.extension"/>
        <min value="0"/>
        <max value="*"/>
      </base>
      <type>
        <code value="Extension"/>
      </type>
      <constraint>
        <key value="ele-1"/>
        <severity value="error"/>
        <human value="All FHIR elements must have a @value or children"/>
        <expression value="hasValue() or (children().count() &gt; id.count())"/>
        <xpath value="@value|f:*|h:div"/>
        <source value="http://hl7.org/fhir/StructureDefinition/Element"/>
      </constraint>
      <constraint>
        <key value="ext-1"/>
        <severity value="error"/>
        <human value="Must have either extensions or value[x], not both"/>
        <expression value="extension.exists() != value.exists()"/>
        <xpath value="exists(f:extension)!=exists(f:*[starts-with(local-name(.), &quot;value&quot;)])"/>
        <source value="http://hl7.org/fhir/StructureDefinition/Extension"/>
      </constraint>
      <isModifier value="false"/>
      <isSummary value="false"/>
    </element>
    <element id="PractitionerRole.extension:practitionerRole-status-reason">
      <path value="PractitionerRole.extension"/>
      <sliceName value="practitionerRole-status-reason"/>
      <short value="The reason for the status of this role. Generally when it is inactive."/>
      <definition value="The reason for the status. Generally only used for inactive resources."/>
      <min value="0"/>
      <max value="1"/>
      <base>
        <path value="DomainResource.extension"/>
        <min value="0"/>
        <max value="*"/>
      </base>
      <type>
        <code value="Extension"/>
        <profile value="http://hl7.org.nz/fhir/StructureDefinition/practitionerRole-status-reason"/>
      </type>
      <condition value="ele-1"/>
      <constraint>
        <key value="ele-1"/>
        <severity value="error"/>
        <human value="All FHIR elements must have a @value or children"/>
        <expression value="hasValue() or (children().count() &gt; id.count())"/>
        <xpath value="@value|f:*|h:div"/>
        <source value="http://hl7.org/fhir/StructureDefinition/Element"/>
      </constraint>
      <constraint>
        <key value="ext-1"/>
        <severity value="error"/>
        <human value="Must have either extensions or value[x], not both"/>
        <expression value="extension.exists() != value.exists()"/>
        <xpath value="exists(f:extension)!=exists(f:*[starts-with(local-name(.), &#39;value&#39;)])"/>
        <source value="http://hl7.org/fhir/StructureDefinition/Extension"/>
      </constraint>
      <isModifier value="false"/>
    </element>
    <element id="PractitionerRole.extension:practitionerRole-creator">
      <path value="PractitionerRole.extension"/>
      <sliceName value="practitionerRole-creator"/>
      <short value="The person and/or organization that created the PR"/>
      <definition value="The organisation and person that created this role"/>
      <min value="0"/>
      <max value="1"/>
      <base>
        <path value="DomainResource.extension"/>
        <min value="0"/>
        <max value="*"/>
      </base>
      <type>
        <code value="Extension"/>
        <profile value="http://hl7.org.nz/fhir/StructureDefinition/practitionerRole-creator"/>
      </type>
      <condition value="ele-1"/>
      <constraint>
        <key value="ele-1"/>
        <severity value="error"/>
        <human value="All FHIR elements must have a @value or children"/>
        <expression value="hasValue() or (children().count() &gt; id.count())"/>
        <xpath value="@value|f:*|h:div"/>
        <source value="http://hl7.org/fhir/StructureDefinition/Element"/>
      </constraint>
      <constraint>
        <key value="ext-1"/>
        <severity value="error"/>
        <human value="Must have either extensions or value[x], not both"/>
        <expression value="extension.exists() != value.exists()"/>
        <xpath value="exists(f:extension)!=exists(f:*[starts-with(local-name(.), &#39;value&#39;)])"/>
        <source value="http://hl7.org/fhir/StructureDefinition/Extension"/>
      </constraint>
      <isModifier value="false"/>
    </element>
    <element id="PractitionerRole.modifierExtension">
      <path value="PractitionerRole.modifierExtension"/>
      <short value="Extensions that cannot be ignored"/>
      <definition value="May be used to represent additional information that is not part of the basic definition of the resource and that modifies the understanding of the element that contains it and/or the understanding of the containing element&#39;s descendants. Usually modifier elements provide negation or qualification. To make the use of extensions safe and manageable, there is a strict set of governance applied to the definition and use of extensions. Though any implementer is allowed to define an extension, there is a set of requirements that SHALL be met as part of the definition of the extension. Applications processing a resource are required to check for modifier extensions.&#xA;&#xA;Modifier extensions SHALL NOT change the meaning of any elements on Resource or DomainResource (including cannot change the meaning of modifierExtension itself)."/>
      <comment value="There can be no stigma associated with the use of extensions by any application, project, or standard - regardless of the institution or jurisdiction that uses or defines the extensions.  The use of extensions is what allows the FHIR specification to retain a core level of simplicity for everyone."/>
      <requirements value="Modifier extensions allow for extensions that *cannot* be safely ignored to be clearly distinguished from the vast majority of extensions which can be safely ignored.  This promotes interoperability by eliminating the need for implementers to prohibit the presence of extensions. For further information, see the [definition of modifier extensions](http://hl7.org/fhir/R4/extensibility.html#modifierExtension)."/>
      <alias value="extensions"/>
      <alias value="user content"/>
      <min value="0"/>
      <max value="*"/>
      <base>
        <path value="DomainResource.modifierExtension"/>
        <min value="0"/>
        <max value="*"/>
      </base>
      <type>
        <code value="Extension"/>
      </type>
      <constraint>
        <key value="ele-1"/>
        <severity value="error"/>
        <human value="All FHIR elements must have a @value or children"/>
        <expression value="hasValue() or (children().count() &gt; id.count())"/>
        <xpath value="@value|f:*|h:div"/>
        <source value="http://hl7.org/fhir/StructureDefinition/Element"/>
      </constraint>
      <constraint>
        <key value="ext-1"/>
        <severity value="error"/>
        <human value="Must have either extensions or value[x], not both"/>
        <expression value="extension.exists() != value.exists()"/>
        <xpath value="exists(f:extension)!=exists(f:*[starts-with(local-name(.), &quot;value&quot;)])"/>
        <source value="http://hl7.org/fhir/StructureDefinition/Extension"/>
      </constraint>
      <isModifier value="true"/>
      <isModifierReason value="Modifier extensions are expected to modify the meaning or interpretation of the resource that contains them"/>
      <isSummary value="false"/>
      <mapping>
        <identity value="rim"/>
        <map value="N/A"/>
      </mapping>
    </element>
    <element id="PractitionerRole.identifier">
      <path value="PractitionerRole.identifier"/>
      <slicing>
        <discriminator>
          <type value="value"/>
          <path value="use"/>
        </discriminator>
        <discriminator>
          <type value="value"/>
          <path value="system"/>
        </discriminator>
        <description value="The identifiers"/>
        <rules value="openAtEnd"/>
      </slicing>
      <short value="Business Identifiers that are specific to a role/location"/>
      <definition value="Business Identifiers that are specific to a role/location."/>
      <requirements value="Often, specific identities are assigned for the agent."/>
      <min value="0"/>
      <max value="*"/>
      <base>
        <path value="PractitionerRole.identifier"/>
        <min value="0"/>
        <max value="*"/>
      </base>
      <type>
        <code value="Identifier"/>
      </type>
      <constraint>
        <key value="ele-1"/>
        <severity value="error"/>
        <human value="All FHIR elements must have a @value or children"/>
        <expression value="hasValue() or (children().count() &gt; id.count())"/>
        <xpath value="@value|f:*|h:div"/>
        <source value="http://hl7.org/fhir/StructureDefinition/Element"/>
      </constraint>
      <isModifier value="false"/>
      <isSummary value="true"/>
      <mapping>
        <identity value="w5"/>
        <map value="FiveWs.identifier"/>
      </mapping>
      <mapping>
        <identity value="v2"/>
        <map value="PRD-7 (or XCN.1)"/>
      </mapping>
      <mapping>
        <identity value="rim"/>
        <map value=".id"/>
      </mapping>
      <mapping>
        <identity value="servd"/>
        <map value="./Identifiers"/>
      </mapping>
    </element>
    <element id="PractitionerRole.identifier:RI">
      <path value="PractitionerRole.identifier"/>
      <sliceName value="RI"/>
      <short value="Business Identifiers that are specific to a role/location"/>
      <definition value="Business Identifiers that are specific to a role/location."/>
      <requirements value="Often, specific identities are assigned for the agent."/>
      <min value="0"/>
      <max value="1"/>
      <base>
        <path value="PractitionerRole.identifier"/>
        <min value="0"/>
        <max value="*"/>
      </base>
      <type>
        <code value="Identifier"/>
      </type>
      <constraint>
        <key value="ele-1"/>
        <severity value="error"/>
        <human value="All FHIR elements must have a @value or children"/>
        <expression value="hasValue() or (children().count() &gt; id.count())"/>
        <xpath value="@value|f:*|h:div"/>
        <source value="http://hl7.org/fhir/StructureDefinition/Element"/>
      </constraint>
      <mustSupport value="true"/>
      <isModifier value="false"/>
      <isSummary value="true"/>
      <mapping>
        <identity value="w5"/>
        <map value="FiveWs.identifier"/>
      </mapping>
      <mapping>
        <identity value="v2"/>
        <map value="PRD-7 (or XCN.1)"/>
      </mapping>
      <mapping>
        <identity value="rim"/>
        <map value=".id"/>
      </mapping>
      <mapping>
        <identity value="servd"/>
        <map value="./Identifiers"/>
      </mapping>
    </element>
    <element id="PractitionerRole.identifier:RI.id">
      <path value="PractitionerRole.identifier.id"/>
      <representation value="xmlAttr"/>
      <short value="Unique id for inter-element referencing"/>
      <definition value="Unique id for the element within a resource (for internal references). This may be any string value that does not contain spaces."/>
      <min value="0"/>
      <max value="1"/>
      <base>
        <path value="Element.id"/>
        <min value="0"/>
        <max value="1"/>
      </base>
      <type>
        <extension url="http://hl7.org/fhir/StructureDefinition/structuredefinition-fhir-type">
          <valueUrl value="string"/>
        </extension>
        <code value="http://hl7.org/fhirpath/System.String"/>
      </type>
      <isModifier value="false"/>
      <isSummary value="false"/>
      <mapping>
        <identity value="rim"/>
        <map value="n/a"/>
      </mapping>
    </element>
    <element id="PractitionerRole.identifier:RI.extension">
      <path value="PractitionerRole.identifier.extension"/>
      <slicing>
        <discriminator>
          <type value="value"/>
          <path value="url"/>
        </discriminator>
        <description value="Extensions are always sliced by (at least) url"/>
        <rules value="open"/>
      </slicing>
      <short value="Additional content defined by implementations"/>
      <definition value="May be used to represent additional information that is not part of the basic definition of the element. To make the use of extensions safe and manageable, there is a strict set of governance  applied to the definition and use of extensions. Though any implementer can define an extension, there is a set of requirements that SHALL be met as part of the definition of the extension."/>
      <comment value="There can be no stigma associated with the use of extensions by any application, project, or standard - regardless of the institution or jurisdiction that uses or defines the extensions.  The use of extensions is what allows the FHIR specification to retain a core level of simplicity for everyone."/>
      <alias value="extensions"/>
      <alias value="user content"/>
      <min value="0"/>
      <max value="*"/>
      <base>
        <path value="Element.extension"/>
        <min value="0"/>
        <max value="*"/>
      </base>
      <type>
        <code value="Extension"/>
      </type>
      <constraint>
        <key value="ele-1"/>
        <severity value="error"/>
        <human value="All FHIR elements must have a @value or children"/>
        <expression value="hasValue() or (children().count() &gt; id.count())"/>
        <xpath value="@value|f:*|h:div"/>
        <source value="http://hl7.org/fhir/StructureDefinition/Element"/>
      </constraint>
      <constraint>
        <key value="ext-1"/>
        <severity value="error"/>
        <human value="Must have either extensions or value[x], not both"/>
        <expression value="extension.exists() != value.exists()"/>
        <xpath value="exists(f:extension)!=exists(f:*[starts-with(local-name(.), &quot;value&quot;)])"/>
        <source value="http://hl7.org/fhir/StructureDefinition/Extension"/>
      </constraint>
      <isModifier value="false"/>
      <isSummary value="false"/>
      <mapping>
        <identity value="rim"/>
        <map value="n/a"/>
      </mapping>
    </element>
    <element id="PractitionerRole.identifier:RI.use">
      <path value="PractitionerRole.identifier.use"/>
      <short value="PractitionerRole Id"/>
      <definition value="The purpose of this identifier."/>
      <comment value="Applications can assume that an identifier is permanent unless it explicitly says that it is temporary."/>
      <requirements value="Allows the appropriate identifier for a particular context of use to be selected from among a set of identifiers."/>
      <min value="1"/>
      <max value="1"/>
      <base>
        <path value="Identifier.use"/>
        <min value="0"/>
        <max value="1"/>
      </base>
      <type>
        <code value="code"/>
      </type>
      <fixedCode value="official"/>
      <constraint>
        <key value="ele-1"/>
        <severity value="error"/>
        <human value="All FHIR elements must have a @value or children"/>
        <expression value="hasValue() or (children().count() &gt; id.count())"/>
        <xpath value="@value|f:*|h:div"/>
        <source value="http://hl7.org/fhir/StructureDefinition/Element"/>
      </constraint>
      <isModifier value="true"/>
      <isModifierReason value="This is labeled as &quot;Is Modifier&quot; because applications should not mistake a temporary id for a permanent one."/>
      <isSummary value="true"/>
      <binding>
        <extension url="http://hl7.org/fhir/StructureDefinition/elementdefinition-bindingName">
          <valueString value="IdentifierUse"/>
        </extension>
        <strength value="required"/>
        <description value="Identifies the purpose for this identifier, if known ."/>
        <valueSet value="http://hl7.org/fhir/ValueSet/identifier-use|4.0.1"/>
      </binding>
      <mapping>
        <identity value="v2"/>
        <map value="N/A"/>
      </mapping>
      <mapping>
        <identity value="rim"/>
        <map value="Role.code or implied by context"/>
      </mapping>
    </element>
    <element id="PractitionerRole.identifier:RI.type">
      <path value="PractitionerRole.identifier.type"/>
      <short value="Description of identifier"/>
      <definition value="A coded type for the identifier that can be used to determine which identifier to use for a specific purpose."/>
      <comment value="This element deals only with general categories of identifiers.  It SHOULD not be used for codes that correspond 1..1 with the Identifier.system. Some identifiers may fall into multiple categories due to common usage.   Where the system is known, a type is unnecessary because the type is always part of the system definition. However systems often need to handle identifiers where the system is not known. There is not a 1:1 relationship between type and system, since many different systems have the same type."/>
      <requirements value="Allows users to make use of identifiers when the identifier system is not known."/>
      <min value="0"/>
      <max value="0"/>
      <base>
        <path value="Identifier.type"/>
        <min value="0"/>
        <max value="1"/>
      </base>
      <type>
        <code value="CodeableConcept"/>
      </type>
      <constraint>
        <key value="ele-1"/>
        <severity value="error"/>
        <human value="All FHIR elements must have a @value or children"/>
        <expression value="hasValue() or (children().count() &gt; id.count())"/>
        <xpath value="@value|f:*|h:div"/>
        <source value="http://hl7.org/fhir/StructureDefinition/Element"/>
      </constraint>
      <isModifier value="false"/>
      <isSummary value="true"/>
      <binding>
        <extension url="http://hl7.org/fhir/StructureDefinition/elementdefinition-bindingName">
          <valueString value="IdentifierType"/>
        </extension>
        <extension url="http://hl7.org/fhir/StructureDefinition/elementdefinition-isCommonBinding">
          <valueBoolean value="true"/>
        </extension>
        <strength value="extensible"/>
        <description value="A coded type for an identifier that can be used to determine which identifier to use for a specific purpose."/>
        <valueSet value="http://hl7.org/fhir/ValueSet/identifier-type"/>
      </binding>
      <mapping>
        <identity value="v2"/>
        <map value="CX.5"/>
      </mapping>
      <mapping>
        <identity value="rim"/>
        <map value="Role.code or implied by context"/>
      </mapping>
    </element>
    <element id="PractitionerRole.identifier:RI.system">
      <path value="PractitionerRole.identifier.system"/>
      <short value="The namespace for the identifier value"/>
      <definition value="Establishes the namespace for the value - that is, a URL that describes a set values that are unique."/>
      <comment value="Identifier.system is always case sensitive."/>
      <requirements value="There are many sets  of identifiers.  To perform matching of two identifiers, we need to know what set we&#39;re dealing with. The system identifies a particular set of unique identifiers."/>
      <min value="1"/>
      <max value="1"/>
      <base>
        <path value="Identifier.system"/>
        <min value="0"/>
        <max value="1"/>
      </base>
      <type>
        <code value="uri"/>
      </type>
      <fixedUri value="https://standards.digital.health.nz/ns/hpi-practitionerrole-id"/>
      <example>
        <label value="General"/>
        <valueUri value="http://www.acme.com/identifiers/patient"/>
      </example>
      <constraint>
        <key value="ele-1"/>
        <severity value="error"/>
        <human value="All FHIR elements must have a @value or children"/>
        <expression value="hasValue() or (children().count() &gt; id.count())"/>
        <xpath value="@value|f:*|h:div"/>
        <source value="http://hl7.org/fhir/StructureDefinition/Element"/>
      </constraint>
      <isModifier value="false"/>
      <isSummary value="true"/>
      <mapping>
        <identity value="v2"/>
        <map value="CX.4 / EI-2-4"/>
      </mapping>
      <mapping>
        <identity value="rim"/>
        <map value="II.root or Role.id.root"/>
      </mapping>
      <mapping>
        <identity value="servd"/>
        <map value="./IdentifierType"/>
      </mapping>
    </element>
    <element id="PractitionerRole.identifier:RI.value">
      <path value="PractitionerRole.identifier.value"/>
      <short value="The value that is unique"/>
      <definition value="The portion of the identifier typically relevant to the user and which is unique within the context of the system."/>
      <comment value="If the value is a full URI, then the system SHALL be urn:ietf:rfc:3986.  The value&#39;s primary purpose is computational mapping.  As a result, it may be normalized for comparison purposes (e.g. removing non-significant whitespace, dashes, etc.)  A value formatted for human display can be conveyed using the [Rendered Value extension](http://hl7.org/fhir/R4/extension-rendered-value.html). Identifier.value is to be treated as case sensitive unless knowledge of the Identifier.system allows the processer to be confident that non-case-sensitive processing is safe."/>
      <min value="0"/>
      <max value="1"/>
      <base>
        <path value="Identifier.value"/>
        <min value="0"/>
        <max value="1"/>
      </base>
      <type>
        <code value="string"/>
      </type>
      <example>
        <label value="General"/>
        <valueString value="123456"/>
      </example>
      <constraint>
        <key value="ele-1"/>
        <severity value="error"/>
        <human value="All FHIR elements must have a @value or children"/>
        <expression value="hasValue() or (children().count() &gt; id.count())"/>
        <xpath value="@value|f:*|h:div"/>
        <source value="http://hl7.org/fhir/StructureDefinition/Element"/>
      </constraint>
      <isModifier value="false"/>
      <isSummary value="true"/>
      <mapping>
        <identity value="v2"/>
        <map value="CX.1 / EI.1"/>
      </mapping>
      <mapping>
        <identity value="rim"/>
        <map value="II.extension or II.root if system indicates OID or GUID (Or Role.id.extension or root)"/>
      </mapping>
      <mapping>
        <identity value="servd"/>
        <map value="./Value"/>
      </mapping>
    </element>
    <element id="PractitionerRole.identifier:RI.period">
      <path value="PractitionerRole.identifier.period"/>
      <short value="Time period when id is/was valid for use"/>
      <definition value="Time period during which identifier is/was valid for use."/>
      <min value="0"/>
      <max value="0"/>
      <base>
        <path value="Identifier.period"/>
        <min value="0"/>
        <max value="1"/>
      </base>
      <type>
        <code value="Period"/>
      </type>
      <constraint>
        <key value="ele-1"/>
        <severity value="error"/>
        <human value="All FHIR elements must have a @value or children"/>
        <expression value="hasValue() or (children().count() &gt; id.count())"/>
        <xpath value="@value|f:*|h:div"/>
        <source value="http://hl7.org/fhir/StructureDefinition/Element"/>
      </constraint>
      <isModifier value="false"/>
      <isSummary value="true"/>
      <mapping>
        <identity value="v2"/>
        <map value="CX.7 + CX.8"/>
      </mapping>
      <mapping>
        <identity value="rim"/>
        <map value="Role.effectiveTime or implied by context"/>
      </mapping>
      <mapping>
        <identity value="servd"/>
        <map value="./StartDate and ./EndDate"/>
      </mapping>
    </element>
    <element id="PractitionerRole.identifier:RI.assigner">
      <path value="PractitionerRole.identifier.assigner"/>
      <short value="Organization that issued id (may be just text)"/>
      <definition value="Organization that issued/manages the identifier."/>
      <comment value="The Identifier.assigner may omit the .reference element and only contain a .display element reflecting the name or other textual information about the assigning organization."/>
      <min value="0"/>
      <max value="1"/>
      <base>
        <path value="Identifier.assigner"/>
        <min value="0"/>
        <max value="1"/>
      </base>
      <type>
        <code value="Reference"/>
        <targetProfile value="http://hl7.org/fhir/StructureDefinition/Organization"/>
      </type>
      <constraint>
        <key value="ele-1"/>
        <severity value="error"/>
        <human value="All FHIR elements must have a @value or children"/>
        <expression value="hasValue() or (children().count() &gt; id.count())"/>
        <xpath value="@value|f:*|h:div"/>
        <source value="http://hl7.org/fhir/StructureDefinition/Element"/>
      </constraint>
      <isModifier value="false"/>
      <isSummary value="true"/>
      <mapping>
        <identity value="v2"/>
        <map value="CX.4 / (CX.4,CX.9,CX.10)"/>
      </mapping>
      <mapping>
        <identity value="rim"/>
        <map value="II.assigningAuthorityName but note that this is an improper use by the definition of the field.  Also Role.scoper"/>
      </mapping>
      <mapping>
        <identity value="servd"/>
        <map value="./IdentifierIssuingAuthority"/>
      </mapping>
    </element>
    <element id="PractitionerRole.active">
      <path value="PractitionerRole.active"/>
      <short value="Whether this practitioner role record is in active use"/>
      <definition value="Whether this practitioner role record is in active use."/>
      <comment value="If this value is false, you may refer to the period to see when the role was in active use. If there is no period specified, no inference can be made about when it was active."/>
      <requirements value="Need to be able to mark a practitioner role record as not to be used because it was created in error, or otherwise no longer in active use."/>
      <min value="0"/>
      <max value="1"/>
      <base>
        <path value="PractitionerRole.active"/>
        <min value="0"/>
        <max value="1"/>
      </base>
      <type>
        <code value="boolean"/>
      </type>
      <meaningWhenMissing value="This resource is generally assumed to be active if no value is provided for the active element"/>
      <constraint>
        <key value="ele-1"/>
        <severity value="error"/>
        <human value="All FHIR elements must have a @value or children"/>
        <expression value="hasValue() or (children().count() &gt; id.count())"/>
        <xpath value="@value|f:*|h:div"/>
        <source value="http://hl7.org/fhir/StructureDefinition/Element"/>
      </constraint>
      <isModifier value="false"/>
      <isSummary value="true"/>
      <mapping>
        <identity value="w5"/>
        <map value="FiveWs.status"/>
      </mapping>
      <mapping>
        <identity value="v2"/>
        <map value="STF-7"/>
      </mapping>
      <mapping>
        <identity value="rim"/>
        <map value=".statusCode"/>
      </mapping>
    </element>
    <element id="PractitionerRole.period">
      <path value="PractitionerRole.period"/>
      <short value="The period during which the practitioner is authorized to perform in these role(s)"/>
      <definition value="The period during which the person is authorized to act as a practitioner in these role(s) for the organization."/>
      <requirements value="Even after the agencies is revoked, the fact that it existed must still be recorded."/>
      <min value="0"/>
      <max value="1"/>
      <base>
        <path value="PractitionerRole.period"/>
        <min value="0"/>
        <max value="1"/>
      </base>
      <type>
        <code value="Period"/>
      </type>
      <constraint>
        <key value="ele-1"/>
        <severity value="error"/>
        <human value="All FHIR elements must have a @value or children"/>
        <expression value="hasValue() or (children().count() &gt; id.count())"/>
        <xpath value="@value|f:*|h:div"/>
        <source value="http://hl7.org/fhir/StructureDefinition/Element"/>
      </constraint>
      <isModifier value="false"/>
      <isSummary value="true"/>
      <mapping>
        <identity value="w5"/>
        <map value="FiveWs.done[x]"/>
      </mapping>
      <mapping>
        <identity value="v2"/>
        <map value="PRD-8/9 / PRA-5.4"/>
      </mapping>
      <mapping>
        <identity value="rim"/>
        <map value=".performance[@typeCode &lt;= &#39;PPRF&#39;].ActDefinitionOrEvent.effectiveTime"/>
      </mapping>
      <mapping>
        <identity value="servd"/>
        <map value="(ServD maps Practitioners and Organizations via another entity, so this concept is not available)"/>
      </mapping>
    </element>
    <element id="PractitionerRole.practitioner">
      <path value="PractitionerRole.practitioner"/>
      <short value="Practitioner that is able to provide the defined services for the organization"/>
      <definition value="Practitioner that is able to provide the defined services for the organization."/>
      <min value="0"/>
      <max value="1"/>
      <base>
        <path value="PractitionerRole.practitioner"/>
        <min value="0"/>
        <max value="1"/>
      </base>
      <type>
        <code value="Reference"/>
        <targetProfile value="http://hl7.org.nz/fhir/StructureDefinition/HPIPractitioner"/>
      </type>
      <constraint>
        <key value="ele-1"/>
        <severity value="error"/>
        <human value="All FHIR elements must have a @value or children"/>
        <expression value="hasValue() or (children().count() &gt; id.count())"/>
        <xpath value="@value|f:*|h:div"/>
        <source value="http://hl7.org/fhir/StructureDefinition/Element"/>
      </constraint>
      <isModifier value="false"/>
      <isSummary value="true"/>
      <mapping>
        <identity value="rim"/>
        <map value=".player"/>
      </mapping>
    </element>
    <element id="PractitionerRole.organization">
      <path value="PractitionerRole.organization"/>
      <short value="Organization where the roles are available"/>
      <definition value="The organization where the Practitioner performs the roles associated."/>
      <min value="0"/>
      <max value="1"/>
      <base>
        <path value="PractitionerRole.organization"/>
        <min value="0"/>
        <max value="1"/>
      </base>
      <type>
        <code value="Reference"/>
        <targetProfile value="http://hl7.org.nz/fhir/StructureDefinition/HPIOrganization"/>
      </type>
      <constraint>
        <key value="ele-1"/>
        <severity value="error"/>
        <human value="All FHIR elements must have a @value or children"/>
        <expression value="hasValue() or (children().count() &gt; id.count())"/>
        <xpath value="@value|f:*|h:div"/>
        <source value="http://hl7.org/fhir/StructureDefinition/Element"/>
      </constraint>
      <isModifier value="false"/>
      <isSummary value="true"/>
      <mapping>
        <identity value="rim"/>
        <map value=".scoper"/>
      </mapping>
    </element>
    <element id="PractitionerRole.code">
      <path value="PractitionerRole.code"/>
      <short value="Roles which this practitioner may perform"/>
      <definition value="Roles which this practitioner is authorized to perform for the organization."/>
      <comment value="A person may have more than one role."/>
      <requirements value="Need to know what authority the practitioner has - what can they do?"/>
      <min value="0"/>
      <max value="1"/>
      <base>
        <path value="PractitionerRole.code"/>
        <min value="0"/>
        <max value="*"/>
      </base>
      <type>
        <code value="CodeableConcept"/>
      </type>
      <constraint>
        <key value="ele-1"/>
        <severity value="error"/>
        <human value="All FHIR elements must have a @value or children"/>
        <expression value="hasValue() or (children().count() &gt; id.count())"/>
        <xpath value="@value|f:*|h:div"/>
        <source value="http://hl7.org/fhir/StructureDefinition/Element"/>
      </constraint>
      <isModifier value="false"/>
      <isSummary value="true"/>
      <binding>
        <strength value="required"/>
        <valueSet value="https://nzhts.digital.health.nz/fhir/ValueSet/practitioner-role-code"/>
      </binding>
      <mapping>
        <identity value="v2"/>
        <map value="PRD-1 / STF-18  / PRA-3  / PRT-4  / ROL-3 / ORC-12 / OBR-16 / PV1-7 / PV1-8 / PV1-9 / PV1-17"/>
      </mapping>
      <mapping>
        <identity value="rim"/>
        <map value=".code"/>
      </mapping>
      <mapping>
        <identity value="servd"/>
        <map value="(ServD maps Practitioners and Organizations via another entity, so this concept is not available)"/>
      </mapping>
    </element>
    <element id="PractitionerRole.specialty">
      <path value="PractitionerRole.specialty"/>
      <short value="Specific specialty of the practitioner"/>
      <definition value="Specific specialty of the practitioner."/>
      <min value="0"/>
      <max value="0"/>
      <base>
        <path value="PractitionerRole.specialty"/>
        <min value="0"/>
        <max value="*"/>
      </base>
      <type>
        <code value="CodeableConcept"/>
      </type>
      <constraint>
        <key value="ele-1"/>
        <severity value="error"/>
        <human value="All FHIR elements must have a @value or children"/>
        <expression value="hasValue() or (children().count() &gt; id.count())"/>
        <xpath value="@value|f:*|h:div"/>
        <source value="http://hl7.org/fhir/StructureDefinition/Element"/>
      </constraint>
      <isModifier value="false"/>
      <isSummary value="true"/>
      <binding>
        <extension url="http://hl7.org/fhir/StructureDefinition/elementdefinition-bindingName">
          <valueString value="PractitionerSpecialty"/>
        </extension>
        <strength value="preferred"/>
        <description value="Specific specialty associated with the agency."/>
        <valueSet value="http://hl7.org/fhir/ValueSet/c80-practice-codes"/>
      </binding>
      <mapping>
        <identity value="v2"/>
        <map value="PRA-5"/>
      </mapping>
      <mapping>
        <identity value="rim"/>
        <map value=".player.HealthCareProvider[@classCode = &#39;PROV&#39;].code"/>
      </mapping>
      <mapping>
        <identity value="servd"/>
        <map value="./Specialty"/>
      </mapping>
    </element>
    <element id="PractitionerRole.location">
      <path value="PractitionerRole.location"/>
      <short value="The location(s) at which this practitioner provides care"/>
      <definition value="The location(s) at which this practitioner provides care."/>
      <min value="0"/>
      <max value="1"/>
      <base>
        <path value="PractitionerRole.location"/>
        <min value="0"/>
        <max value="*"/>
      </base>
      <type>
        <code value="Reference"/>
        <targetProfile value="http://hl7.org.nz/fhir/StructureDefinition/HPILocation"/>
      </type>
      <constraint>
        <key value="ele-1"/>
        <severity value="error"/>
        <human value="All FHIR elements must have a @value or children"/>
        <expression value="hasValue() or (children().count() &gt; id.count())"/>
        <xpath value="@value|f:*|h:div"/>
        <source value="http://hl7.org/fhir/StructureDefinition/Element"/>
      </constraint>
      <isModifier value="false"/>
      <isSummary value="true"/>
      <mapping>
        <identity value="w5"/>
        <map value="FiveWs.where[x]"/>
      </mapping>
      <mapping>
        <identity value="rim"/>
        <map value=".performance.ActDefinitionOrEvent.ServiceDeliveryLocation[@classCode = &#39;SDLOC&#39;]"/>
      </mapping>
      <mapping>
        <identity value="servd"/>
        <map value="(ServD maps Practitioners and Organizations via another entity, so this concept is not available)&lt;br/&gt; However these are accessed via the Site.ServiceSite.ServiceSiteProvider record. (The Site has the location)"/>
      </mapping>
    </element>
    <element id="PractitionerRole.healthcareService">
      <path value="PractitionerRole.healthcareService"/>
      <short value="The list of healthcare services that this worker provides for this role&#39;s Organization/Location(s)"/>
      <definition value="The list of healthcare services that this worker provides for this role&#39;s Organization/Location(s)."/>
      <min value="0"/>
      <max value="0"/>
      <base>
        <path value="PractitionerRole.healthcareService"/>
        <min value="0"/>
        <max value="*"/>
      </base>
      <type>
        <code value="Reference"/>
        <targetProfile value="http://hl7.org/fhir/StructureDefinition/HealthcareService"/>
      </type>
      <constraint>
        <key value="ele-1"/>
        <severity value="error"/>
        <human value="All FHIR elements must have a @value or children"/>
        <expression value="hasValue() or (children().count() &gt; id.count())"/>
        <xpath value="@value|f:*|h:div"/>
        <source value="http://hl7.org/fhir/StructureDefinition/Element"/>
      </constraint>
      <isModifier value="false"/>
      <isSummary value="false"/>
      <mapping>
        <identity value="v2"/>
        <map value="EDU-2 / AFF-3"/>
      </mapping>
      <mapping>
        <identity value="rim"/>
        <map value=".player.QualifiedEntity[@classCode = &#39;QUAL&#39;].code"/>
      </mapping>
    </element>
    <element id="PractitionerRole.telecom">
      <path value="PractitionerRole.telecom"/>
      <short value="Contact details that are specific to the role/location/service"/>
      <definition value="Contact details that are specific to the role/location/service."/>
      <requirements value="Often practitioners have a dedicated line for each location (or service) that they work at, and need to be able to define separate contact details for each of these."/>
      <min value="0"/>
      <max value="*"/>
      <base>
        <path value="PractitionerRole.telecom"/>
        <min value="0"/>
        <max value="*"/>
      </base>
      <type>
        <code value="ContactPoint"/>
      </type>
      <constraint>
        <key value="ele-1"/>
        <severity value="error"/>
        <human value="All FHIR elements must have a @value or children"/>
        <expression value="hasValue() or (children().count() &gt; id.count())"/>
        <xpath value="@value|f:*|h:div"/>
        <source value="http://hl7.org/fhir/StructureDefinition/Element"/>
      </constraint>
      <isModifier value="false"/>
      <isSummary value="true"/>
      <mapping>
        <identity value="rim"/>
        <map value=".telecom"/>
      </mapping>
    </element>
    <element id="PractitionerRole.telecom.id">
      <path value="PractitionerRole.telecom.id"/>
      <representation value="xmlAttr"/>
      <short value="Unique id for inter-element referencing"/>
      <definition value="Unique id for the element within a resource (for internal references). This may be any string value that does not contain spaces."/>
      <min value="0"/>
      <max value="1"/>
      <base>
        <path value="Element.id"/>
        <min value="0"/>
        <max value="1"/>
      </base>
      <type>
        <extension url="http://hl7.org/fhir/StructureDefinition/structuredefinition-fhir-type">
          <valueUrl value="string"/>
        </extension>
        <code value="http://hl7.org/fhirpath/System.String"/>
      </type>
      <isModifier value="false"/>
      <isSummary value="false"/>
      <mapping>
        <identity value="rim"/>
        <map value="n/a"/>
      </mapping>
    </element>
    <element id="PractitionerRole.telecom.extension">
      <path value="PractitionerRole.telecom.extension"/>
      <slicing>
        <discriminator>
          <type value="value"/>
          <path value="url"/>
        </discriminator>
        <description value="Extensions are always sliced by (at least) url"/>
        <rules value="open"/>
      </slicing>
      <short value="Additional content defined by implementations"/>
      <definition value="May be used to represent additional information that is not part of the basic definition of the element. To make the use of extensions safe and manageable, there is a strict set of governance  applied to the definition and use of extensions. Though any implementer can define an extension, there is a set of requirements that SHALL be met as part of the definition of the extension."/>
      <comment value="There can be no stigma associated with the use of extensions by any application, project, or standard - regardless of the institution or jurisdiction that uses or defines the extensions.  The use of extensions is what allows the FHIR specification to retain a core level of simplicity for everyone."/>
      <alias value="extensions"/>
      <alias value="user content"/>
      <min value="0"/>
      <max value="*"/>
      <base>
        <path value="Element.extension"/>
        <min value="0"/>
        <max value="*"/>
      </base>
      <type>
        <code value="Extension"/>
      </type>
      <constraint>
        <key value="ele-1"/>
        <severity value="error"/>
        <human value="All FHIR elements must have a @value or children"/>
        <expression value="hasValue() or (children().count() &gt; id.count())"/>
        <xpath value="@value|f:*|h:div"/>
        <source value="http://hl7.org/fhir/StructureDefinition/Element"/>
      </constraint>
      <constraint>
        <key value="ext-1"/>
        <severity value="error"/>
        <human value="Must have either extensions or value[x], not both"/>
        <expression value="extension.exists() != value.exists()"/>
        <xpath value="exists(f:extension)!=exists(f:*[starts-with(local-name(.), &quot;value&quot;)])"/>
        <source value="http://hl7.org/fhir/StructureDefinition/Extension"/>
      </constraint>
      <isModifier value="false"/>
      <isSummary value="false"/>
      <mapping>
        <identity value="rim"/>
        <map value="n/a"/>
      </mapping>
    </element>
    <element id="PractitionerRole.telecom.extension:edi-address">
      <path value="PractitionerRole.telecom.extension"/>
      <sliceName value="edi-address"/>
      <short value="EDI Address"/>
      <definition value="Represents an Electronic Data Interchange (EDI) address. It is intended as an extension on ContactPoint.system, with the system value being &#39;other&#39;. The value of the extension is the EDI supplier, the actual EDI address is the value element."/>
      <min value="0"/>
      <max value="1"/>
      <base>
        <path value="Element.extension"/>
        <min value="0"/>
        <max value="*"/>
      </base>
      <type>
        <code value="Extension"/>
        <profile value="http://hl7.org.nz/fhir/StructureDefinition/edi-address"/>
      </type>
      <constraint>
        <key value="ele-1"/>
        <severity value="error"/>
        <human value="All FHIR elements must have a @value or children"/>
        <expression value="hasValue() or (children().count() &gt; id.count())"/>
        <xpath value="@value|f:*|h:div"/>
        <source value="http://hl7.org/fhir/StructureDefinition/Element"/>
      </constraint>
      <constraint>
        <key value="ext-1"/>
        <severity value="error"/>
        <human value="Must have either extensions or value[x], not both"/>
        <expression value="extension.exists() != value.exists()"/>
        <xpath value="exists(f:extension)!=exists(f:*[starts-with(local-name(.), &quot;value&quot;)])"/>
        <source value="http://hl7.org/fhir/StructureDefinition/Extension"/>
      </constraint>
      <isModifier value="false"/>
      <isSummary value="false"/>
    </element>
    <element id="PractitionerRole.telecom.system">
      <path value="PractitionerRole.telecom.system"/>
      <short value="phone | fax | email | pager | url | sms | other"/>
      <definition value="Telecommunications form for contact point - what communications system is required to make use of the contact."/>
      <min value="0"/>
      <max value="1"/>
      <base>
        <path value="ContactPoint.system"/>
        <min value="0"/>
        <max value="1"/>
      </base>
      <type>
        <code value="code"/>
      </type>
      <condition value="cpt-2"/>
      <constraint>
        <key value="ele-1"/>
        <severity value="error"/>
        <human value="All FHIR elements must have a @value or children"/>
        <expression value="hasValue() or (children().count() &gt; id.count())"/>
        <xpath value="@value|f:*|h:div"/>
        <source value="http://hl7.org/fhir/StructureDefinition/Element"/>
      </constraint>
      <isModifier value="false"/>
      <isSummary value="true"/>
      <binding>
        <extension url="http://hl7.org/fhir/StructureDefinition/elementdefinition-bindingName">
          <valueString value="ContactPointSystem"/>
        </extension>
        <strength value="required"/>
        <description value="Telecommunications form for contact point."/>
        <valueSet value="http://hl7.org/fhir/ValueSet/contact-point-system|4.0.1"/>
      </binding>
      <mapping>
        <identity value="v2"/>
        <map value="XTN.3"/>
      </mapping>
      <mapping>
        <identity value="rim"/>
        <map value="./scheme"/>
      </mapping>
      <mapping>
        <identity value="servd"/>
        <map value="./ContactPointType"/>
      </mapping>
    </element>
    <element id="PractitionerRole.telecom.value">
      <path value="PractitionerRole.telecom.value"/>
      <short value="The actual contact point details"/>
      <definition value="The actual contact point details, in a form that is meaningful to the designated communication system (i.e. phone number or email address)."/>
      <comment value="Additional text data such as phone extension numbers, or notes about use of the contact are sometimes included in the value."/>
      <requirements value="Need to support legacy numbers that are not in a tightly controlled format."/>
      <min value="0"/>
      <max value="1"/>
      <base>
        <path value="ContactPoint.value"/>
        <min value="0"/>
        <max value="1"/>
      </base>
      <type>
        <code value="string"/>
      </type>
      <constraint>
        <key value="ele-1"/>
        <severity value="error"/>
        <human value="All FHIR elements must have a @value or children"/>
        <expression value="hasValue() or (children().count() &gt; id.count())"/>
        <xpath value="@value|f:*|h:div"/>
        <source value="http://hl7.org/fhir/StructureDefinition/Element"/>
      </constraint>
      <isModifier value="false"/>
      <isSummary value="true"/>
      <mapping>
        <identity value="v2"/>
        <map value="XTN.1 (or XTN.12)"/>
      </mapping>
      <mapping>
        <identity value="rim"/>
        <map value="./url"/>
      </mapping>
      <mapping>
        <identity value="servd"/>
        <map value="./Value"/>
      </mapping>
    </element>
    <element id="PractitionerRole.telecom.use">
      <path value="PractitionerRole.telecom.use"/>
      <short value="home | work | temp | old | mobile - purpose of this contact point"/>
      <definition value="Identifies the purpose for the contact point."/>
      <comment value="Applications can assume that a contact is current unless it explicitly says that it is temporary or old."/>
      <requirements value="Need to track the way a person uses this contact, so a user can choose which is appropriate for their purpose."/>
      <min value="0"/>
      <max value="1"/>
      <base>
        <path value="ContactPoint.use"/>
        <min value="0"/>
        <max value="1"/>
      </base>
      <type>
        <code value="code"/>
      </type>
      <constraint>
        <key value="ele-1"/>
        <severity value="error"/>
        <human value="All FHIR elements must have a @value or children"/>
        <expression value="hasValue() or (children().count() &gt; id.count())"/>
        <xpath value="@value|f:*|h:div"/>
        <source value="http://hl7.org/fhir/StructureDefinition/Element"/>
      </constraint>
      <isModifier value="true"/>
      <isModifierReason value="This is labeled as &quot;Is Modifier&quot; because applications should not mistake a temporary or old contact etc.for a current/permanent one"/>
      <isSummary value="true"/>
      <binding>
        <strength value="required"/>
        <valueSet value="https://nzhts.digital.health.nz/fhir/ValueSet/hpi-contact-point-use-code"/>
      </binding>
      <mapping>
        <identity value="v2"/>
        <map value="XTN.2 - but often indicated by field"/>
      </mapping>
      <mapping>
        <identity value="rim"/>
        <map value="unique(./use)"/>
      </mapping>
      <mapping>
        <identity value="servd"/>
        <map value="./ContactPointPurpose"/>
      </mapping>
    </element>
    <element id="PractitionerRole.telecom.rank">
      <path value="PractitionerRole.telecom.rank"/>
      <short value="Specify preferred order of use (1 = highest)"/>
      <definition value="Specifies a preferred order in which to use a set of contacts. ContactPoints with lower rank values are more preferred than those with higher rank values."/>
      <comment value="Note that rank does not necessarily follow the order in which the contacts are represented in the instance."/>
      <min value="0"/>
      <max value="1"/>
      <base>
        <path value="ContactPoint.rank"/>
        <min value="0"/>
        <max value="1"/>
      </base>
      <type>
        <code value="positiveInt"/>
      </type>
      <constraint>
        <key value="ele-1"/>
        <severity value="error"/>
        <human value="All FHIR elements must have a @value or children"/>
        <expression value="hasValue() or (children().count() &gt; id.count())"/>
        <xpath value="@value|f:*|h:div"/>
        <source value="http://hl7.org/fhir/StructureDefinition/Element"/>
      </constraint>
      <isModifier value="false"/>
      <isSummary value="true"/>
      <mapping>
        <identity value="v2"/>
        <map value="n/a"/>
      </mapping>
      <mapping>
        <identity value="rim"/>
        <map value="n/a"/>
      </mapping>
    </element>
    <element id="PractitionerRole.telecom.period">
      <path value="PractitionerRole.telecom.period"/>
      <short value="Time period when the contact point was/is in use"/>
      <definition value="Time period when the contact point was/is in use."/>
      <min value="0"/>
      <max value="1"/>
      <base>
        <path value="ContactPoint.period"/>
        <min value="0"/>
        <max value="1"/>
      </base>
      <type>
        <code value="Period"/>
      </type>
      <constraint>
        <key value="ele-1"/>
        <severity value="error"/>
        <human value="All FHIR elements must have a @value or children"/>
        <expression value="hasValue() or (children().count() &gt; id.count())"/>
        <xpath value="@value|f:*|h:div"/>
        <source value="http://hl7.org/fhir/StructureDefinition/Element"/>
      </constraint>
      <isModifier value="false"/>
      <isSummary value="true"/>
      <mapping>
        <identity value="v2"/>
        <map value="N/A"/>
      </mapping>
      <mapping>
        <identity value="rim"/>
        <map value="./usablePeriod[type=&quot;IVL&lt;TS&gt;&quot;]"/>
      </mapping>
      <mapping>
        <identity value="servd"/>
        <map value="./StartDate and ./EndDate"/>
      </mapping>
    </element>
    <element id="PractitionerRole.availableTime">
      <path value="PractitionerRole.availableTime"/>
      <short value="Times the Service Site is available"/>
      <definition value="A collection of times the practitioner is available or performing this role at the location and/or healthcareservice."/>
      <comment value="More detailed availability information may be provided in associated Schedule/Slot resources."/>
      <min value="0"/>
      <max value="0"/>
      <base>
        <path value="PractitionerRole.availableTime"/>
        <min value="0"/>
        <max value="*"/>
      </base>
      <type>
        <code value="BackboneElement"/>
      </type>
      <constraint>
        <key value="ele-1"/>
        <severity value="error"/>
        <human value="All FHIR elements must have a @value or children"/>
        <expression value="hasValue() or (children().count() &gt; id.count())"/>
        <xpath value="@value|f:*|h:div"/>
        <source value="http://hl7.org/fhir/StructureDefinition/Element"/>
      </constraint>
      <isModifier value="false"/>
      <isSummary value="false"/>
      <mapping>
        <identity value="rim"/>
        <map value=".effectiveTime"/>
      </mapping>
    </element>
    <element id="PractitionerRole.availableTime.id">
      <path value="PractitionerRole.availableTime.id"/>
      <representation value="xmlAttr"/>
      <short value="Unique id for inter-element referencing"/>
      <definition value="Unique id for the element within a resource (for internal references). This may be any string value that does not contain spaces."/>
      <min value="0"/>
      <max value="1"/>
      <base>
        <path value="Element.id"/>
        <min value="0"/>
        <max value="1"/>
      </base>
      <type>
        <extension url="http://hl7.org/fhir/StructureDefinition/structuredefinition-fhir-type">
          <valueUrl value="string"/>
        </extension>
        <code value="http://hl7.org/fhirpath/System.String"/>
      </type>
      <isModifier value="false"/>
      <isSummary value="false"/>
      <mapping>
        <identity value="rim"/>
        <map value="n/a"/>
      </mapping>
    </element>
    <element id="PractitionerRole.availableTime.extension">
      <path value="PractitionerRole.availableTime.extension"/>
      <short value="Additional content defined by implementations"/>
      <definition value="May be used to represent additional information that is not part of the basic definition of the element. To make the use of extensions safe and manageable, there is a strict set of governance  applied to the definition and use of extensions. Though any implementer can define an extension, there is a set of requirements that SHALL be met as part of the definition of the extension."/>
      <comment value="There can be no stigma associated with the use of extensions by any application, project, or standard - regardless of the institution or jurisdiction that uses or defines the extensions.  The use of extensions is what allows the FHIR specification to retain a core level of simplicity for everyone."/>
      <alias value="extensions"/>
      <alias value="user content"/>
      <min value="0"/>
      <max value="*"/>
      <base>
        <path value="Element.extension"/>
        <min value="0"/>
        <max value="*"/>
      </base>
      <type>
        <code value="Extension"/>
      </type>
      <constraint>
        <key value="ele-1"/>
        <severity value="error"/>
        <human value="All FHIR elements must have a @value or children"/>
        <expression value="hasValue() or (children().count() &gt; id.count())"/>
        <xpath value="@value|f:*|h:div"/>
        <source value="http://hl7.org/fhir/StructureDefinition/Element"/>
      </constraint>
      <constraint>
        <key value="ext-1"/>
        <severity value="error"/>
        <human value="Must have either extensions or value[x], not both"/>
        <expression value="extension.exists() != value.exists()"/>
        <xpath value="exists(f:extension)!=exists(f:*[starts-with(local-name(.), &quot;value&quot;)])"/>
        <source value="http://hl7.org/fhir/StructureDefinition/Extension"/>
      </constraint>
      <isModifier value="false"/>
      <isSummary value="false"/>
      <mapping>
        <identity value="rim"/>
        <map value="n/a"/>
      </mapping>
    </element>
    <element id="PractitionerRole.availableTime.modifierExtension">
      <path value="PractitionerRole.availableTime.modifierExtension"/>
      <short value="Extensions that cannot be ignored even if unrecognized"/>
      <definition value="May be used to represent additional information that is not part of the basic definition of the element and that modifies the understanding of the element in which it is contained and/or the understanding of the containing element&#39;s descendants. Usually modifier elements provide negation or qualification. To make the use of extensions safe and manageable, there is a strict set of governance applied to the definition and use of extensions. Though any implementer can define an extension, there is a set of requirements that SHALL be met as part of the definition of the extension. Applications processing a resource are required to check for modifier extensions.&#xA;&#xA;Modifier extensions SHALL NOT change the meaning of any elements on Resource or DomainResource (including cannot change the meaning of modifierExtension itself)."/>
      <comment value="There can be no stigma associated with the use of extensions by any application, project, or standard - regardless of the institution or jurisdiction that uses or defines the extensions.  The use of extensions is what allows the FHIR specification to retain a core level of simplicity for everyone."/>
      <requirements value="Modifier extensions allow for extensions that *cannot* be safely ignored to be clearly distinguished from the vast majority of extensions which can be safely ignored.  This promotes interoperability by eliminating the need for implementers to prohibit the presence of extensions. For further information, see the [definition of modifier extensions](http://hl7.org/fhir/R4/extensibility.html#modifierExtension)."/>
      <alias value="extensions"/>
      <alias value="user content"/>
      <alias value="modifiers"/>
      <min value="0"/>
      <max value="*"/>
      <base>
        <path value="BackboneElement.modifierExtension"/>
        <min value="0"/>
        <max value="*"/>
      </base>
      <type>
        <code value="Extension"/>
      </type>
      <constraint>
        <key value="ele-1"/>
        <severity value="error"/>
        <human value="All FHIR elements must have a @value or children"/>
        <expression value="hasValue() or (children().count() &gt; id.count())"/>
        <xpath value="@value|f:*|h:div"/>
        <source value="http://hl7.org/fhir/StructureDefinition/Element"/>
      </constraint>
      <constraint>
        <key value="ext-1"/>
        <severity value="error"/>
        <human value="Must have either extensions or value[x], not both"/>
        <expression value="extension.exists() != value.exists()"/>
        <xpath value="exists(f:extension)!=exists(f:*[starts-with(local-name(.), &quot;value&quot;)])"/>
        <source value="http://hl7.org/fhir/StructureDefinition/Extension"/>
      </constraint>
      <isModifier value="true"/>
      <isModifierReason value="Modifier extensions are expected to modify the meaning or interpretation of the element that contains them"/>
      <isSummary value="true"/>
      <mapping>
        <identity value="rim"/>
        <map value="N/A"/>
      </mapping>
    </element>
    <element id="PractitionerRole.availableTime.daysOfWeek">
      <path value="PractitionerRole.availableTime.daysOfWeek"/>
      <short value="mon | tue | wed | thu | fri | sat | sun"/>
      <definition value="Indicates which days of the week are available between the start and end Times."/>
      <min value="0"/>
      <max value="0"/>
      <base>
        <path value="PractitionerRole.availableTime.daysOfWeek"/>
        <min value="0"/>
        <max value="*"/>
      </base>
      <type>
        <code value="code"/>
      </type>
      <constraint>
        <key value="ele-1"/>
        <severity value="error"/>
        <human value="All FHIR elements must have a @value or children"/>
        <expression value="hasValue() or (children().count() &gt; id.count())"/>
        <xpath value="@value|f:*|h:div"/>
        <source value="http://hl7.org/fhir/StructureDefinition/Element"/>
      </constraint>
      <isModifier value="false"/>
      <isSummary value="false"/>
      <binding>
        <extension url="http://hl7.org/fhir/StructureDefinition/elementdefinition-bindingName">
          <valueString value="DaysOfWeek"/>
        </extension>
        <strength value="required"/>
        <description value="The days of the week."/>
        <valueSet value="http://hl7.org/fhir/ValueSet/days-of-week|4.0.1"/>
      </binding>
      <mapping>
        <identity value="rim"/>
        <map value=".effectiveTime"/>
      </mapping>
    </element>
    <element id="PractitionerRole.availableTime.allDay">
      <path value="PractitionerRole.availableTime.allDay"/>
      <short value="Always available? e.g. 24 hour service"/>
      <definition value="Is this always available? (hence times are irrelevant) e.g. 24 hour service."/>
      <min value="0"/>
      <max value="1"/>
      <base>
        <path value="PractitionerRole.availableTime.allDay"/>
        <min value="0"/>
        <max value="1"/>
      </base>
      <type>
        <code value="boolean"/>
      </type>
      <constraint>
        <key value="ele-1"/>
        <severity value="error"/>
        <human value="All FHIR elements must have a @value or children"/>
        <expression value="hasValue() or (children().count() &gt; id.count())"/>
        <xpath value="@value|f:*|h:div"/>
        <source value="http://hl7.org/fhir/StructureDefinition/Element"/>
      </constraint>
      <isModifier value="false"/>
      <isSummary value="false"/>
      <mapping>
        <identity value="rim"/>
        <map value=".effectiveTime"/>
      </mapping>
    </element>
    <element id="PractitionerRole.availableTime.availableStartTime">
      <path value="PractitionerRole.availableTime.availableStartTime"/>
      <short value="Opening time of day (ignored if allDay = true)"/>
      <definition value="The opening time of day. Note: If the AllDay flag is set, then this time is ignored."/>
      <comment value="The timezone is expected to be for where this HealthcareService is provided at."/>
      <min value="0"/>
      <max value="1"/>
      <base>
        <path value="PractitionerRole.availableTime.availableStartTime"/>
        <min value="0"/>
        <max value="1"/>
      </base>
      <type>
        <code value="time"/>
      </type>
      <constraint>
        <key value="ele-1"/>
        <severity value="error"/>
        <human value="All FHIR elements must have a @value or children"/>
        <expression value="hasValue() or (children().count() &gt; id.count())"/>
        <xpath value="@value|f:*|h:div"/>
        <source value="http://hl7.org/fhir/StructureDefinition/Element"/>
      </constraint>
      <isModifier value="false"/>
      <isSummary value="false"/>
      <mapping>
        <identity value="rim"/>
        <map value=".effectiveTime"/>
      </mapping>
    </element>
    <element id="PractitionerRole.availableTime.availableEndTime">
      <path value="PractitionerRole.availableTime.availableEndTime"/>
      <short value="Closing time of day (ignored if allDay = true)"/>
      <definition value="The closing time of day. Note: If the AllDay flag is set, then this time is ignored."/>
      <comment value="The timezone is expected to be for where this HealthcareService is provided at."/>
      <min value="0"/>
      <max value="1"/>
      <base>
        <path value="PractitionerRole.availableTime.availableEndTime"/>
        <min value="0"/>
        <max value="1"/>
      </base>
      <type>
        <code value="time"/>
      </type>
      <constraint>
        <key value="ele-1"/>
        <severity value="error"/>
        <human value="All FHIR elements must have a @value or children"/>
        <expression value="hasValue() or (children().count() &gt; id.count())"/>
        <xpath value="@value|f:*|h:div"/>
        <source value="http://hl7.org/fhir/StructureDefinition/Element"/>
      </constraint>
      <isModifier value="false"/>
      <isSummary value="false"/>
      <mapping>
        <identity value="rim"/>
        <map value=".effectiveTime"/>
      </mapping>
    </element>
    <element id="PractitionerRole.notAvailable">
      <path value="PractitionerRole.notAvailable"/>
      <short value="Not available during this time due to provided reason"/>
      <definition value="The practitioner is not available or performing this role during this period of time due to the provided reason."/>
      <min value="0"/>
      <max value="0"/>
      <base>
        <path value="PractitionerRole.notAvailable"/>
        <min value="0"/>
        <max value="*"/>
      </base>
      <type>
        <code value="BackboneElement"/>
      </type>
      <constraint>
        <key value="ele-1"/>
        <severity value="error"/>
        <human value="All FHIR elements must have a @value or children"/>
        <expression value="hasValue() or (children().count() &gt; id.count())"/>
        <xpath value="@value|f:*|h:div"/>
        <source value="http://hl7.org/fhir/StructureDefinition/Element"/>
      </constraint>
      <isModifier value="false"/>
      <isSummary value="false"/>
      <mapping>
        <identity value="rim"/>
        <map value=".effectiveTime"/>
      </mapping>
    </element>
    <element id="PractitionerRole.notAvailable.id">
      <path value="PractitionerRole.notAvailable.id"/>
      <representation value="xmlAttr"/>
      <short value="Unique id for inter-element referencing"/>
      <definition value="Unique id for the element within a resource (for internal references). This may be any string value that does not contain spaces."/>
      <min value="0"/>
      <max value="1"/>
      <base>
        <path value="Element.id"/>
        <min value="0"/>
        <max value="1"/>
      </base>
      <type>
        <extension url="http://hl7.org/fhir/StructureDefinition/structuredefinition-fhir-type">
          <valueUrl value="string"/>
        </extension>
        <code value="http://hl7.org/fhirpath/System.String"/>
      </type>
      <isModifier value="false"/>
      <isSummary value="false"/>
      <mapping>
        <identity value="rim"/>
        <map value="n/a"/>
      </mapping>
    </element>
    <element id="PractitionerRole.notAvailable.extension">
      <path value="PractitionerRole.notAvailable.extension"/>
      <short value="Additional content defined by implementations"/>
      <definition value="May be used to represent additional information that is not part of the basic definition of the element. To make the use of extensions safe and manageable, there is a strict set of governance  applied to the definition and use of extensions. Though any implementer can define an extension, there is a set of requirements that SHALL be met as part of the definition of the extension."/>
      <comment value="There can be no stigma associated with the use of extensions by any application, project, or standard - regardless of the institution or jurisdiction that uses or defines the extensions.  The use of extensions is what allows the FHIR specification to retain a core level of simplicity for everyone."/>
      <alias value="extensions"/>
      <alias value="user content"/>
      <min value="0"/>
      <max value="*"/>
      <base>
        <path value="Element.extension"/>
        <min value="0"/>
        <max value="*"/>
      </base>
      <type>
        <code value="Extension"/>
      </type>
      <constraint>
        <key value="ele-1"/>
        <severity value="error"/>
        <human value="All FHIR elements must have a @value or children"/>
        <expression value="hasValue() or (children().count() &gt; id.count())"/>
        <xpath value="@value|f:*|h:div"/>
        <source value="http://hl7.org/fhir/StructureDefinition/Element"/>
      </constraint>
      <constraint>
        <key value="ext-1"/>
        <severity value="error"/>
        <human value="Must have either extensions or value[x], not both"/>
        <expression value="extension.exists() != value.exists()"/>
        <xpath value="exists(f:extension)!=exists(f:*[starts-with(local-name(.), &quot;value&quot;)])"/>
        <source value="http://hl7.org/fhir/StructureDefinition/Extension"/>
      </constraint>
      <isModifier value="false"/>
      <isSummary value="false"/>
      <mapping>
        <identity value="rim"/>
        <map value="n/a"/>
      </mapping>
    </element>
    <element id="PractitionerRole.notAvailable.modifierExtension">
      <path value="PractitionerRole.notAvailable.modifierExtension"/>
      <short value="Extensions that cannot be ignored even if unrecognized"/>
      <definition value="May be used to represent additional information that is not part of the basic definition of the element and that modifies the understanding of the element in which it is contained and/or the understanding of the containing element&#39;s descendants. Usually modifier elements provide negation or qualification. To make the use of extensions safe and manageable, there is a strict set of governance applied to the definition and use of extensions. Though any implementer can define an extension, there is a set of requirements that SHALL be met as part of the definition of the extension. Applications processing a resource are required to check for modifier extensions.&#xA;&#xA;Modifier extensions SHALL NOT change the meaning of any elements on Resource or DomainResource (including cannot change the meaning of modifierExtension itself)."/>
      <comment value="There can be no stigma associated with the use of extensions by any application, project, or standard - regardless of the institution or jurisdiction that uses or defines the extensions.  The use of extensions is what allows the FHIR specification to retain a core level of simplicity for everyone."/>
      <requirements value="Modifier extensions allow for extensions that *cannot* be safely ignored to be clearly distinguished from the vast majority of extensions which can be safely ignored.  This promotes interoperability by eliminating the need for implementers to prohibit the presence of extensions. For further information, see the [definition of modifier extensions](http://hl7.org/fhir/R4/extensibility.html#modifierExtension)."/>
      <alias value="extensions"/>
      <alias value="user content"/>
      <alias value="modifiers"/>
      <min value="0"/>
      <max value="*"/>
      <base>
        <path value="BackboneElement.modifierExtension"/>
        <min value="0"/>
        <max value="*"/>
      </base>
      <type>
        <code value="Extension"/>
      </type>
      <constraint>
        <key value="ele-1"/>
        <severity value="error"/>
        <human value="All FHIR elements must have a @value or children"/>
        <expression value="hasValue() or (children().count() &gt; id.count())"/>
        <xpath value="@value|f:*|h:div"/>
        <source value="http://hl7.org/fhir/StructureDefinition/Element"/>
      </constraint>
      <constraint>
        <key value="ext-1"/>
        <severity value="error"/>
        <human value="Must have either extensions or value[x], not both"/>
        <expression value="extension.exists() != value.exists()"/>
        <xpath value="exists(f:extension)!=exists(f:*[starts-with(local-name(.), &quot;value&quot;)])"/>
        <source value="http://hl7.org/fhir/StructureDefinition/Extension"/>
      </constraint>
      <isModifier value="true"/>
      <isModifierReason value="Modifier extensions are expected to modify the meaning or interpretation of the element that contains them"/>
      <isSummary value="true"/>
      <mapping>
        <identity value="rim"/>
        <map value="N/A"/>
      </mapping>
    </element>
    <element id="PractitionerRole.notAvailable.description">
      <path value="PractitionerRole.notAvailable.description"/>
      <short value="Reason presented to the user explaining why time not available"/>
      <definition value="The reason that can be presented to the user as to why this time is not available."/>
      <min value="1"/>
      <max value="1"/>
      <base>
        <path value="PractitionerRole.notAvailable.description"/>
        <min value="1"/>
        <max value="1"/>
      </base>
      <type>
        <code value="string"/>
      </type>
      <constraint>
        <key value="ele-1"/>
        <severity value="error"/>
        <human value="All FHIR elements must have a @value or children"/>
        <expression value="hasValue() or (children().count() &gt; id.count())"/>
        <xpath value="@value|f:*|h:div"/>
        <source value="http://hl7.org/fhir/StructureDefinition/Element"/>
      </constraint>
      <isModifier value="false"/>
      <isSummary value="false"/>
      <mapping>
        <identity value="rim"/>
        <map value="n/a"/>
      </mapping>
    </element>
    <element id="PractitionerRole.notAvailable.during">
      <path value="PractitionerRole.notAvailable.during"/>
      <short value="Service not available from this date"/>
      <definition value="Service is not available (seasonally or for a public holiday) from this date."/>
      <min value="0"/>
      <max value="1"/>
      <base>
        <path value="PractitionerRole.notAvailable.during"/>
        <min value="0"/>
        <max value="1"/>
      </base>
      <type>
        <code value="Period"/>
      </type>
      <constraint>
        <key value="ele-1"/>
        <severity value="error"/>
        <human value="All FHIR elements must have a @value or children"/>
        <expression value="hasValue() or (children().count() &gt; id.count())"/>
        <xpath value="@value|f:*|h:div"/>
        <source value="http://hl7.org/fhir/StructureDefinition/Element"/>
      </constraint>
      <isModifier value="false"/>
      <isSummary value="false"/>
      <mapping>
        <identity value="rim"/>
        <map value=".effectiveTime"/>
      </mapping>
    </element>
    <element id="PractitionerRole.availabilityExceptions">
      <path value="PractitionerRole.availabilityExceptions"/>
      <short value="Description of availability exceptions"/>
      <definition value="A description of site availability exceptions, e.g. public holiday availability. Succinctly describing all possible exceptions to normal site availability as details in the available Times and not available Times."/>
      <min value="0"/>
      <max value="0"/>
      <base>
        <path value="PractitionerRole.availabilityExceptions"/>
        <min value="0"/>
        <max value="1"/>
      </base>
      <type>
        <code value="string"/>
      </type>
      <constraint>
        <key value="ele-1"/>
        <severity value="error"/>
        <human value="All FHIR elements must have a @value or children"/>
        <expression value="hasValue() or (children().count() &gt; id.count())"/>
        <xpath value="@value|f:*|h:div"/>
        <source value="http://hl7.org/fhir/StructureDefinition/Element"/>
      </constraint>
      <isModifier value="false"/>
      <isSummary value="false"/>
      <mapping>
        <identity value="rim"/>
        <map value=".effectiveTime"/>
      </mapping>
    </element>
    <element id="PractitionerRole.endpoint">
      <path value="PractitionerRole.endpoint"/>
      <short value="Technical endpoints providing access to services operated for the practitioner with this role"/>
      <definition value="Technical endpoints providing access to services operated for the practitioner with this role."/>
      <requirements value="Organizations have multiple systems that provide various services and ,ay also be different for practitioners too.&#xD;&#xD;So the endpoint satisfies the need to be able to define the technical connection details for how to connect to them, and for what purpose."/>
      <min value="0"/>
      <max value="0"/>
      <base>
        <path value="PractitionerRole.endpoint"/>
        <min value="0"/>
        <max value="*"/>
      </base>
      <type>
        <code value="Reference"/>
        <targetProfile value="http://hl7.org/fhir/StructureDefinition/Endpoint"/>
      </type>
      <constraint>
        <key value="ele-1"/>
        <severity value="error"/>
        <human value="All FHIR elements must have a @value or children"/>
        <expression value="hasValue() or (children().count() &gt; id.count())"/>
        <xpath value="@value|f:*|h:div"/>
        <source value="http://hl7.org/fhir/StructureDefinition/Element"/>
      </constraint>
      <isModifier value="false"/>
      <isSummary value="false"/>
      <mapping>
        <identity value="rim"/>
        <map value="n/a"/>
      </mapping>
    </element>
  </snapshot>
  <differential>
    <element id="PractitionerRole">
      <path value="PractitionerRole"/>
    </element>
    <element id="PractitionerRole.extension">
      <path value="PractitionerRole.extension"/>
      <slicing>
        <discriminator>
          <type value="value"/>
          <path value="url"/>
        </discriminator>
        <ordered value="false"/>
        <rules value="open"/>
      </slicing>
    </element>
    <element id="PractitionerRole.extension:practitionerRole-status-reason">
      <path value="PractitionerRole.extension"/>
      <sliceName value="practitionerRole-status-reason"/>
      <short value="The reason for the status of this role. Generally when it is inactive."/>
      <min value="0"/>
      <max value="1"/>
      <type>
        <code value="Extension"/>
        <profile value="http://hl7.org.nz/fhir/StructureDefinition/practitionerRole-status-reason"/>
      </type>
    </element>
    <element id="PractitionerRole.extension:practitionerRole-creator">
      <path value="PractitionerRole.extension"/>
      <sliceName value="practitionerRole-creator"/>
      <short value="The person and/or organization that created the PR"/>
      <min value="0"/>
      <max value="1"/>
      <type>
        <code value="Extension"/>
        <profile value="http://hl7.org.nz/fhir/StructureDefinition/practitionerRole-creator"/>
      </type>
    </element>
    <element id="PractitionerRole.identifier">
      <path value="PractitionerRole.identifier"/>
      <slicing>
        <discriminator>
          <type value="value"/>
          <path value="use"/>
        </discriminator>
        <discriminator>
          <type value="value"/>
          <path value="system"/>
        </discriminator>
        <description value="The identifiers"/>
        <rules value="openAtEnd"/>
      </slicing>
    </element>
    <element id="PractitionerRole.identifier:RI">
      <path value="PractitionerRole.identifier"/>
      <sliceName value="RI"/>
      <min value="0"/>
      <max value="1"/>
      <mustSupport value="true"/>
    </element>
    <element id="PractitionerRole.identifier:RI.use">
      <path value="PractitionerRole.identifier.use"/>
      <short value="PractitionerRole Id"/>
      <min value="1"/>
      <fixedCode value="official"/>
    </element>
    <element id="PractitionerRole.identifier:RI.type">
      <path value="PractitionerRole.identifier.type"/>
      <max value="0"/>
    </element>
    <element id="PractitionerRole.identifier:RI.system">
      <path value="PractitionerRole.identifier.system"/>
      <min value="1"/>
      <fixedUri value="https://standards.digital.health.nz/ns/hpi-practitionerrole-id"/>
    </element>
    <element id="PractitionerRole.identifier:RI.period">
      <path value="PractitionerRole.identifier.period"/>
      <max value="0"/>
    </element>
    <element id="PractitionerRole.practitioner">
      <path value="PractitionerRole.practitioner"/>
      <type>
        <code value="Reference"/>
        <targetProfile value="http://hl7.org.nz/fhir/StructureDefinition/HPIPractitioner"/>
      </type>
    </element>
    <element id="PractitionerRole.organization">
      <path value="PractitionerRole.organization"/>
      <type>
        <code value="Reference"/>
        <targetProfile value="http://hl7.org.nz/fhir/StructureDefinition/HPIOrganization"/>
      </type>
    </element>
    <element id="PractitionerRole.code">
      <path value="PractitionerRole.code"/>
      <max value="1"/>
      <binding>
        <strength value="required"/>
        <valueSet value="https://nzhts.digital.health.nz/fhir/ValueSet/practitioner-role-code"/>
      </binding>
    </element>
    <element id="PractitionerRole.specialty">
      <path value="PractitionerRole.specialty"/>
      <max value="0"/>
    </element>
    <element id="PractitionerRole.location">
      <path value="PractitionerRole.location"/>
      <max value="1"/>
      <type>
        <code value="Reference"/>
        <targetProfile value="http://hl7.org.nz/fhir/StructureDefinition/HPILocation"/>
      </type>
    </element>
    <element id="PractitionerRole.healthcareService">
      <path value="PractitionerRole.healthcareService"/>
      <max value="0"/>
    </element>
    <element id="PractitionerRole.telecom.extension:edi-address">
      <path value="PractitionerRole.telecom.extension"/>
      <sliceName value="edi-address"/>
      <min value="0"/>
      <max value="1"/>
      <type>
        <code value="Extension"/>
        <profile value="http://hl7.org.nz/fhir/StructureDefinition/edi-address"/>
      </type>
    </element>
    <element id="PractitionerRole.telecom.use">
      <path value="PractitionerRole.telecom.use"/>
      <binding>
        <strength value="required"/>
        <valueSet value="https://nzhts.digital.health.nz/fhir/ValueSet/hpi-contact-point-use-code"/>
      </binding>
    </element>
    <element id="PractitionerRole.availableTime">
      <path value="PractitionerRole.availableTime"/>
      <max value="0"/>
    </element>
    <element id="PractitionerRole.availableTime.daysOfWeek">
      <path value="PractitionerRole.availableTime.daysOfWeek"/>
      <max value="0"/>
    </element>
    <element id="PractitionerRole.notAvailable">
      <path value="PractitionerRole.notAvailable"/>
      <max value="0"/>
    </element>
    <element id="PractitionerRole.availabilityExceptions">
      <path value="PractitionerRole.availabilityExceptions"/>
      <max value="0"/>
    </element>
    <element id="PractitionerRole.endpoint">
      <path value="PractitionerRole.endpoint"/>
      <max value="0"/>
    </element>
  </differential>
</StructureDefinition>