{
  "resourceType": "StructureDefinition",
  "id": "FacilityModel",
  "text": {
    "status": "extensions",
    "div": "<div xmlns=\"http://www.w3.org/1999/xhtml\"><table border=\"0\" cellpadding=\"0\" cellspacing=\"0\" style=\"border: 0px #F0F0F0 solid; font-size: 11px; font-family: verdana; vertical-align: top;\"><tr style=\"border: 1px #F0F0F0 solid; font-size: 11px; font-family: verdana; vertical-align: top\"><th style=\"vertical-align: top; text-align : left; background-color: white; border: 0px #F0F0F0 solid; padding:0px 4px 0px 4px\" class=\"hierarchy\"><a href=\"http://hl7.org/fhir/R4/formats.html#table\" title=\"The logical name of the element\">Name</a></th><th style=\"vertical-align: top; text-align : left; background-color: white; border: 0px #F0F0F0 solid; padding:0px 4px 0px 4px\" class=\"hierarchy\"><a href=\"http://hl7.org/fhir/R4/formats.html#table\" title=\"Information about the use of the element\">Flags</a></th><th style=\"vertical-align: top; text-align : left; background-color: white; border: 0px #F0F0F0 solid; padding:0px 4px 0px 4px\" class=\"hierarchy\"><a href=\"http://hl7.org/fhir/R4/formats.html#table\" title=\"Minimum and Maximum # of times the the element can appear in the instance\">Card.</a></th><th style=\"width: 100px\" class=\"hierarchy\"><a href=\"http://hl7.org/fhir/R4/formats.html#table\" title=\"Reference to the type of the element\">Type</a></th><th style=\"vertical-align: top; text-align : left; background-color: white; border: 0px #F0F0F0 solid; padding:0px 4px 0px 4px\" class=\"hierarchy\"><a href=\"http://hl7.org/fhir/R4/formats.html#table\" title=\"Additional information about the element\">Description &amp; Constraints</a><span style=\"float: right\"><a href=\"http://hl7.org/fhir/R4/formats.html#table\" title=\"Legend for this format\"><img src=\"http://hl7.org/fhir/R4/help16.png\" alt=\"doco\" style=\"background-color: inherit\"/></a></span></th></tr><tr style=\"border: 0px #F0F0F0 solid; padding:0px; vertical-align: top; background-color: white\"><td style=\"vertical-align: top; text-align : left; background-color: white; border: 0px #F0F0F0 solid; padding:0px 4px 0px 4px; white-space: nowrap; background-image: url(tbl_bck1.png)\" class=\"hierarchy\"><img src=\"tbl_spacer.png\" alt=\".\" style=\"background-color: inherit\" class=\"hierarchy\"/><img src=\"icon_element.gif\" alt=\".\" style=\"background-color: white; background-color: inherit\" title=\"Element\" class=\"hierarchy\"/> <a href=\"StructureDefinition-FacilityModel-definitions.html#FacilityModel\" title=\"An actual physical location. Represented by a Location model in FHIR\">FacilityModel</a><a name=\"FacilityModel\"> </a></td><td style=\"vertical-align: top; text-align : left; background-color: white; border: 0px #F0F0F0 solid; padding:0px 4px 0px 4px\" class=\"hierarchy\"/><td style=\"vertical-align: top; text-align : left; background-color: white; border: 0px #F0F0F0 solid; padding:0px 4px 0px 4px\" class=\"hierarchy\"><span style=\"opacity: 0.5\">0</span><span style=\"opacity: 0.5\">..</span><span style=\"opacity: 0.5\">*</span></td><td style=\"vertical-align: top; text-align : left; background-color: white; border: 0px #F0F0F0 solid; padding:0px 4px 0px 4px\" class=\"hierarchy\"><a href=\"http://hl7.org/fhir/R4/datatypes.html#Element\">Element</a></td><td style=\"vertical-align: top; text-align : left; background-color: white; border: 0px #F0F0F0 solid; padding:0px 4px 0px 4px\" class=\"hierarchy\">A facility involved in healthcare</td></tr>\r\n<tr style=\"border: 0px #F0F0F0 solid; padding:0px; vertical-align: top; background-color: #F7F7F7\"><td style=\"vertical-align: top; text-align : left; background-color: #F7F7F7; border: 0px #F0F0F0 solid; padding:0px 4px 0px 4px; white-space: nowrap; background-image: url(tbl_bck10.png)\" class=\"hierarchy\"><img src=\"tbl_spacer.png\" alt=\".\" style=\"background-color: inherit\" class=\"hierarchy\"/><img src=\"tbl_vjoin.png\" alt=\".\" style=\"background-color: inherit\" class=\"hierarchy\"/><img src=\"icon_primitive.png\" alt=\".\" style=\"background-color: #F7F7F7; background-color: inherit\" title=\"Primitive Data Type\" class=\"hierarchy\"/> <a href=\"StructureDefinition-FacilityModel-definitions.html#FacilityModel.name\" title=\"The name of the facility\">name</a><a name=\"FacilityModel.name\"> </a></td><td style=\"vertical-align: top; text-align : left; background-color: #F7F7F7; border: 0px #F0F0F0 solid; padding:0px 4px 0px 4px\" class=\"hierarchy\"/><td style=\"vertical-align: top; text-align : left; background-color: #F7F7F7; border: 0px #F0F0F0 solid; padding:0px 4px 0px 4px\" class=\"hierarchy\">1..1</td><td style=\"vertical-align: top; text-align : left; background-color: #F7F7F7; border: 0px #F0F0F0 solid; padding:0px 4px 0px 4px\" class=\"hierarchy\"><a href=\"http://hl7.org/fhir/R4/datatypes.html#string\">string</a></td><td style=\"vertical-align: top; text-align : left; background-color: #F7F7F7; border: 0px #F0F0F0 solid; padding:0px 4px 0px 4px\" class=\"hierarchy\">The name of the facility</td></tr>\r\n<tr style=\"border: 0px #F0F0F0 solid; padding:0px; vertical-align: top; background-color: white\"><td style=\"vertical-align: top; text-align : left; background-color: white; border: 0px #F0F0F0 solid; padding:0px 4px 0px 4px; white-space: nowrap; background-image: url(tbl_bck10.png)\" class=\"hierarchy\"><img src=\"tbl_spacer.png\" alt=\".\" style=\"background-color: inherit\" class=\"hierarchy\"/><img src=\"tbl_vjoin.png\" alt=\".\" style=\"background-color: inherit\" class=\"hierarchy\"/><img src=\"icon_primitive.png\" alt=\".\" style=\"background-color: white; background-color: inherit\" title=\"Primitive Data Type\" class=\"hierarchy\"/> <a href=\"StructureDefinition-FacilityModel-definitions.html#FacilityModel.description\" title=\"A longer description of the facility\">description</a><a name=\"FacilityModel.description\"> </a></td><td style=\"vertical-align: top; text-align : left; background-color: white; border: 0px #F0F0F0 solid; padding:0px 4px 0px 4px\" class=\"hierarchy\"/><td style=\"vertical-align: top; text-align : left; background-color: white; border: 0px #F0F0F0 solid; padding:0px 4px 0px 4px\" class=\"hierarchy\">0..1</td><td style=\"vertical-align: top; text-align : left; background-color: white; border: 0px #F0F0F0 solid; padding:0px 4px 0px 4px\" class=\"hierarchy\"><a href=\"http://hl7.org/fhir/R4/datatypes.html#string\">string</a></td><td style=\"vertical-align: top; text-align : left; background-color: white; border: 0px #F0F0F0 solid; padding:0px 4px 0px 4px\" class=\"hierarchy\">A longer description of the facility</td></tr>\r\n<tr style=\"border: 0px #F0F0F0 solid; padding:0px; vertical-align: top; background-color: #F7F7F7\"><td style=\"vertical-align: top; text-align : left; background-color: #F7F7F7; border: 0px #F0F0F0 solid; padding:0px 4px 0px 4px; white-space: nowrap; background-image: url(tbl_bck11.png)\" class=\"hierarchy\"><img src=\"tbl_spacer.png\" alt=\".\" style=\"background-color: inherit\" class=\"hierarchy\"/><img src=\"tbl_vjoin.png\" alt=\".\" style=\"background-color: inherit\" class=\"hierarchy\"/><img src=\"icon_datatype.gif\" alt=\".\" style=\"background-color: #F7F7F7; background-color: inherit\" title=\"Data Type\" class=\"hierarchy\"/> <a href=\"StructureDefinition-FacilityModel-definitions.html#FacilityModel.alias\" title=\"Other names by which this facility is known\">alias</a><a name=\"FacilityModel.alias\"> </a></td><td style=\"vertical-align: top; text-align : left; background-color: #F7F7F7; border: 0px #F0F0F0 solid; padding:0px 4px 0px 4px\" class=\"hierarchy\"/><td style=\"vertical-align: top; text-align : left; background-color: #F7F7F7; border: 0px #F0F0F0 solid; padding:0px 4px 0px 4px\" class=\"hierarchy\">0..*</td><td style=\"vertical-align: top; text-align : left; background-color: #F7F7F7; border: 0px #F0F0F0 solid; padding:0px 4px 0px 4px\" class=\"hierarchy\"><a href=\"http://hl7.org/fhir/R4/datatypes.html#BackboneElement\">BackboneElement</a></td><td style=\"vertical-align: top; text-align : left; background-color: #F7F7F7; border: 0px #F0F0F0 solid; padding:0px 4px 0px 4px\" class=\"hierarchy\">Other names by which this facility is known<br/></td></tr>\r\n<tr style=\"border: 0px #F0F0F0 solid; padding:0px; vertical-align: top; background-color: white\"><td style=\"vertical-align: top; text-align : left; background-color: white; border: 0px #F0F0F0 solid; padding:0px 4px 0px 4px; white-space: nowrap; background-image: url(tbl_bck110.png)\" class=\"hierarchy\"><img src=\"tbl_spacer.png\" alt=\".\" style=\"background-color: inherit\" class=\"hierarchy\"/><img src=\"tbl_vline.png\" alt=\".\" style=\"background-color: inherit\" class=\"hierarchy\"/><img src=\"tbl_vjoin.png\" alt=\".\" style=\"background-color: inherit\" class=\"hierarchy\"/><img src=\"icon_primitive.png\" alt=\".\" style=\"background-color: white; background-color: inherit\" title=\"Primitive Data Type\" class=\"hierarchy\"/> <a href=\"StructureDefinition-FacilityModel-definitions.html#FacilityModel.alias.name\" title=\"The alternative name\">name</a><a name=\"FacilityModel.alias.name\"> </a></td><td style=\"vertical-align: top; text-align : left; background-color: white; border: 0px #F0F0F0 solid; padding:0px 4px 0px 4px\" class=\"hierarchy\"/><td style=\"vertical-align: top; text-align : left; background-color: white; border: 0px #F0F0F0 solid; padding:0px 4px 0px 4px\" class=\"hierarchy\">1..1</td><td style=\"vertical-align: top; text-align : left; background-color: white; border: 0px #F0F0F0 solid; padding:0px 4px 0px 4px\" class=\"hierarchy\"><a href=\"http://hl7.org/fhir/R4/datatypes.html#string\">string</a></td><td style=\"vertical-align: top; text-align : left; background-color: white; border: 0px #F0F0F0 solid; padding:0px 4px 0px 4px\" class=\"hierarchy\">The alternative name</td></tr>\r\n<tr style=\"border: 0px #F0F0F0 solid; padding:0px; vertical-align: top; background-color: #F7F7F7\"><td style=\"vertical-align: top; text-align : left; background-color: #F7F7F7; border: 0px #F0F0F0 solid; padding:0px 4px 0px 4px; white-space: nowrap; background-image: url(tbl_bck100.png)\" class=\"hierarchy\"><img src=\"tbl_spacer.png\" alt=\".\" style=\"background-color: inherit\" class=\"hierarchy\"/><img src=\"tbl_vline.png\" alt=\".\" style=\"background-color: inherit\" class=\"hierarchy\"/><img src=\"tbl_vjoin_end.png\" alt=\".\" style=\"background-color: inherit\" class=\"hierarchy\"/><img src=\"icon_datatype.gif\" alt=\".\" style=\"background-color: #F7F7F7; background-color: inherit\" title=\"Data Type\" class=\"hierarchy\"/> <a href=\"StructureDefinition-FacilityModel-definitions.html#FacilityModel.alias.type\" title=\"The type of alias - eg locally used name\">type</a><a name=\"FacilityModel.alias.type\"> </a></td><td style=\"vertical-align: top; text-align : left; background-color: #F7F7F7; border: 0px #F0F0F0 solid; padding:0px 4px 0px 4px\" class=\"hierarchy\"/><td style=\"vertical-align: top; text-align : left; background-color: #F7F7F7; border: 0px #F0F0F0 solid; padding:0px 4px 0px 4px\" class=\"hierarchy\">0..1</td><td style=\"vertical-align: top; text-align : left; background-color: #F7F7F7; border: 0px #F0F0F0 solid; padding:0px 4px 0px 4px\" class=\"hierarchy\"><a href=\"http://hl7.org/fhir/R4/datatypes.html#CodeableConcept\">CodeableConcept</a></td><td style=\"vertical-align: top; text-align : left; background-color: #F7F7F7; border: 0px #F0F0F0 solid; padding:0px 4px 0px 4px\" class=\"hierarchy\">The type of alias - eg locally used name<br/><span style=\"font-weight:bold\">Binding: </span><a href=\"https://fhir.org.nz/ig/base/ValueSet-location-alias-type.html\">All the possible alias types</a> (<a href=\"http://hl7.org/fhir/R4/terminologies.html#required\" title=\"To be conformant, the concept in this element SHALL be from the specified value set.\">required</a>)</td></tr>\r\n<tr style=\"border: 0px #F0F0F0 solid; padding:0px; vertical-align: top; background-color: white\"><td style=\"vertical-align: top; text-align : left; background-color: white; border: 0px #F0F0F0 solid; padding:0px 4px 0px 4px; white-space: nowrap; background-image: url(tbl_bck10.png)\" class=\"hierarchy\"><img src=\"tbl_spacer.png\" alt=\".\" style=\"background-color: inherit\" class=\"hierarchy\"/><img src=\"tbl_vjoin.png\" alt=\".\" style=\"background-color: inherit\" class=\"hierarchy\"/><img src=\"icon_datatype.gif\" alt=\".\" style=\"background-color: white; background-color: inherit\" title=\"Data Type\" class=\"hierarchy\"/> <a href=\"StructureDefinition-FacilityModel-definitions.html#FacilityModel.hpiFacilityId\" title=\"The identifier assigned by the HPI to this facility\">hpiFacilityId</a><a name=\"FacilityModel.hpiFacilityId\"> </a></td><td style=\"vertical-align: top; text-align : left; background-color: white; border: 0px #F0F0F0 solid; padding:0px 4px 0px 4px\" class=\"hierarchy\"/><td style=\"vertical-align: top; text-align : left; background-color: white; border: 0px #F0F0F0 solid; padding:0px 4px 0px 4px\" class=\"hierarchy\">1..1</td><td style=\"vertical-align: top; text-align : left; background-color: white; border: 0px #F0F0F0 solid; padding:0px 4px 0px 4px\" class=\"hierarchy\"><a href=\"http://hl7.org/fhir/R4/datatypes.html#Identifier\">Identifier</a></td><td style=\"vertical-align: top; text-align : left; background-color: white; border: 0px #F0F0F0 solid; padding:0px 4px 0px 4px\" class=\"hierarchy\">The identifier assigned by the HPI to this facility</td></tr>\r\n<tr style=\"border: 0px #F0F0F0 solid; padding:0px; vertical-align: top; background-color: #F7F7F7\"><td style=\"vertical-align: top; text-align : left; background-color: #F7F7F7; border: 0px #F0F0F0 solid; padding:0px 4px 0px 4px; white-space: nowrap; background-image: url(tbl_bck10.png)\" class=\"hierarchy\"><img src=\"tbl_spacer.png\" alt=\".\" style=\"background-color: inherit\" class=\"hierarchy\"/><img src=\"tbl_vjoin.png\" alt=\".\" style=\"background-color: inherit\" class=\"hierarchy\"/><img src=\"icon_datatype.gif\" alt=\".\" style=\"background-color: #F7F7F7; background-color: inherit\" title=\"Data Type\" class=\"hierarchy\"/> <a href=\"StructureDefinition-FacilityModel-definitions.html#FacilityModel.dormantFacilityId\" title=\"Previously assigned identifiers, no longer used\">dormantFacilityId</a><a name=\"FacilityModel.dormantFacilityId\"> </a></td><td style=\"vertical-align: top; text-align : left; background-color: #F7F7F7; border: 0px #F0F0F0 solid; padding:0px 4px 0px 4px\" class=\"hierarchy\"/><td style=\"vertical-align: top; text-align : left; background-color: #F7F7F7; border: 0px #F0F0F0 solid; padding:0px 4px 0px 4px\" class=\"hierarchy\">0..*</td><td style=\"vertical-align: top; text-align : left; background-color: #F7F7F7; border: 0px #F0F0F0 solid; padding:0px 4px 0px 4px\" class=\"hierarchy\"><a href=\"http://hl7.org/fhir/R4/datatypes.html#Identifier\">Identifier</a></td><td style=\"vertical-align: top; text-align : left; background-color: #F7F7F7; border: 0px #F0F0F0 solid; padding:0px 4px 0px 4px\" class=\"hierarchy\">Previously assigned identifiers, no longer used<br/></td></tr>\r\n<tr style=\"border: 0px #F0F0F0 solid; padding:0px; vertical-align: top; background-color: white\"><td style=\"vertical-align: top; text-align : left; background-color: white; border: 0px #F0F0F0 solid; padding:0px 4px 0px 4px; white-space: nowrap; background-image: url(tbl_bck10.png)\" class=\"hierarchy\"><img src=\"tbl_spacer.png\" alt=\".\" style=\"background-color: inherit\" class=\"hierarchy\"/><img src=\"tbl_vjoin.png\" alt=\".\" style=\"background-color: inherit\" class=\"hierarchy\"/><img src=\"icon_datatype.gif\" alt=\".\" style=\"background-color: white; background-color: inherit\" title=\"Data Type\" class=\"hierarchy\"/> <a href=\"StructureDefinition-FacilityModel-definitions.html#FacilityModel.otherIdentifiers\" title=\"Other identifiers that may have been assigned\">otherIdentifiers</a><a name=\"FacilityModel.otherIdentifiers\"> </a></td><td style=\"vertical-align: top; text-align : left; background-color: white; border: 0px #F0F0F0 solid; padding:0px 4px 0px 4px\" class=\"hierarchy\"/><td style=\"vertical-align: top; text-align : left; background-color: white; border: 0px #F0F0F0 solid; padding:0px 4px 0px 4px\" class=\"hierarchy\">0..*</td><td style=\"vertical-align: top; text-align : left; background-color: white; border: 0px #F0F0F0 solid; padding:0px 4px 0px 4px\" class=\"hierarchy\"><a href=\"http://hl7.org/fhir/R4/datatypes.html#Identifier\">Identifier</a></td><td style=\"vertical-align: top; text-align : left; background-color: white; border: 0px #F0F0F0 solid; padding:0px 4px 0px 4px\" class=\"hierarchy\">Other identifiers that may have been assigned<br/></td></tr>\r\n<tr style=\"border: 0px #F0F0F0 solid; padding:0px; vertical-align: top; background-color: #F7F7F7\"><td style=\"vertical-align: top; text-align : left; background-color: #F7F7F7; border: 0px #F0F0F0 solid; padding:0px 4px 0px 4px; white-space: nowrap; background-image: url(tbl_bck10.png)\" class=\"hierarchy\"><img src=\"tbl_spacer.png\" alt=\".\" style=\"background-color: inherit\" class=\"hierarchy\"/><img src=\"tbl_vjoin.png\" alt=\".\" style=\"background-color: inherit\" class=\"hierarchy\"/><img src=\"icon_primitive.png\" alt=\".\" style=\"background-color: #F7F7F7; background-color: inherit\" title=\"Primitive Data Type\" class=\"hierarchy\"/> <a href=\"StructureDefinition-FacilityModel-definitions.html#FacilityModel.status\" title=\"The current status of this facility\">status</a><a name=\"FacilityModel.status\"> </a></td><td style=\"vertical-align: top; text-align : left; background-color: #F7F7F7; border: 0px #F0F0F0 solid; padding:0px 4px 0px 4px\" class=\"hierarchy\"/><td style=\"vertical-align: top; text-align : left; background-color: #F7F7F7; border: 0px #F0F0F0 solid; padding:0px 4px 0px 4px\" class=\"hierarchy\">1..1</td><td style=\"vertical-align: top; text-align : left; background-color: #F7F7F7; border: 0px #F0F0F0 solid; padding:0px 4px 0px 4px\" class=\"hierarchy\"><a href=\"http://hl7.org/fhir/R4/datatypes.html#code\">code</a></td><td style=\"vertical-align: top; text-align : left; background-color: #F7F7F7; border: 0px #F0F0F0 solid; padding:0px 4px 0px 4px\" class=\"hierarchy\">The current status of this facility</td></tr>\r\n<tr style=\"border: 0px #F0F0F0 solid; padding:0px; vertical-align: top; background-color: white\"><td style=\"vertical-align: top; text-align : left; background-color: white; border: 0px #F0F0F0 solid; padding:0px 4px 0px 4px; white-space: nowrap; background-image: url(tbl_bck10.png)\" class=\"hierarchy\"><img src=\"tbl_spacer.png\" alt=\".\" style=\"background-color: inherit\" class=\"hierarchy\"/><img src=\"tbl_vjoin.png\" alt=\".\" style=\"background-color: inherit\" class=\"hierarchy\"/><img src=\"icon_datatype.gif\" alt=\".\" style=\"background-color: white; background-color: inherit\" title=\"Data Type\" class=\"hierarchy\"/> <a href=\"StructureDefinition-FacilityModel-definitions.html#FacilityModel.typeOfFunction\" title=\"The kinds of function that can be performed at this facility\">typeOfFunction</a><a name=\"FacilityModel.typeOfFunction\"> </a></td><td style=\"vertical-align: top; text-align : left; background-color: white; border: 0px #F0F0F0 solid; padding:0px 4px 0px 4px\" class=\"hierarchy\"/><td style=\"vertical-align: top; text-align : left; background-color: white; border: 0px #F0F0F0 solid; padding:0px 4px 0px 4px\" class=\"hierarchy\">0..1</td><td style=\"vertical-align: top; text-align : left; background-color: white; border: 0px #F0F0F0 solid; padding:0px 4px 0px 4px\" class=\"hierarchy\"><a href=\"http://hl7.org/fhir/R4/datatypes.html#CodeableConcept\">CodeableConcept</a></td><td style=\"vertical-align: top; text-align : left; background-color: white; border: 0px #F0F0F0 solid; padding:0px 4px 0px 4px\" class=\"hierarchy\">The kinds of function that can be performed at this facility</td></tr>\r\n<tr style=\"border: 0px #F0F0F0 solid; padding:0px; vertical-align: top; background-color: #F7F7F7\"><td style=\"vertical-align: top; text-align : left; background-color: #F7F7F7; border: 0px #F0F0F0 solid; padding:0px 4px 0px 4px; white-space: nowrap; background-image: url(tbl_bck10.png)\" class=\"hierarchy\"><img src=\"tbl_spacer.png\" alt=\".\" style=\"background-color: inherit\" class=\"hierarchy\"/><img src=\"tbl_vjoin.png\" alt=\".\" style=\"background-color: inherit\" class=\"hierarchy\"/><img src=\"icon_datatype.gif\" alt=\".\" style=\"background-color: #F7F7F7; background-color: inherit\" title=\"Data Type\" class=\"hierarchy\"/> <a href=\"StructureDefinition-FacilityModel-definitions.html#FacilityModel.contactDetails\" title=\"How to contact the facility (by a human)\">contactDetails</a><a name=\"FacilityModel.contactDetails\"> </a></td><td style=\"vertical-align: top; text-align : left; background-color: #F7F7F7; border: 0px #F0F0F0 solid; padding:0px 4px 0px 4px\" class=\"hierarchy\"/><td style=\"vertical-align: top; text-align : left; background-color: #F7F7F7; border: 0px #F0F0F0 solid; padding:0px 4px 0px 4px\" class=\"hierarchy\">0..*</td><td style=\"vertical-align: top; text-align : left; background-color: #F7F7F7; border: 0px #F0F0F0 solid; padding:0px 4px 0px 4px\" class=\"hierarchy\"><a href=\"http://hl7.org/fhir/R4/datatypes.html#ContactPoint\">ContactPoint</a></td><td style=\"vertical-align: top; text-align : left; background-color: #F7F7F7; border: 0px #F0F0F0 solid; padding:0px 4px 0px 4px\" class=\"hierarchy\">How to contact the facility (by a human)<br/></td></tr>\r\n<tr style=\"border: 0px #F0F0F0 solid; padding:0px; vertical-align: top; background-color: white\"><td style=\"vertical-align: top; text-align : left; background-color: white; border: 0px #F0F0F0 solid; padding:0px 4px 0px 4px; white-space: nowrap; background-image: url(tbl_bck10.png)\" class=\"hierarchy\"><img src=\"tbl_spacer.png\" alt=\".\" style=\"background-color: inherit\" class=\"hierarchy\"/><img src=\"tbl_vjoin.png\" alt=\".\" style=\"background-color: inherit\" class=\"hierarchy\"/><img src=\"icon_resource.png\" alt=\".\" style=\"background-color: white; background-color: inherit\" title=\"Resource\" class=\"hierarchy\"/> <a href=\"StructureDefinition-FacilityModel-definitions.html#FacilityModel.electronicContactDetails\" title=\"Technical contacts\">electronicContactDetails</a><a name=\"FacilityModel.electronicContactDetails\"> </a></td><td style=\"vertical-align: top; text-align : left; background-color: white; border: 0px #F0F0F0 solid; padding:0px 4px 0px 4px\" class=\"hierarchy\"/><td style=\"vertical-align: top; text-align : left; background-color: white; border: 0px #F0F0F0 solid; padding:0px 4px 0px 4px\" class=\"hierarchy\">0..*</td><td style=\"vertical-align: top; text-align : left; background-color: white; border: 0px #F0F0F0 solid; padding:0px 4px 0px 4px\" class=\"hierarchy\"><a href=\"StructureDefinition-EndpointModel.html\">http://hl7.org.nz/fhir/ig/hpi/StructureDefinition/EndpointModel</a></td><td style=\"vertical-align: top; text-align : left; background-color: white; border: 0px #F0F0F0 solid; padding:0px 4px 0px 4px\" class=\"hierarchy\">Technical contacts<br/></td></tr>\r\n<tr style=\"border: 0px #F0F0F0 solid; padding:0px; vertical-align: top; background-color: #F7F7F7\"><td style=\"vertical-align: top; text-align : left; background-color: #F7F7F7; border: 0px #F0F0F0 solid; padding:0px 4px 0px 4px; white-space: nowrap; background-image: url(tbl_bck10.png)\" class=\"hierarchy\"><img src=\"tbl_spacer.png\" alt=\".\" style=\"background-color: inherit\" class=\"hierarchy\"/><img src=\"tbl_vjoin.png\" alt=\".\" style=\"background-color: inherit\" class=\"hierarchy\"/><img src=\"icon_datatype.gif\" alt=\".\" style=\"background-color: #F7F7F7; background-color: inherit\" title=\"Data Type\" class=\"hierarchy\"/> <a href=\"StructureDefinition-FacilityModel-definitions.html#FacilityModel.address\" title=\"Where the facility is located\">address</a><a name=\"FacilityModel.address\"> </a></td><td style=\"vertical-align: top; text-align : left; background-color: #F7F7F7; border: 0px #F0F0F0 solid; padding:0px 4px 0px 4px\" class=\"hierarchy\"/><td style=\"vertical-align: top; text-align : left; background-color: #F7F7F7; border: 0px #F0F0F0 solid; padding:0px 4px 0px 4px\" class=\"hierarchy\">0..1</td><td style=\"vertical-align: top; text-align : left; background-color: #F7F7F7; border: 0px #F0F0F0 solid; padding:0px 4px 0px 4px\" class=\"hierarchy\"><a href=\"http://hl7.org/fhir/R4/datatypes.html#Address\">Address</a></td><td style=\"vertical-align: top; text-align : left; background-color: #F7F7F7; border: 0px #F0F0F0 solid; padding:0px 4px 0px 4px\" class=\"hierarchy\">Where the facility is located</td></tr>\r\n<tr style=\"border: 0px #F0F0F0 solid; padding:0px; vertical-align: top; background-color: white\"><td style=\"vertical-align: top; text-align : left; background-color: white; border: 0px #F0F0F0 solid; padding:0px 4px 0px 4px; white-space: nowrap; background-image: url(tbl_bck10.png)\" class=\"hierarchy\"><img src=\"tbl_spacer.png\" alt=\".\" style=\"background-color: inherit\" class=\"hierarchy\"/><img src=\"tbl_vjoin.png\" alt=\".\" style=\"background-color: inherit\" class=\"hierarchy\"/><img src=\"icon_resource.png\" alt=\".\" style=\"background-color: white; background-color: inherit\" title=\"Resource\" class=\"hierarchy\"/> <a href=\"StructureDefinition-FacilityModel-definitions.html#FacilityModel.managingOrganization\" title=\"The organization responsible for this facility\">managingOrganization</a><a name=\"FacilityModel.managingOrganization\"> </a></td><td style=\"vertical-align: top; text-align : left; background-color: white; border: 0px #F0F0F0 solid; padding:0px 4px 0px 4px\" class=\"hierarchy\"/><td style=\"vertical-align: top; text-align : left; background-color: white; border: 0px #F0F0F0 solid; padding:0px 4px 0px 4px\" class=\"hierarchy\">0..1</td><td style=\"vertical-align: top; text-align : left; background-color: white; border: 0px #F0F0F0 solid; padding:0px 4px 0px 4px\" class=\"hierarchy\"><a href=\"StructureDefinition-OrganizationModel.html\">http://hl7.org.nz/fhir/ig/hpi/StructureDefinition/OrganizationModel</a></td><td style=\"vertical-align: top; text-align : left; background-color: white; border: 0px #F0F0F0 solid; padding:0px 4px 0px 4px\" class=\"hierarchy\">The organization responsible for this facility</td></tr>\r\n<tr style=\"border: 0px #F0F0F0 solid; padding:0px; vertical-align: top; background-color: #F7F7F7\"><td style=\"vertical-align: top; text-align : left; background-color: #F7F7F7; border: 0px #F0F0F0 solid; padding:0px 4px 0px 4px; white-space: nowrap; background-image: url(tbl_bck10.png)\" class=\"hierarchy\"><img src=\"tbl_spacer.png\" alt=\".\" style=\"background-color: inherit\" class=\"hierarchy\"/><img src=\"tbl_vjoin.png\" alt=\".\" style=\"background-color: inherit\" class=\"hierarchy\"/><img src=\"icon_resource.png\" alt=\".\" style=\"background-color: #F7F7F7; background-color: inherit\" title=\"Resource\" class=\"hierarchy\"/> <a href=\"StructureDefinition-FacilityModel-definitions.html#FacilityModel.partOf\" title=\"If this facility is part of a larger one (eg a ward in a hospital\">partOf</a><a name=\"FacilityModel.partOf\"> </a></td><td style=\"vertical-align: top; text-align : left; background-color: #F7F7F7; border: 0px #F0F0F0 solid; padding:0px 4px 0px 4px\" class=\"hierarchy\"/><td style=\"vertical-align: top; text-align : left; background-color: #F7F7F7; border: 0px #F0F0F0 solid; padding:0px 4px 0px 4px\" class=\"hierarchy\">0..1</td><td style=\"vertical-align: top; text-align : left; background-color: #F7F7F7; border: 0px #F0F0F0 solid; padding:0px 4px 0px 4px\" class=\"hierarchy\"><a href=\"StructureDefinition-FacilityModel.html\">http://hl7.org.nz/fhir/ig/hpi/StructureDefinition/FacilityModel</a></td><td style=\"vertical-align: top; text-align : left; background-color: #F7F7F7; border: 0px #F0F0F0 solid; padding:0px 4px 0px 4px\" class=\"hierarchy\">If this facility is part of a larger one (eg a ward in a hospital</td></tr>\r\n<tr style=\"border: 0px #F0F0F0 solid; padding:0px; vertical-align: top; background-color: white\"><td style=\"vertical-align: top; text-align : left; background-color: white; border: 0px #F0F0F0 solid; padding:0px 4px 0px 4px; white-space: nowrap; background-image: url(tbl_bck10.png)\" class=\"hierarchy\"><img src=\"tbl_spacer.png\" alt=\".\" style=\"background-color: inherit\" class=\"hierarchy\"/><img src=\"tbl_vjoin.png\" alt=\".\" style=\"background-color: inherit\" class=\"hierarchy\"/><img src=\"icon_datatype.gif\" alt=\".\" style=\"background-color: white; background-color: inherit\" title=\"Data Type\" class=\"hierarchy\"/> <a href=\"StructureDefinition-FacilityModel-definitions.html#FacilityModel.established\" title=\"The period over which the facility has been / is in operation\">established</a><a name=\"FacilityModel.established\"> </a></td><td style=\"vertical-align: top; text-align : left; background-color: white; border: 0px #F0F0F0 solid; padding:0px 4px 0px 4px\" class=\"hierarchy\"/><td style=\"vertical-align: top; text-align : left; background-color: white; border: 0px #F0F0F0 solid; padding:0px 4px 0px 4px\" class=\"hierarchy\">0..1</td><td style=\"vertical-align: top; text-align : left; background-color: white; border: 0px #F0F0F0 solid; padding:0px 4px 0px 4px\" class=\"hierarchy\"><a href=\"http://hl7.org/fhir/R4/datatypes.html#Period\">Period</a></td><td style=\"vertical-align: top; text-align : left; background-color: white; border: 0px #F0F0F0 solid; padding:0px 4px 0px 4px\" class=\"hierarchy\">The period over which the facility has been / is in operation</td></tr>\r\n<tr style=\"border: 0px #F0F0F0 solid; padding:0px; vertical-align: top; background-color: #F7F7F7\"><td style=\"vertical-align: top; text-align : left; background-color: #F7F7F7; border: 0px #F0F0F0 solid; padding:0px 4px 0px 4px; white-space: nowrap; background-image: url(tbl_bck10.png)\" class=\"hierarchy\"><img src=\"tbl_spacer.png\" alt=\".\" style=\"background-color: inherit\" class=\"hierarchy\"/><img src=\"tbl_vjoin.png\" alt=\".\" style=\"background-color: inherit\" class=\"hierarchy\"/><img src=\"icon_datatype.gif\" alt=\".\" style=\"background-color: #F7F7F7; background-color: inherit\" title=\"Data Type\" class=\"hierarchy\"/> <a href=\"StructureDefinition-FacilityModel-definitions.html#FacilityModel.dhb\" title=\"The DHB whose catchment area this facility is in\">dhb</a><a name=\"FacilityModel.dhb\"> </a></td><td style=\"vertical-align: top; text-align : left; background-color: #F7F7F7; border: 0px #F0F0F0 solid; padding:0px 4px 0px 4px\" class=\"hierarchy\"/><td style=\"vertical-align: top; text-align : left; background-color: #F7F7F7; border: 0px #F0F0F0 solid; padding:0px 4px 0px 4px\" class=\"hierarchy\">0..1</td><td style=\"vertical-align: top; text-align : left; background-color: #F7F7F7; border: 0px #F0F0F0 solid; padding:0px 4px 0px 4px\" class=\"hierarchy\"><a href=\"http://hl7.org/fhir/R4/datatypes.html#CodeableConcept\">CodeableConcept</a></td><td style=\"vertical-align: top; text-align : left; background-color: #F7F7F7; border: 0px #F0F0F0 solid; padding:0px 4px 0px 4px\" class=\"hierarchy\">The DHB whose catchment area this facility is in<br/><span style=\"font-weight:bold\">Binding: </span><a href=\"https://fhir.org.nz/ig/base/ValueSet-dhb.html\">District Health Board Identifer</a> (<a href=\"http://hl7.org/fhir/R4/terminologies.html#required\" title=\"To be conformant, the concept in this element SHALL be from the specified value set.\">required</a>)</td></tr>\r\n<tr style=\"border: 0px #F0F0F0 solid; padding:0px; vertical-align: top; background-color: white\"><td style=\"vertical-align: top; text-align : left; background-color: white; border: 0px #F0F0F0 solid; padding:0px 4px 0px 4px; white-space: nowrap; background-image: url(tbl_bck01.png)\" class=\"hierarchy\"><img src=\"tbl_spacer.png\" alt=\".\" style=\"background-color: inherit\" class=\"hierarchy\"/><img src=\"tbl_vjoin_end.png\" alt=\".\" style=\"background-color: inherit\" class=\"hierarchy\"/><img src=\"icon_datatype.gif\" alt=\".\" style=\"background-color: white; background-color: inherit\" title=\"Data Type\" class=\"hierarchy\"/> <a href=\"StructureDefinition-FacilityModel-definitions.html#FacilityModel.geocode\" title=\"The geocode for this facility. Uses the NZ datum (reference point)\">geocode</a><a name=\"FacilityModel.geocode\"> </a></td><td style=\"vertical-align: top; text-align : left; background-color: white; border: 0px #F0F0F0 solid; padding:0px 4px 0px 4px\" class=\"hierarchy\"/><td style=\"vertical-align: top; text-align : left; background-color: white; border: 0px #F0F0F0 solid; padding:0px 4px 0px 4px\" class=\"hierarchy\">0..1</td><td style=\"vertical-align: top; text-align : left; background-color: white; border: 0px #F0F0F0 solid; padding:0px 4px 0px 4px\" class=\"hierarchy\"><a href=\"http://hl7.org/fhir/R4/datatypes.html#BackboneElement\">BackboneElement</a></td><td style=\"vertical-align: top; text-align : left; background-color: white; border: 0px #F0F0F0 solid; padding:0px 4px 0px 4px\" class=\"hierarchy\">The geocode for this facility. Uses the NZ datum (reference point)</td></tr>\r\n<tr style=\"border: 0px #F0F0F0 solid; padding:0px; vertical-align: top; background-color: #F7F7F7\"><td style=\"vertical-align: top; text-align : left; background-color: #F7F7F7; border: 0px #F0F0F0 solid; padding:0px 4px 0px 4px; white-space: nowrap; background-image: url(tbl_bck010.png)\" class=\"hierarchy\"><img src=\"tbl_spacer.png\" alt=\".\" style=\"background-color: inherit\" class=\"hierarchy\"/><img src=\"tbl_blank.png\" alt=\".\" style=\"background-color: inherit\" class=\"hierarchy\"/><img src=\"tbl_vjoin.png\" alt=\".\" style=\"background-color: inherit\" class=\"hierarchy\"/><img src=\"icon_primitive.png\" alt=\".\" style=\"background-color: #F7F7F7; background-color: inherit\" title=\"Primitive Data Type\" class=\"hierarchy\"/> <a href=\"StructureDefinition-FacilityModel-definitions.html#FacilityModel.geocode.latitude\" title=\"Latitude\">latitude</a><a name=\"FacilityModel.geocode.latitude\"> </a></td><td style=\"vertical-align: top; text-align : left; background-color: #F7F7F7; border: 0px #F0F0F0 solid; padding:0px 4px 0px 4px\" class=\"hierarchy\"/><td style=\"vertical-align: top; text-align : left; background-color: #F7F7F7; border: 0px #F0F0F0 solid; padding:0px 4px 0px 4px\" class=\"hierarchy\">0..1</td><td style=\"vertical-align: top; text-align : left; background-color: #F7F7F7; border: 0px #F0F0F0 solid; padding:0px 4px 0px 4px\" class=\"hierarchy\"><a href=\"http://hl7.org/fhir/R4/datatypes.html#decimal\">decimal</a></td><td style=\"vertical-align: top; text-align : left; background-color: #F7F7F7; border: 0px #F0F0F0 solid; padding:0px 4px 0px 4px\" class=\"hierarchy\">Latitude</td></tr>\r\n<tr style=\"border: 0px #F0F0F0 solid; padding:0px; vertical-align: top; background-color: white\"><td style=\"vertical-align: top; text-align : left; background-color: white; border: 0px #F0F0F0 solid; padding:0px 4px 0px 4px; white-space: nowrap; background-image: url(tbl_bck000.png)\" class=\"hierarchy\"><img src=\"tbl_spacer.png\" alt=\".\" style=\"background-color: inherit\" class=\"hierarchy\"/><img src=\"tbl_blank.png\" alt=\".\" style=\"background-color: inherit\" class=\"hierarchy\"/><img src=\"tbl_vjoin_end.png\" alt=\".\" style=\"background-color: inherit\" class=\"hierarchy\"/><img src=\"icon_primitive.png\" alt=\".\" style=\"background-color: white; background-color: inherit\" title=\"Primitive Data Type\" class=\"hierarchy\"/> <a href=\"StructureDefinition-FacilityModel-definitions.html#FacilityModel.geocode.longitude\" title=\"Longitude\">longitude</a><a name=\"FacilityModel.geocode.longitude\"> </a></td><td style=\"vertical-align: top; text-align : left; background-color: white; border: 0px #F0F0F0 solid; padding:0px 4px 0px 4px\" class=\"hierarchy\"/><td style=\"vertical-align: top; text-align : left; background-color: white; border: 0px #F0F0F0 solid; padding:0px 4px 0px 4px\" class=\"hierarchy\">0..1</td><td style=\"vertical-align: top; text-align : left; background-color: white; border: 0px #F0F0F0 solid; padding:0px 4px 0px 4px\" class=\"hierarchy\"><a href=\"http://hl7.org/fhir/R4/datatypes.html#decimal\">decimal</a></td><td style=\"vertical-align: top; text-align : left; background-color: white; border: 0px #F0F0F0 solid; padding:0px 4px 0px 4px\" class=\"hierarchy\">Longitude</td></tr>\r\n<tr><td colspan=\"5\" class=\"hierarchy\"><br/><a href=\"http://hl7.org/fhir/R4/formats.html#table\" title=\"Legend for this format\"><img src=\"http://hl7.org/fhir/R4/help16.png\" alt=\"doco\" style=\"background-color: inherit\"/> Documentation for this format</a></td></tr></table></div>"
  },
  "url": "http://hl7.org.nz/fhir/ig/hpi/StructureDefinition/FacilityModel",
  "version": "0.10.0",
  "name": "FacilityModel",
  "title": "A facility involved in healthcare",
  "status": "active",
  "date": "2022-04-14T06:03:50+00:00",
  "publisher": "Ministry of Health",
  "contact": [
    {
      "name": "Ministry of Health",
      "telecom": [
        {
          "system": "email",
          "value": "mailto:integration@health.govt.nz"
        }
      ]
    }
  ],
  "description": "An actual physical location. Represented by a Location model in FHIR",
  "fhirVersion": "4.0.1",
  "mapping": [
    {
      "identity": "rim",
      "uri": "http://hl7.org/v3",
      "name": "RIM Mapping"
    }
  ],
  "kind": "logical",
  "abstract": false,
  "type": "http://hl7.org.nz/fhir/ig/hpi/StructureDefinition/FacilityModel",
  "baseDefinition": "http://hl7.org/fhir/StructureDefinition/Element",
  "derivation": "specialization",
  "snapshot": {
    "element": [
      {
        "id": "FacilityModel",
        "path": "FacilityModel",
        "short": "A facility involved in healthcare",
        "definition": "An actual physical location. Represented by a Location model in FHIR",
        "min": 0,
        "max": "*",
        "base": {
          "path": "Element",
          "min": 0,
          "max": "*"
        },
        "condition": [
          "ele-1"
        ],
        "constraint": [
          {
            "key": "ele-1",
            "severity": "error",
            "human": "All FHIR elements must have a @value or children",
            "expression": "hasValue() or (children().count() > id.count())",
            "xpath": "@value|f:*|h:div",
            "source": "http://hl7.org/fhir/StructureDefinition/Element"
          }
        ],
        "isModifier": false,
        "mapping": [
          {
            "identity": "rim",
            "map": "n/a"
          }
        ]
      },
      {
        "id": "FacilityModel.id",
        "path": "FacilityModel.id",
        "representation": [
          "xmlAttr"
        ],
        "short": "Unique id for inter-element referencing",
        "definition": "Unique id for the element within a resource (for internal references). This may be any string value that does not contain spaces.",
        "min": 0,
        "max": "1",
        "base": {
          "path": "Element.id",
          "min": 0,
          "max": "1"
        },
        "type": [
          {
            "extension": [
              {
                "url": "http://hl7.org/fhir/StructureDefinition/structuredefinition-fhir-type",
                "valueUrl": "string"
              }
            ],
            "code": "http://hl7.org/fhirpath/System.String"
          }
        ],
        "isModifier": false,
        "isSummary": false,
        "mapping": [
          {
            "identity": "rim",
            "map": "n/a"
          }
        ]
      },
      {
        "id": "FacilityModel.extension",
        "path": "FacilityModel.extension",
        "slicing": {
          "discriminator": [
            {
              "type": "value",
              "path": "url"
            }
          ],
          "description": "Extensions are always sliced by (at least) url",
          "rules": "open"
        },
        "short": "Additional content defined by implementations",
        "definition": "May be used to represent additional information that is not part of the basic definition of the element. To make the use of extensions safe and manageable, there is a strict set of governance  applied to the definition and use of extensions. Though any implementer can define an extension, there is a set of requirements that SHALL be met as part of the definition of the extension.",
        "comment": "There can be no stigma associated with the use of extensions by any application, project, or standard - regardless of the institution or jurisdiction that uses or defines the extensions.  The use of extensions is what allows the FHIR specification to retain a core level of simplicity for everyone.",
        "alias": [
          "extensions",
          "user content"
        ],
        "min": 0,
        "max": "*",
        "base": {
          "path": "Element.extension",
          "min": 0,
          "max": "*"
        },
        "type": [
          {
            "code": "Extension"
          }
        ],
        "constraint": [
          {
            "key": "ele-1",
            "severity": "error",
            "human": "All FHIR elements must have a @value or children",
            "expression": "hasValue() or (children().count() > id.count())",
            "xpath": "@value|f:*|h:div",
            "source": "http://hl7.org/fhir/StructureDefinition/Element"
          },
          {
            "key": "ext-1",
            "severity": "error",
            "human": "Must have either extensions or value[x], not both",
            "expression": "extension.exists() != value.exists()",
            "xpath": "exists(f:extension)!=exists(f:*[starts-with(local-name(.), \"value\")])",
            "source": "http://hl7.org/fhir/StructureDefinition/Extension"
          }
        ],
        "isModifier": false,
        "isSummary": false,
        "mapping": [
          {
            "identity": "rim",
            "map": "n/a"
          }
        ]
      },
      {
        "id": "FacilityModel.name",
        "path": "FacilityModel.name",
        "short": "The name of the facility",
        "definition": "The name of the facility",
        "min": 1,
        "max": "1",
        "base": {
          "path": "FacilityModel.name",
          "min": 1,
          "max": "1"
        },
        "type": [
          {
            "code": "string"
          }
        ]
      },
      {
        "id": "FacilityModel.description",
        "path": "FacilityModel.description",
        "short": "A longer description of the facility",
        "definition": "A longer description of the facility",
        "min": 0,
        "max": "1",
        "base": {
          "path": "FacilityModel.description",
          "min": 0,
          "max": "1"
        },
        "type": [
          {
            "code": "string"
          }
        ]
      },
      {
        "id": "FacilityModel.alias",
        "path": "FacilityModel.alias",
        "short": "Other names by which this facility is known",
        "definition": "Other names by which this facility is known",
        "min": 0,
        "max": "*",
        "base": {
          "path": "FacilityModel.alias",
          "min": 0,
          "max": "*"
        },
        "type": [
          {
            "code": "BackboneElement"
          }
        ]
      },
      {
        "id": "FacilityModel.alias.name",
        "path": "FacilityModel.alias.name",
        "short": "The alternative name",
        "definition": "The alternative name",
        "min": 1,
        "max": "1",
        "base": {
          "path": "FacilityModel.alias.name",
          "min": 1,
          "max": "1"
        },
        "type": [
          {
            "code": "string"
          }
        ]
      },
      {
        "id": "FacilityModel.alias.type",
        "path": "FacilityModel.alias.type",
        "short": "The type of alias - eg locally used name",
        "definition": "The type of alias - eg locally used name",
        "min": 0,
        "max": "1",
        "base": {
          "path": "FacilityModel.alias.type",
          "min": 0,
          "max": "1"
        },
        "type": [
          {
            "code": "CodeableConcept"
          }
        ],
        "binding": {
          "strength": "required",
          "valueSet": "https://nzhts.digital.health.nz/fhir/ValueSet/alias-type-code"
        }
      },
      {
        "id": "FacilityModel.hpiFacilityId",
        "path": "FacilityModel.hpiFacilityId",
        "short": "The identifier assigned by the HPI to this facility",
        "definition": "The identifier assigned by the HPI to this facility",
        "min": 1,
        "max": "1",
        "base": {
          "path": "FacilityModel.hpiFacilityId",
          "min": 1,
          "max": "1"
        },
        "type": [
          {
            "code": "Identifier"
          }
        ]
      },
      {
        "id": "FacilityModel.dormantFacilityId",
        "path": "FacilityModel.dormantFacilityId",
        "short": "Previously assigned identifiers, no longer used",
        "definition": "Previously assigned identifiers, no longer used",
        "min": 0,
        "max": "*",
        "base": {
          "path": "FacilityModel.dormantFacilityId",
          "min": 0,
          "max": "*"
        },
        "type": [
          {
            "code": "Identifier"
          }
        ]
      },
      {
        "id": "FacilityModel.otherIdentifiers",
        "path": "FacilityModel.otherIdentifiers",
        "short": "Other identifiers that may have been assigned",
        "definition": "Other identifiers that may have been assigned",
        "min": 0,
        "max": "*",
        "base": {
          "path": "FacilityModel.otherIdentifiers",
          "min": 0,
          "max": "*"
        },
        "type": [
          {
            "code": "Identifier"
          }
        ]
      },
      {
        "id": "FacilityModel.status",
        "path": "FacilityModel.status",
        "short": "The current status of this facility",
        "definition": "The current status of this facility",
        "min": 1,
        "max": "1",
        "base": {
          "path": "FacilityModel.status",
          "min": 1,
          "max": "1"
        },
        "type": [
          {
            "code": "code"
          }
        ]
      },
      {
        "id": "FacilityModel.typeOfFunction",
        "path": "FacilityModel.typeOfFunction",
        "short": "The kinds of function that can be performed at this facility",
        "definition": "The kinds of function that can be performed at this facility",
        "min": 0,
        "max": "1",
        "base": {
          "path": "FacilityModel.typeOfFunction",
          "min": 0,
          "max": "1"
        },
        "type": [
          {
            "code": "CodeableConcept"
          }
        ]
      },
      {
        "id": "FacilityModel.contactDetails",
        "path": "FacilityModel.contactDetails",
        "short": "How to contact the facility (by a human)",
        "definition": "How to contact the facility (by a human)",
        "min": 0,
        "max": "*",
        "base": {
          "path": "FacilityModel.contactDetails",
          "min": 0,
          "max": "*"
        },
        "type": [
          {
            "code": "ContactPoint"
          }
        ]
      },
      {
        "id": "FacilityModel.electronicContactDetails",
        "path": "FacilityModel.electronicContactDetails",
        "short": "Technical contacts",
        "definition": "Technical contacts",
        "min": 0,
        "max": "*",
        "base": {
          "path": "FacilityModel.electronicContactDetails",
          "min": 0,
          "max": "*"
        },
        "type": [
          {
            "code": "http://hl7.org.nz/fhir/ig/hpi/StructureDefinition/EndpointModel"
          }
        ]
      },
      {
        "id": "FacilityModel.address",
        "path": "FacilityModel.address",
        "short": "Where the facility is located",
        "definition": "Where the facility is located",
        "min": 0,
        "max": "1",
        "base": {
          "path": "FacilityModel.address",
          "min": 0,
          "max": "1"
        },
        "type": [
          {
            "code": "Address"
          }
        ]
      },
      {
        "id": "FacilityModel.managingOrganization",
        "path": "FacilityModel.managingOrganization",
        "short": "The organization responsible for this facility",
        "definition": "The organization responsible for this facility",
        "min": 0,
        "max": "1",
        "base": {
          "path": "FacilityModel.managingOrganization",
          "min": 0,
          "max": "1"
        },
        "type": [
          {
            "code": "http://hl7.org.nz/fhir/ig/hpi/StructureDefinition/OrganizationModel"
          }
        ]
      },
      {
        "id": "FacilityModel.partOf",
        "path": "FacilityModel.partOf",
        "short": "If this facility is part of a larger one (eg a ward in a hospital",
        "definition": "If this facility is part of a larger one (eg a ward in a hospital",
        "min": 0,
        "max": "1",
        "base": {
          "path": "FacilityModel.partOf",
          "min": 0,
          "max": "1"
        },
        "type": [
          {
            "code": "http://hl7.org.nz/fhir/ig/hpi/StructureDefinition/FacilityModel"
          }
        ]
      },
      {
        "id": "FacilityModel.established",
        "path": "FacilityModel.established",
        "short": "The period over which the facility has been / is in operation",
        "definition": "The period over which the facility has been / is in operation",
        "min": 0,
        "max": "1",
        "base": {
          "path": "FacilityModel.established",
          "min": 0,
          "max": "1"
        },
        "type": [
          {
            "code": "Period"
          }
        ]
      },
      {
        "id": "FacilityModel.dhb",
        "path": "FacilityModel.dhb",
        "short": "The DHB whose catchment area this facility is in",
        "definition": "The DHB whose catchment area this facility is in",
        "min": 0,
        "max": "1",
        "base": {
          "path": "FacilityModel.dhb",
          "min": 0,
          "max": "1"
        },
        "type": [
          {
            "code": "CodeableConcept"
          }
        ],
        "binding": {
          "strength": "required",
          "valueSet": "https://nzhts.digital.health.nz/fhir/ValueSet/dhb-code"
        }
      },
      {
        "id": "FacilityModel.geocode",
        "path": "FacilityModel.geocode",
        "short": "The geocode for this facility. Uses the NZ datum (reference point)",
        "definition": "The geocode for this facility. Uses the NZ datum (reference point)",
        "min": 0,
        "max": "1",
        "base": {
          "path": "FacilityModel.geocode",
          "min": 0,
          "max": "1"
        },
        "type": [
          {
            "code": "BackboneElement"
          }
        ]
      },
      {
        "id": "FacilityModel.geocode.latitude",
        "path": "FacilityModel.geocode.latitude",
        "short": "Latitude",
        "definition": "Latitude",
        "min": 0,
        "max": "1",
        "base": {
          "path": "FacilityModel.geocode.latitude",
          "min": 0,
          "max": "1"
        },
        "type": [
          {
            "code": "decimal"
          }
        ]
      },
      {
        "id": "FacilityModel.geocode.longitude",
        "path": "FacilityModel.geocode.longitude",
        "short": "Longitude",
        "definition": "Longitude",
        "min": 0,
        "max": "1",
        "base": {
          "path": "FacilityModel.geocode.longitude",
          "min": 0,
          "max": "1"
        },
        "type": [
          {
            "code": "decimal"
          }
        ]
      }
    ]
  },
  "differential": {
    "element": [
      {
        "id": "FacilityModel",
        "path": "FacilityModel",
        "short": "A facility involved in healthcare",
        "definition": "An actual physical location. Represented by a Location model in FHIR"
      },
      {
        "id": "FacilityModel.name",
        "path": "FacilityModel.name",
        "short": "The name of the facility",
        "definition": "The name of the facility",
        "min": 1,
        "max": "1",
        "type": [
          {
            "code": "string"
          }
        ]
      },
      {
        "id": "FacilityModel.description",
        "path": "FacilityModel.description",
        "short": "A longer description of the facility",
        "definition": "A longer description of the facility",
        "min": 0,
        "max": "1",
        "type": [
          {
            "code": "string"
          }
        ]
      },
      {
        "id": "FacilityModel.alias",
        "path": "FacilityModel.alias",
        "short": "Other names by which this facility is known",
        "definition": "Other names by which this facility is known",
        "min": 0,
        "max": "*",
        "type": [
          {
            "code": "BackboneElement"
          }
        ]
      },
      {
        "id": "FacilityModel.alias.name",
        "path": "FacilityModel.alias.name",
        "short": "The alternative name",
        "definition": "The alternative name",
        "min": 1,
        "max": "1",
        "type": [
          {
            "code": "string"
          }
        ]
      },
      {
        "id": "FacilityModel.alias.type",
        "path": "FacilityModel.alias.type",
        "short": "The type of alias - eg locally used name",
        "definition": "The type of alias - eg locally used name",
        "min": 0,
        "max": "1",
        "type": [
          {
            "code": "CodeableConcept"
          }
        ],
        "binding": {
          "strength": "required",
          "valueSet": "https://nzhts.digital.health.nz/fhir/ValueSet/alias-type-code"
        }
      },
      {
        "id": "FacilityModel.hpiFacilityId",
        "path": "FacilityModel.hpiFacilityId",
        "short": "The identifier assigned by the HPI to this facility",
        "definition": "The identifier assigned by the HPI to this facility",
        "min": 1,
        "max": "1",
        "type": [
          {
            "code": "Identifier"
          }
        ]
      },
      {
        "id": "FacilityModel.dormantFacilityId",
        "path": "FacilityModel.dormantFacilityId",
        "short": "Previously assigned identifiers, no longer used",
        "definition": "Previously assigned identifiers, no longer used",
        "min": 0,
        "max": "*",
        "type": [
          {
            "code": "Identifier"
          }
        ]
      },
      {
        "id": "FacilityModel.otherIdentifiers",
        "path": "FacilityModel.otherIdentifiers",
        "short": "Other identifiers that may have been assigned",
        "definition": "Other identifiers that may have been assigned",
        "min": 0,
        "max": "*",
        "type": [
          {
            "code": "Identifier"
          }
        ]
      },
      {
        "id": "FacilityModel.status",
        "path": "FacilityModel.status",
        "short": "The current status of this facility",
        "definition": "The current status of this facility",
        "min": 1,
        "max": "1",
        "type": [
          {
            "code": "code"
          }
        ]
      },
      {
        "id": "FacilityModel.typeOfFunction",
        "path": "FacilityModel.typeOfFunction",
        "short": "The kinds of function that can be performed at this facility",
        "definition": "The kinds of function that can be performed at this facility",
        "min": 0,
        "max": "1",
        "type": [
          {
            "code": "CodeableConcept"
          }
        ]
      },
      {
        "id": "FacilityModel.contactDetails",
        "path": "FacilityModel.contactDetails",
        "short": "How to contact the facility (by a human)",
        "definition": "How to contact the facility (by a human)",
        "min": 0,
        "max": "*",
        "type": [
          {
            "code": "ContactPoint"
          }
        ]
      },
      {
        "id": "FacilityModel.electronicContactDetails",
        "path": "FacilityModel.electronicContactDetails",
        "short": "Technical contacts",
        "definition": "Technical contacts",
        "min": 0,
        "max": "*",
        "type": [
          {
            "code": "http://hl7.org.nz/fhir/ig/hpi/StructureDefinition/EndpointModel"
          }
        ]
      },
      {
        "id": "FacilityModel.address",
        "path": "FacilityModel.address",
        "short": "Where the facility is located",
        "definition": "Where the facility is located",
        "min": 0,
        "max": "1",
        "type": [
          {
            "code": "Address"
          }
        ]
      },
      {
        "id": "FacilityModel.managingOrganization",
        "path": "FacilityModel.managingOrganization",
        "short": "The organization responsible for this facility",
        "definition": "The organization responsible for this facility",
        "min": 0,
        "max": "1",
        "type": [
          {
            "code": "http://hl7.org.nz/fhir/ig/hpi/StructureDefinition/OrganizationModel"
          }
        ]
      },
      {
        "id": "FacilityModel.partOf",
        "path": "FacilityModel.partOf",
        "short": "If this facility is part of a larger one (eg a ward in a hospital",
        "definition": "If this facility is part of a larger one (eg a ward in a hospital",
        "min": 0,
        "max": "1",
        "type": [
          {
            "code": "http://hl7.org.nz/fhir/ig/hpi/StructureDefinition/FacilityModel"
          }
        ]
      },
      {
        "id": "FacilityModel.established",
        "path": "FacilityModel.established",
        "short": "The period over which the facility has been / is in operation",
        "definition": "The period over which the facility has been / is in operation",
        "min": 0,
        "max": "1",
        "type": [
          {
            "code": "Period"
          }
        ]
      },
      {
        "id": "FacilityModel.dhb",
        "path": "FacilityModel.dhb",
        "short": "The DHB whose catchment area this facility is in",
        "definition": "The DHB whose catchment area this facility is in",
        "min": 0,
        "max": "1",
        "type": [
          {
            "code": "CodeableConcept"
          }
        ],
        "binding": {
          "strength": "required",
          "valueSet": "https://nzhts.digital.health.nz/fhir/ValueSet/dhb-code"
        }
      },
      {
        "id": "FacilityModel.geocode",
        "path": "FacilityModel.geocode",
        "short": "The geocode for this facility. Uses the NZ datum (reference point)",
        "definition": "The geocode for this facility. Uses the NZ datum (reference point)",
        "min": 0,
        "max": "1",
        "type": [
          {
            "code": "BackboneElement"
          }
        ]
      },
      {
        "id": "FacilityModel.geocode.latitude",
        "path": "FacilityModel.geocode.latitude",
        "short": "Latitude",
        "definition": "Latitude",
        "min": 0,
        "max": "1",
        "type": [
          {
            "code": "decimal"
          }
        ]
      },
      {
        "id": "FacilityModel.geocode.longitude",
        "path": "FacilityModel.geocode.longitude",
        "short": "Longitude",
        "definition": "Longitude",
        "min": 0,
        "max": "1",
        "type": [
          {
            "code": "decimal"
          }
        ]
      }
    ]
  }
}