{
  "package": "hl7.org.nz.fhir.ig.hpi",
  "version": "1.2.1",
  "fhirVersion": "4.0.1",
  "extensions": [
    {
      "url": "http://hl7.org.nz/fhir/StructureDefinition/esam-id",
      "title": "Esam_id",
      "types": [
        "string"
      ]
    }
  ],
  "profiles": {
    "Location": [
      {
        "url": "http://hl7.org.nz/fhir/StructureDefinition/HPILocation",
        "title": "HPI Location"
      }
    ],
    "Organization": [
      {
        "url": "http://hl7.org.nz/fhir/StructureDefinition/HPIOrganization",
        "title": "HPI Organization"
      }
    ],
    "Practitioner": [
      {
        "url": "http://hl7.org.nz/fhir/StructureDefinition/HPIPractitioner",
        "title": "HPI Practitioner"
      }
    ],
    "PractitionerRole": [
      {
        "url": "http://hl7.org.nz/fhir/StructureDefinition/HPIPractitionerRole",
        "title": "HPI Practitioner role"
      }
    ]
  },
  "usage": {
    "http://hl7.org.nz/fhir/StructureDefinition/additional-authorisation": [
      "Practitioner.qualification"
    ],
    "http://hl7.org.nz/fhir/StructureDefinition/alias-type": [
      "Location.alias",
      "Organization.alias"
    ],
    "http://hl7.org.nz/fhir/StructureDefinition/building-name": [
      "Location.address"
    ],
    "http://hl7.org.nz/fhir/StructureDefinition/condition-on-practice": [
      "Practitioner.qualification"
    ],
    "http://hl7.org.nz/fhir/StructureDefinition/death-date": [
      "Practitioner"
    ],
    "http://hl7.org.nz/fhir/StructureDefinition/dhb": [
      "Location"
    ],
    "http://hl7.org.nz/fhir/StructureDefinition/domicile-code": [
      "Location.address"
    ],
    "http://hl7.org.nz/fhir/StructureDefinition/educational-qualification": [
      "Practitioner"
    ],
    "http://hl7.org.nz/fhir/StructureDefinition/established": [
      "Location",
      "Organization"
    ],
    "http://hl7.org.nz/fhir/StructureDefinition/funded-programme": [
      "Location",
      "Organization"
    ],
    "http://hl7.org.nz/fhir/StructureDefinition/messaging-address": [
      "Location",
      "PractitionerRole"
    ],
    "http://hl7.org.nz/fhir/StructureDefinition/nz-ethnicity": [
      "Practitioner"
    ],
    "http://hl7.org.nz/fhir/StructureDefinition/nz-geocode": [
      "Location.address"
    ],
    "http://hl7.org.nz/fhir/StructureDefinition/nz-iwi": [
      "Practitioner"
    ],
    "http://hl7.org.nz/fhir/StructureDefinition/pho": [
      "Location"
    ],
    "http://hl7.org.nz/fhir/StructureDefinition/practitionerRole-creator": [
      "PractitionerRole"
    ],
    "http://hl7.org.nz/fhir/StructureDefinition/practitionerRole-status-reason": [
      "PractitionerRole"
    ],
    "http://hl7.org.nz/fhir/StructureDefinition/registration-initial-date": [
      "Practitioner.qualification"
    ],
    "http://hl7.org.nz/fhir/StructureDefinition/registration-status-code": [
      "Practitioner.qualification"
    ],
    "http://hl7.org.nz/fhir/StructureDefinition/scope-of-practice": [
      "Practitioner.qualification"
    ],
    "http://hl7.org.nz/fhir/StructureDefinition/suburb": [
      "Location.address"
    ],
    "http://hl7.org/fhir/StructureDefinition/elementdefinition-bestpractice": [
      "StructureDefinition.snapshot.element.constraint"
    ],
    "http://hl7.org/fhir/StructureDefinition/elementdefinition-bestpractice-explanation": [
      "StructureDefinition.snapshot.element.constraint"
    ],
    "http://hl7.org/fhir/StructureDefinition/elementdefinition-bindingName": [
      "StructureDefinition.snapshot.element.binding"
    ],
    "http://hl7.org/fhir/StructureDefinition/elementdefinition-maxValueSet": [
      "StructureDefinition.snapshot.element.binding"
    ],
    "http://hl7.org/fhir/StructureDefinition/elementdefinition-translatable": [
      "StructureDefinition.snapshot.element"
    ],
    "http://hl7.org/fhir/StructureDefinition/regex": [
      "StructureDefinition.snapshot.element.type"
    ],
    "http://hl7.org/fhir/StructureDefinition/structuredefinition-fhir-type": [
      "StructureDefinition.snapshot.element.type"
    ],
    "http://hl7.org/fhir/StructureDefinition/structuredefinition-hierarchy": [
      "StructureDefinition.differential.element.type",
      "StructureDefinition.snapshot.element.type"
    ],
    "http://hl7.org/fhir/tools/StructureDefinition/ig-internal-dependency": [
      "ImplementationGuide.definition"
    ],
    "http://hl7.org/fhir/tools/StructureDefinition/ig-page-name": [
      "ImplementationGuide.definition.page",
      "ImplementationGuide.definition.page.page"
    ],
    "http://hl7.org/fhir/tools/StructureDefinition/ig-parameter": [
      "ImplementationGuide.definition"
    ],
    "http://hl7.org/fhir/tools/StructureDefinition/implementationguide-dependency-comment": [
      "ImplementationGuide.dependsOn"
    ],
    "http://hl7.org/fhir/tools/StructureDefinition/resource-information": [
      "ImplementationGuide.definition.resource"
    ]
  }
}