{
  "codeSystems" : [
    {
      "url" : "https://nzhts.digital.health.nz/fhir/ValueSet/country-code",
      "version" : "2013",
      "status" : "active",
      "name" : "Hpi_country_code_iso_3166_1",
      "title" : "ISO 3166-1:2013 (2-alpha country code)",
      "description" : "2-alpha country codes",
      "systems" : [
        "urn:iso:std:iso:3166",
        "https://standards.digital.health.nz/ns/country-code"
      ],
      "uses" : {
      },
      "StructureDefinition-HpiLocation.html" : "HPI Location",
      "StructureDefinition-HPIPractitioner.html" : "HPI Practitioner"
    },
    {
      "url" : "https://nzhts.digital.health.nz/fhir/ValueSet/hpi-contact-point-use-code",
      "version" : "1.0",
      "status" : "active",
      "name" : "Hpi_ContactPointUse",
      "title" : "Use values for a ContactPoint",
      "description" : "Use values for a ContactPoint",
      "systems" : ["http://hl7.org/fhir/contact-point-use"],
      "uses" : {
      },
      "StructureDefinition-HpiLocation.html" : "HPI Location",
      "StructureDefinition-HpiOrganization.html" : "HPI Organization",
      "StructureDefinition-HPIPractitionerRole.html" : "HPI Practitioner role"
    },
    {
      "url" : "https://nzhts.digital.health.nz/fhir/ValueSet/hpi-human-name-use-code",
      "version" : "1.0",
      "status" : "active",
      "name" : "Hpi_HumanNameUse",
      "title" : "Use values for a HumanName",
      "description" : "Use values for a HumanName",
      "systems" : ["http://hl7.org/fhir/name-use"],
      "uses" : {
      },
      "StructureDefinition-HPIPractitioner.html" : "HPI Practitioner"
    },
    {
      "url" : "https://nzhts.digital.health.nz/fhir/ValueSet/hpi-identifier-use-code",
      "version" : "1.0",
      "status" : "active",
      "name" : "Hpi_IdentfierUse",
      "title" : "IdentifierUse",
      "description" : "Use values for an Identifier",
      "systems" : ["http://hl7.org/fhir/identifier-use"],
      "uses" : {
      },
      "StructureDefinition-HpiLocation.html" : "HPI Location",
      "StructureDefinition-HpiOrganization.html" : "HPI Organization",
      "StructureDefinition-HPIPractitioner.html" : "HPI Practitioner"
    },
    {
      "url" : "https://nzhts.digital.health.nz/fhir/ValueSet/hpi-location-address-use-code",
      "version" : "2.0",
      "status" : "active",
      "name" : "Hpi_location_address_use",
      "title" : "Address Use for Location",
      "description" : "Location address use",
      "systems" : ["http://hl7.org/fhir/address-use"],
      "uses" : {
      },
      "StructureDefinition-HpiLocation.html" : "HPI Location"
    },
    {
      "url" : "https://nzhts.digital.health.nz/fhir/ValueSet/hpi-location-status-code",
      "version" : "1.0",
      "status" : "active",
      "name" : "Hpi_location_status",
      "title" : "HPI Location Status",
      "description" : "A coded type for status of facilities.",
      "systems" : ["http://hl7.org/fhir/location-status"],
      "uses" : {
      },
      "StructureDefinition-HpiLocation.html" : "HPI Location"
    },
    {
      "url" : "https://nzhts.digital.health.nz/fhir/ValueSet/hpi-ra-identifier-code",
      "version" : "1.0",
      "status" : "active",
      "name" : "Hpi_Ra_Identifier",
      "title" : "RaIdentifier",
      "description" : "RA Identifier",
      "systems" : [
        "https://standards.digital.health.nz/ns/hpi-ra-identifier-code"
      ],
      "uses" : {
      },
      "StructureDefinition-HPIPractitioner.html" : "HPI Practitioner"
    },
    {
      "url" : "https://nzhts.digital.health.nz/fhir/ValueSet/language-code",
      "version" : "1.0",
      "status" : "active",
      "name" : "Hpi_language_code_iso_639_3",
      "title" : "ISO 639-3:2007 (3-alpha language code)",
      "description" : "3-alpha language codes",
      "systems" : ["urn:iso:std:iso:639:-3"],
      "uses" : {
      },
      "StructureDefinition-HPIPractitioner.html" : "HPI Practitioner"
    },
    {
      "url" : "https://nzhts.digital.health.nz/fhir/ValueSet/location-alias-type-code",
      "version" : "1.0",
      "status" : "active",
      "name" : "Hpi_location_alias_type",
      "title" : "HPI Alias Type (Location)",
      "description" : "A coded type for an alias name for facilities.",
      "systems" : ["https://standards.digital.health.nz/ns/alias-type-code"],
      "uses" : {
      },
      "StructureDefinition-HpiLocation.html" : "HPI Location"
    },
    {
      "url" : "https://nzhts.digital.health.nz/fhir/ValueSet/location-type-code",
      "version" : "1.0",
      "status" : "active",
      "name" : "Hpi_location_type",
      "title" : "HPI Location Type",
      "description" : "A coded type for types of facilities.",
      "systems" : ["https://standards.digital.health.nz/ns/location-type-code"],
      "uses" : {
      },
      "StructureDefinition-HpiLocation.html" : "HPI Location"
    },
    {
      "url" : "https://nzhts.digital.health.nz/fhir/ValueSet/name-prefix-code",
      "version" : "2.0",
      "status" : "active",
      "name" : "Hpi_name_prefix",
      "title" : "Name Prefix Codes",
      "description" : "A coded type for name prefixes.",
      "systems" : ["https://standards.digital.health.nz/ns/name-prefix-code"],
      "uses" : {
      },
      "StructureDefinition-HPIPractitioner.html" : "HPI Practitioner"
    },
    {
      "url" : "https://nzhts.digital.health.nz/fhir/ValueSet/name-suffix-code",
      "version" : "1.0",
      "status" : "active",
      "name" : "NhiNameSuffix",
      "title" : "Name Suffix Codes",
      "description" : "Types of name suffixes used by  NHI",
      "systems" : ["https://standards.digital.health.nz/ns/name-suffix-code"],
      "uses" : {
      },
      "StructureDefinition-HPIPractitioner.html" : "HPI Practitioner"
    },
    {
      "url" : "https://nzhts.digital.health.nz/fhir/ValueSet/organisation-type-code",
      "version" : "1.1",
      "status" : "active",
      "name" : "Hpi_organisation_type",
      "title" : "Organisation Type",
      "description" : "Organisation type",
      "systems" : [
        "https://standards.digital.health.nz/ns/organisation-type-code"
      ],
      "uses" : {
      },
      "StructureDefinition-HpiOrganization.html" : "HPI Organization"
    },
    {
      "url" : "https://nzhts.digital.health.nz/fhir/ValueSet/organization-alias-type-code",
      "version" : "1.0",
      "status" : "active",
      "name" : "Hpi_organization_alias_type",
      "title" : "HPI Alias Type (Organization)",
      "description" : "A coded type for an alias name for organisation.",
      "systems" : ["https://standards.digital.health.nz/ns/alias-type-code"],
      "uses" : {
      },
      "StructureDefinition-HpiOrganization.html" : "HPI Organization"
    },
    {
      "url" : "https://nzhts.digital.health.nz/fhir/ValueSet/practitioner-registration-authority-code",
      "version" : "2.0",
      "status" : "active",
      "name" : "Hpi_registration_type",
      "title" : "HPI Registration Type",
      "description" : "A coded type for professional registrations.",
      "systems" : [
        "https://standards.digital.health.nz/ns/practitioner-registration-authority-code"
      ],
      "uses" : {
      },
      "StructureDefinition-HPIPractitioner.html" : "HPI Practitioner"
    },
    {
      "url" : "https://nzhts.digital.health.nz/fhir/ValueSet/practitioner-role-code",
      "version" : "1.0",
      "status" : "active",
      "name" : "Hpi_practitioner_role",
      "title" : "PractitonerRole code",
      "description" : "The role a practitioner holds.",
      "systems" : [
        "http://snomed.info/sct/223366009",
        "http://www.abs.gov.au/ausstats/abs@.nsf/mf/1220.0"
      ],
      "uses" : {
      },
      "StructureDefinition-HPIPractitionerRole.html" : "HPI Practitioner role"
    }
  ]
}
