URL,Version,Status,OIDs,Name,Title,Descriptino,Uses,Used,Sources
https://nzhts.digital.health.nz/fhir/ValueSet/country-code,2013,active,,Hpi_country_code_iso_3166_1,ISO 3166-1:2013 (2-alpha country code),"2-alpha country codes","StructureDefinition/HpiLocation,StructureDefinition/HPIPractitioner","hl7.org.nz.fhir.ig.hip-core"
https://nzhts.digital.health.nz/fhir/ValueSet/hpi-contact-point-use-code,1.0,active,,Hpi_ContactPointUse,Use values for a ContactPoint,"Use values for a ContactPoint","StructureDefinition/HpiLocation,StructureDefinition/HpiOrganization,StructureDefinition/HPIPractitionerRole","hl7.fhir.r4.core"
https://nzhts.digital.health.nz/fhir/ValueSet/hpi-human-name-use-code,1.0,active,,Hpi_HumanNameUse,Use values for a HumanName,"Use values for a HumanName","StructureDefinition/HPIPractitioner","hl7.fhir.r4.core"
https://nzhts.digital.health.nz/fhir/ValueSet/hpi-identifier-use-code,1.0,active,,Hpi_IdentfierUse,IdentifierUse,"Use values for an Identifier","StructureDefinition/HpiLocation,StructureDefinition/HpiOrganization,StructureDefinition/HPIPractitioner","hl7.fhir.r4.core"
https://nzhts.digital.health.nz/fhir/ValueSet/hpi-location-address-use-code,2.0,active,,Hpi_location_address_use,Address Use for Location,"Location address use","StructureDefinition/HpiLocation","hl7.fhir.r4.core"
https://nzhts.digital.health.nz/fhir/ValueSet/hpi-location-status-code,1.0,active,,Hpi_location_status,HPI Location Status,"A coded type for status of facilities.","StructureDefinition/HpiLocation","hl7.fhir.r4.core"
https://nzhts.digital.health.nz/fhir/ValueSet/hpi-ra-identifier-code,1.0,active,,Hpi_Ra_Identifier,RaIdentifier,"RA Identifier","StructureDefinition/HPIPractitioner","hl7.org.nz.fhir.ig.hip-core"
https://nzhts.digital.health.nz/fhir/ValueSet/language-code,1.0,active,,Hpi_language_code_iso_639_3,ISO 639-3:2007 (3-alpha language code),"3-alpha language codes","StructureDefinition/HPIPractitioner","hl7.org.nz.fhir.ig.hip-core"
https://nzhts.digital.health.nz/fhir/ValueSet/location-alias-type-code,1.0,active,,Hpi_location_alias_type,HPI Alias Type (Location),"A coded type for an alias name for facilities.","StructureDefinition/HpiLocation","fhir.org.nz.ig.base"
https://nzhts.digital.health.nz/fhir/ValueSet/location-type-code,1.0,active,,Hpi_location_type,HPI Location Type,"A coded type for types of facilities.","StructureDefinition/HpiLocation","hl7.org.nz.fhir.ig.hip-core"
https://nzhts.digital.health.nz/fhir/ValueSet/name-prefix-code,2.0,active,,Hpi_name_prefix,Name Prefix Codes,"A coded type for name prefixes.","StructureDefinition/HPIPractitioner","hl7.org.nz.fhir.ig.hip-core"
https://nzhts.digital.health.nz/fhir/ValueSet/name-suffix-code,1.0,active,,NhiNameSuffix,Name Suffix Codes,"Types of name suffixes used by  NHI","StructureDefinition/HPIPractitioner","hl7.org.nz.fhir.ig.hip-core"
https://nzhts.digital.health.nz/fhir/ValueSet/organisation-type-code,1.1,active,,Hpi_organisation_type,Organisation Type,"Organisation type","StructureDefinition/HpiOrganization","hl7.org.nz.fhir.ig.hip-core"
https://nzhts.digital.health.nz/fhir/ValueSet/organization-alias-type-code,1.0,active,,Hpi_organization_alias_type,HPI Alias Type (Organization),"A coded type for an alias name for organisation.","StructureDefinition/HpiOrganization","fhir.org.nz.ig.base"
https://nzhts.digital.health.nz/fhir/ValueSet/practitioner-additional-authorisation-code,1.0.1,active,,PractitionerAdditionalAuthorisationCode,Additional Practitioner authorisations,"A coded type for additional authorisations","StructureDefinition/HPIPractitioner","hl7.org.nz.fhir.ig.hip-core"
https://nzhts.digital.health.nz/fhir/ValueSet/practitioner-registration-authority-code,2.1,active,,Hpi_registration_type,HPI Registration Type,"A coded type for professional registrations.","StructureDefinition/HPIPractitioner","hl7.org.nz.fhir.ig.hip-core"
https://nzhts.digital.health.nz/fhir/ValueSet/practitioner-role-code,20240821,active,,PractitionerRoleCode,PractitionerRoleCode,"The role a practitioner holds.","StructureDefinition/HPIPractitionerRole",
https://nzhts.digital.health.nz/fhir/ValueSet/practitioner-scope-of-practice-code,2.1.0,active,,PractitionerScopeOfPractice,Scope of practice,"A coded type for professional scope of practice.","StructureDefinition/HPIPractitioner","hl7.org.nz.fhir.ig.hip-core"
