{
  "codeSystems" : [
    {
      "url" : "http://hl7.org/fhir/ValueSet/address-type",
      "version" : "4.0.1",
      "status" : "active",
      "name" : "AddressType",
      "title" : "AddressType",
      "description" : "The type of an address (physical / postal).",
      "systems" : ["http://hl7.org/fhir/address-type"],
      "oids" : ["2.16.840.1.113883.4.642.3.69"],
      "sources" : ["2.16.840.1.113883.4.642.3.69"],
      "uses" : {
      },
      "StructureDefinition-HpiLocation.html" : "HPI Location"
    },
    {
      "url" : "http://hl7.org/fhir/ValueSet/administrative-gender",
      "version" : "4.0.1",
      "status" : "active",
      "name" : "AdministrativeGender",
      "title" : "AdministrativeGender",
      "description" : "The gender of a person used for administrative purposes.",
      "systems" : ["http://hl7.org/fhir/administrative-gender"],
      "oids" : ["2.16.840.1.113883.4.642.3.1"],
      "sources" : ["2.16.840.1.113883.4.642.3.1"],
      "uses" : {
      },
      "StructureDefinition-HPIPractitioner.html" : "HPI Practitioner"
    },
    {
      "url" : "http://hl7.org/fhir/ValueSet/c80-practice-codes",
      "version" : "4.0.1",
      "status" : "active",
      "name" : "PracticeSettingCodeValueSet",
      "title" : "Practice Setting Code Value Set",
      "description" : "This is the code representing the clinical specialty of the clinician or provider who interacted with, treated, or provided a service to/for the patient. The value set used for clinical specialty has been limited by HITSP to the value set reproduced from HITSP C80 Table 2-149 Clinical Specialty Value Set Definition.",
      "systems" : ["http://snomed.info/sct"],
      "oids" : ["2.16.840.1.113883.3.88.12.80.72"],
      "sources" : ["2.16.840.1.113883.3.88.12.80.72"],
      "uses" : {
      },
      "StructureDefinition-HPIPractitionerRole.html" : "HPI Practitioner role"
    },
    {
      "url" : "http://hl7.org/fhir/ValueSet/contact-point-system",
      "version" : "4.0.1",
      "status" : "active",
      "name" : "ContactPointSystem",
      "title" : "ContactPointSystem",
      "description" : "Telecommunications form for contact point.",
      "systems" : ["http://hl7.org/fhir/contact-point-system"],
      "oids" : ["2.16.840.1.113883.4.642.3.71"],
      "sources" : ["2.16.840.1.113883.4.642.3.71"],
      "uses" : {
      },
      "StructureDefinition-HpiOrganization.html" : "HPI Organization",
      "StructureDefinition-HPIPractitionerRole.html" : "HPI Practitioner role",
      "StructureDefinition-HpiLocation.html" : "HPI Location"
    },
    {
      "url" : "http://hl7.org/fhir/ValueSet/contactentity-type",
      "version" : "4.0.1",
      "status" : "draft",
      "name" : "ContactEntityType",
      "title" : "Contact entity type",
      "description" : "This example value set defines a set of codes that can be used to indicate the purpose for which you would contact a contact party.",
      "systems" : ["http://terminology.hl7.org/CodeSystem/contactentity-type"],
      "oids" : ["2.16.840.1.113883.4.642.3.416"],
      "sources" : ["2.16.840.1.113883.4.642.3.416"],
      "uses" : {
      },
      "StructureDefinition-HpiOrganization.html" : "HPI Organization"
    },
    {
      "url" : "http://hl7.org/fhir/ValueSet/days-of-week",
      "version" : "4.0.1",
      "status" : "active",
      "name" : "DaysOfWeek",
      "title" : "DaysOfWeek",
      "description" : "The days of the week.",
      "systems" : ["http://hl7.org/fhir/days-of-week"],
      "oids" : ["2.16.840.1.113883.4.642.3.512"],
      "sources" : ["2.16.840.1.113883.4.642.3.512"],
      "uses" : {
      },
      "StructureDefinition-HPIPractitionerRole.html" : "HPI Practitioner role",
      "StructureDefinition-HpiLocation.html" : "HPI Location"
    },
    {
      "url" : "http://hl7.org/fhir/ValueSet/identifier-type",
      "version" : "4.0.1",
      "status" : "active",
      "name" : "Identifier Type Codes",
      "title" : "IdentifierType",
      "description" : "A coded type for an identifier that can be used to determine which identifier to use for a specific purpose.",
      "systems" : ["http://terminology.hl7.org/CodeSystem/v2-0203"],
      "oids" : ["2.16.840.1.113883.4.642.3.45"],
      "sources" : ["2.16.840.1.113883.4.642.3.45"],
      "uses" : {
      },
      "StructureDefinition-HpiOrganization.html" : "HPI Organization",
      "StructureDefinition-HPIPractitioner.html" : "HPI Practitioner",
      "StructureDefinition-HPIPractitionerRole.html" : "HPI Practitioner role",
      "StructureDefinition-HpiLocation.html" : "HPI Location"
    },
    {
      "url" : "http://hl7.org/fhir/ValueSet/identifier-use",
      "version" : "4.0.1",
      "status" : "active",
      "name" : "IdentifierUse",
      "title" : "IdentifierUse",
      "description" : "Identifies the purpose for this identifier, if known .",
      "systems" : ["http://hl7.org/fhir/identifier-use"],
      "oids" : ["2.16.840.1.113883.4.642.3.57"],
      "sources" : ["2.16.840.1.113883.4.642.3.57"],
      "uses" : {
      },
      "StructureDefinition-HPIPractitionerRole.html" : "HPI Practitioner role"
    },
    {
      "url" : "http://hl7.org/fhir/ValueSet/languages",
      "version" : "4.0.1",
      "status" : "draft",
      "name" : "CommonLanguages",
      "title" : "Common Languages",
      "description" : "This value set includes common codes from BCP-47 (http://tools.ietf.org/html/bcp47)",
      "systems" : ["urn:ietf:bcp:47"],
      "oids" : ["2.16.840.1.113883.4.642.3.20"],
      "sources" : ["2.16.840.1.113883.4.642.3.20"],
      "uses" : {
      },
      "StructureDefinition-HpiOrganization.html" : "HPI Organization",
      "StructureDefinition-HPIPractitioner.html" : "HPI Practitioner",
      "StructureDefinition-HPIPractitionerRole.html" : "HPI Practitioner role",
      "StructureDefinition-HpiLocation.html" : "HPI Location"
    },
    {
      "url" : "http://hl7.org/fhir/ValueSet/location-mode",
      "version" : "4.0.1",
      "status" : "draft",
      "name" : "LocationMode",
      "title" : "LocationMode",
      "description" : "Indicates whether a resource instance represents a specific location or a class of locations.",
      "systems" : ["http://hl7.org/fhir/location-mode"],
      "oids" : ["2.16.840.1.113883.4.642.3.330"],
      "sources" : ["2.16.840.1.113883.4.642.3.330"],
      "uses" : {
      },
      "StructureDefinition-HpiLocation.html" : "HPI Location"
    },
    {
      "url" : "http://hl7.org/fhir/ValueSet/location-physical-type",
      "version" : "4.0.1",
      "status" : "draft",
      "name" : "LocationType",
      "title" : "Location type",
      "description" : "This example value set defines a set of codes that can be used to indicate the physical form of the Location.",
      "systems" : [
        "http://terminology.hl7.org/CodeSystem/location-physical-type"
      ],
      "oids" : ["2.16.840.1.113883.4.642.3.328"],
      "sources" : ["2.16.840.1.113883.4.642.3.328"],
      "uses" : {
      },
      "StructureDefinition-HpiLocation.html" : "HPI Location"
    },
    {
      "url" : "http://terminology.hl7.org/ValueSet/v2-0116",
      "version" : "2.0.0",
      "status" : "active",
      "name" : "Hl7VSBedStatus",
      "title" : "hl7VS-bedStatus",
      "description" : "Value Set of codes that specify the state of a bed in an inpatient setting, and is used to determine if a patient may be assigned to it or not.",
      "systems" : ["http://terminology.hl7.org/CodeSystem/v2-0116"],
      "oids" : ["2.16.840.1.113883.21.51"],
      "sources" : ["2.16.840.1.113883.21.51"],
      "uses" : {
      },
      "StructureDefinition-HpiLocation.html" : "HPI Location"
    },
    {
      "url" : "https://nzhts.digital.health.nz/fhir/ValueSet/country-code",
      "version" : "2013",
      "status" : "active",
      "name" : "Hpi_country_code_iso_3166_1",
      "title" : "ISO 3166-1:2013 (2-alpha country code)",
      "description" : "2-alpha country codes",
      "systems" : [
        "urn:iso:std:iso:3166",
        "https://standards.digital.health.nz/ns/country-code"
      ],
      "uses" : {
      },
      "StructureDefinition-HPIPractitioner.html" : "HPI Practitioner",
      "StructureDefinition-HpiLocation.html" : "HPI Location"
    },
    {
      "url" : "https://nzhts.digital.health.nz/fhir/ValueSet/dod-information-source-code",
      "version" : "1.2",
      "status" : "active",
      "name" : "Nhi_date_of_death_source",
      "title" : "Date of Death Information Source",
      "description" : "A coded type for the source of information for a death date.",
      "systems" : [
        "https://standards.digital.health.nz/ns/information-source-code"
      ],
      "uses" : {
      },
      "StructureDefinition-HPIPractitioner.html" : "HPI Practitioner"
    },
    {
      "url" : "https://nzhts.digital.health.nz/fhir/ValueSet/hpi-contact-point-use-code",
      "version" : "1.0",
      "status" : "active",
      "name" : "Hpi_ContactPointUse",
      "title" : "Use values for a ContactPoint",
      "description" : "Use values for a ContactPoint",
      "systems" : ["http://hl7.org/fhir/contact-point-use"],
      "uses" : {
      },
      "StructureDefinition-HpiOrganization.html" : "HPI Organization",
      "StructureDefinition-HPIPractitionerRole.html" : "HPI Practitioner role",
      "StructureDefinition-HpiLocation.html" : "HPI Location"
    },
    {
      "url" : "https://nzhts.digital.health.nz/fhir/ValueSet/hpi-human-name-use-code",
      "version" : "1.0",
      "status" : "active",
      "name" : "Hpi_HumanNameUse",
      "title" : "Use values for a HumanName",
      "description" : "Use values for a HumanName",
      "systems" : ["http://hl7.org/fhir/name-use"],
      "uses" : {
      },
      "StructureDefinition-HPIPractitioner.html" : "HPI Practitioner"
    },
    {
      "url" : "https://nzhts.digital.health.nz/fhir/ValueSet/hpi-identifier-use-code",
      "version" : "1.0",
      "status" : "active",
      "name" : "Hpi_IdentfierUse",
      "title" : "IdentifierUse",
      "description" : "Use values for an Identifier",
      "systems" : ["http://hl7.org/fhir/identifier-use"],
      "uses" : {
      },
      "StructureDefinition-HpiOrganization.html" : "HPI Organization",
      "StructureDefinition-HPIPractitioner.html" : "HPI Practitioner",
      "StructureDefinition-HpiLocation.html" : "HPI Location"
    },
    {
      "url" : "https://nzhts.digital.health.nz/fhir/ValueSet/hpi-location-address-use-code",
      "version" : "2.0",
      "status" : "active",
      "name" : "Hpi_location_address_use",
      "title" : "Address Use for Location",
      "description" : "Location address use",
      "systems" : ["http://hl7.org/fhir/address-use"],
      "uses" : {
      },
      "StructureDefinition-HpiLocation.html" : "HPI Location"
    },
    {
      "url" : "https://nzhts.digital.health.nz/fhir/ValueSet/hpi-location-status-code",
      "version" : "1.0",
      "status" : "active",
      "name" : "Hpi_location_status",
      "title" : "HPI Location Status",
      "description" : "A coded type for status of facilities.",
      "systems" : ["http://hl7.org/fhir/location-status"],
      "uses" : {
      },
      "StructureDefinition-HpiLocation.html" : "HPI Location"
    },
    {
      "url" : "https://nzhts.digital.health.nz/fhir/ValueSet/hpi-ra-identifier-code",
      "version" : "1.0",
      "status" : "active",
      "name" : "Hpi_Ra_Identifier",
      "title" : "RaIdentifier",
      "description" : "RA Identifier",
      "systems" : [
        "https://standards.digital.health.nz/ns/hpi-ra-identifier-code"
      ],
      "uses" : {
      },
      "StructureDefinition-HPIPractitioner.html" : "HPI Practitioner"
    },
    {
      "url" : "https://nzhts.digital.health.nz/fhir/ValueSet/language-code",
      "version" : "1.0",
      "status" : "active",
      "name" : "Hpi_language_code_iso_639_3",
      "title" : "ISO 639-3:2007 (3-alpha language code)",
      "description" : "3-alpha language codes",
      "systems" : ["urn:iso:std:iso:639:-3"],
      "uses" : {
      },
      "StructureDefinition-HPIPractitioner.html" : "HPI Practitioner"
    },
    {
      "url" : "https://nzhts.digital.health.nz/fhir/ValueSet/location-alias-type-code",
      "version" : "1.0",
      "status" : "active",
      "name" : "Hpi_location_alias_type",
      "title" : "HPI Alias Type (Location)",
      "description" : "A coded type for an alias name for facilities.",
      "systems" : ["https://standards.digital.health.nz/ns/alias-type-code"],
      "uses" : {
      },
      "StructureDefinition-HpiLocation.html" : "HPI Location"
    },
    {
      "url" : "https://nzhts.digital.health.nz/fhir/ValueSet/location-type-code",
      "version" : "1.0",
      "status" : "active",
      "name" : "Hpi_location_type",
      "title" : "HPI Location Type",
      "description" : "A coded type for types of facilities.",
      "systems" : ["https://standards.digital.health.nz/ns/location-type-code"],
      "uses" : {
      },
      "StructureDefinition-HpiLocation.html" : "HPI Location"
    },
    {
      "url" : "https://nzhts.digital.health.nz/fhir/ValueSet/name-prefix-code",
      "version" : "2.0",
      "status" : "active",
      "name" : "Hpi_name_prefix",
      "title" : "Name Prefix Codes",
      "description" : "A coded type for name prefixes.",
      "systems" : ["https://standards.digital.health.nz/ns/name-prefix-code"],
      "uses" : {
      },
      "StructureDefinition-HPIPractitioner.html" : "HPI Practitioner"
    },
    {
      "url" : "https://nzhts.digital.health.nz/fhir/ValueSet/name-suffix-code",
      "version" : "1.0",
      "status" : "active",
      "name" : "NhiNameSuffix",
      "title" : "Name Suffix Codes",
      "description" : "Types of name suffixes used by  NHI",
      "systems" : ["https://standards.digital.health.nz/ns/name-suffix-code"],
      "uses" : {
      },
      "StructureDefinition-HPIPractitioner.html" : "HPI Practitioner"
    },
    {
      "url" : "https://nzhts.digital.health.nz/fhir/ValueSet/organisation-type-code",
      "version" : "1.2",
      "status" : "active",
      "name" : "Hpi_organisation_type",
      "title" : "Organisation Type",
      "description" : "Organisation type",
      "systems" : [
        "https://standards.digital.health.nz/ns/organisation-type-code"
      ],
      "uses" : {
      },
      "StructureDefinition-HpiOrganization.html" : "HPI Organization"
    },
    {
      "url" : "https://nzhts.digital.health.nz/fhir/ValueSet/organization-alias-type-code",
      "version" : "1.0",
      "status" : "active",
      "name" : "Hpi_organization_alias_type",
      "title" : "HPI Alias Type (Organization)",
      "description" : "A coded type for an alias name for organisation.",
      "systems" : ["https://standards.digital.health.nz/ns/alias-type-code"],
      "uses" : {
      },
      "StructureDefinition-HpiOrganization.html" : "HPI Organization"
    },
    {
      "url" : "https://nzhts.digital.health.nz/fhir/ValueSet/practitioner-additional-authorisation-code",
      "version" : "1.0.1",
      "status" : "active",
      "name" : "PractitionerAdditionalAuthorisationCode",
      "title" : "Additional Practitioner authorisations",
      "description" : "A coded type for additional authorisations",
      "systems" : [
        "https://standards.digital.health.nz/ns/practitioner-additional-authorisation-code"
      ],
      "uses" : {
      },
      "StructureDefinition-HPIPractitioner.html" : "HPI Practitioner"
    },
    {
      "url" : "https://nzhts.digital.health.nz/fhir/ValueSet/practitioner-registration-authority-code",
      "version" : "2.1",
      "status" : "active",
      "name" : "Hpi_registration_type",
      "title" : "HPI Registration Type",
      "description" : "A coded type for professional registrations.",
      "systems" : [
        "https://standards.digital.health.nz/ns/practitioner-registration-authority-code"
      ],
      "uses" : {
      },
      "StructureDefinition-HPIPractitioner.html" : "HPI Practitioner"
    },
    {
      "url" : "https://nzhts.digital.health.nz/fhir/ValueSet/practitioner-role-code",
      "version" : "20240821",
      "status" : "active",
      "name" : "PractitionerRoleCode",
      "title" : "PractitionerRoleCode",
      "description" : "The role a practitioner holds.",
      "uses" : {
      },
      "StructureDefinition-HPIPractitionerRole.html" : "HPI Practitioner role"
    },
    {
      "url" : "https://nzhts.digital.health.nz/fhir/ValueSet/practitioner-scope-of-practice-code",
      "version" : "2.1.0",
      "status" : "active",
      "name" : "PractitionerScopeOfPractice",
      "title" : "Scope of practice",
      "description" : "A coded type for professional scope of practice.",
      "systems" : [
        "https://standards.digital.health.nz/ns/practitioner-scope-of-practice-code"
      ],
      "uses" : {
      },
      "StructureDefinition-HPIPractitioner.html" : "HPI Practitioner"
    }
  ]
}
