<?xml version="1.0" encoding="UTF-8"?>

<ValueSet xmlns="http://hl7.org/fhir">
  <id value="Hpi-ethnicity"/>
  <meta>
    <profile value="http://hl7.org/fhir/StructureDefinition/shareablevalueset"/>
  </meta>
  <text>
    <status value="generated"/><div xmlns="http://www.w3.org/1999/xhtml"><ul><li>Include codes from <a href="https://simplifier.net/resolve?scope=hl7.org.nz.fhir.ig.base@0.9.0&amp;canonical=https://standards.digital.health.nz/ns/ethnic-group-level-4-code"><code>https://standards.digital.health.nz/ns/ethnic-group-level-4-code</code></a> where code  matches (by regex)  [0-9]{5}</li></ul></div>
  </text>
  <url value="https://nzhts.digital.health.nz/fhir/ValueSet/ethnic-group-level-4-code"/>
  <version value="0.9.0"/>
  <name value="Hpi_ethnicity"/>
  <title value="Ethnicity New Zealand Standard Classification 2005 (level 4)"/>
  <status value="active"/>
  <experimental value="false"/>
  <date value="2020-02-24T00:00:00+13:00"/>
  <publisher value="Ministry of Health"/>
  <contact>
    <name value="Ministry of Health"/>
    <telecom>
      <system value="email"/>
      <value value="mailto:integration@health.govt.nz"/>
    </telecom>
  </contact>
  <description value="Level 4 ethnicity codes"/>
  <purpose value="A coded value for ethnicity."/>
  <compose>
    <include>
      <system value="https://standards.digital.health.nz/ns/ethnic-group-level-4-code"/>
      <version value="2.0"/>
      <filter>
        <property value="code"/>
        <op value="regex"/>
        <value value="[0-9]{5}"/>
      </filter>
    </include>
  </compose>
</ValueSet>