{
  "resourceType": "ValueSet",
  "id": "Hpi-registration-type",
  "meta": {
    "profile": [
      "http://hl7.org/fhir/StructureDefinition/shareablevalueset"
    ]
  },
  "text": {
    "status": "generated",
    "div": "<div xmlns=\"http://www.w3.org/1999/xhtml\"><ul><li>Include all codes defined in <a href=\"CodeSystem-Hpi-registration-type.html\"><code>https://standards.digital.health.nz/ns/practitioner-registration-authority-code</code></a></li></ul></div>"
  },
  "url": "https://nzhts.digital.health.nz/fhir/ValueSet/practitioner-registration-authority-code",
  "version": "0.9.0",
  "name": "Hpi_registration_type",
  "title": "HPI Registration Type",
  "status": "active",
  "experimental": false,
  "date": "2020-02-24T00:00:00+13:00",
  "publisher": "Ministry of Health",
  "contact": [
    {
      "name": "Ministry of Health",
      "telecom": [
        {
          "system": "email",
          "value": "mailto:integration@health.govt.nz"
        }
      ]
    }
  ],
  "description": "A coded type for professional registrations.",
  "purpose": "A coded type for professional registrations.",
  "compose": {
    "include": [
      {
        "system": "https://standards.digital.health.nz/ns/practitioner-registration-authority-code",
        "version": "2.0"
      }
    ]
  }
}