<?xml version="1.0" encoding="UTF-8"?>

<ValueSet xmlns="http://hl7.org/fhir">
  <id value="Hpi-HumanNameUse"/>
  <meta>
    <profile value="http://hl7.org/fhir/StructureDefinition/shareablevalueset"/>
  </meta>
  <text>
    <status value="extensions"/><div xmlns="http://www.w3.org/1999/xhtml"><ul><li>Include these codes as defined in <a href="http://hl7.org/fhir/R4/codesystem-name-use.html"><code>http://hl7.org/fhir/name-use</code></a><table class="none"><tr><td style="white-space:nowrap"><b>Code</b></td><td><b>Display</b></td><td><b>Definition</b></td></tr><tr><td><a href="http://hl7.org/fhir/R4/codesystem-name-use.html#name-use-usual">usual</a></td><td>Known as/conventional/the one you normally use.</td><td>Known as/conventional/the one you normally use.</td></tr><tr><td><a href="http://hl7.org/fhir/R4/codesystem-name-use.html#name-use-official">official</a></td><td>The formal name as registered in an official (government) registry, but which name might not be commonly used. May be called 'legal name'.</td><td>The formal name as registered in an official (government) registry, but which name might not be commonly used. May be called &quot;legal name&quot;.</td></tr><tr><td><a href="http://hl7.org/fhir/R4/codesystem-name-use.html#name-use-old">old</a></td><td>This name is no longer in use (or was never correct, but retained for records).</td><td>This name is no longer in use (or was never correct, but retained for records).</td></tr></table></li></ul></div>
  </text>
  <url value="https://nzhts.digital.health.nz/fhir/ValueSet/hpi-human-name-use-code"/>
  <version value="0.9.0"/>
  <name value="Hpi_HumanNameUse"/>
  <title value="Use values for a HumanName"/>
  <status value="active"/>
  <date value="2021-04-14T00:00:00+13:00"/>
  <publisher value="Ministry of Health"/>
  <contact>
    <name value="Ministry of Health"/>
    <telecom>
      <system value="email"/>
      <value value="mailto:integration@health.govt.nz"/>
    </telecom>
  </contact>
  <description value="Use values for a HumanName"/>
  <jurisdiction>
    <coding>
      <system value="urn:iso:std:iso:3166"/>
      <code value="NZ"/>
    </coding>
  </jurisdiction>
  <compose>
    <include>
      <system value="http://hl7.org/fhir/name-use"/>
      <concept>
        <code value="usual"/>
        <display value="Known as/conventional/the one you normally use."/>
      </concept>
      <concept>
        <code value="official"/>
        <display value="The formal name as registered in an official (government) registry, but which name might not be commonly used. May be called &#39;legal name&#39;."/>
      </concept>
      <concept>
        <code value="old"/>
        <display value="This name is no longer in use (or was never correct, but retained for records)."/>
      </concept>
    </include>
  </compose>
</ValueSet>