<?xml version="1.0" encoding="UTF-8"?>

<ValueSet xmlns="http://hl7.org/fhir">
  <id value="Hpi-scope-of-practice"/>
  <meta>
    <profile value="http://hl7.org/fhir/StructureDefinition/shareablevalueset"/>
  </meta>
  <text>
    <status value="generated"/><div xmlns="http://www.w3.org/1999/xhtml"><ul><li>Include all codes defined in <a href="https://simplifier.net/resolve?scope=hl7.org.nz.fhir.ig.base@0.9.0&amp;canonical=https://standards.digital.health.nz/ns/practitioner-scope-of-practice-code"><code>https://standards.digital.health.nz/ns/practitioner-scope-of-practice-code</code></a></li></ul></div>
  </text>
  <url value="https://nzhts.digital.health.nz/fhir/ValueSet/practitioner-scope-of-practice-code"/>
  <version value="0.9.0"/>
  <name value="Hpi_scope_of_practice"/>
  <title value="HPI Scope of Practice"/>
  <status value="active"/>
  <experimental value="false"/>
  <date value="2020-02-24T00:00:00+13:00"/>
  <publisher value="Ministry of Health"/>
  <contact>
    <name value="Ministry of Health"/>
    <telecom>
      <system value="email"/>
      <value value="mailto:integration@health.govt.nz"/>
    </telecom>
  </contact>
  <description value="A coded type for professional scope of practice."/>
  <purpose value="A coded type for professional scope of practice."/>
  <compose>
    <include>
      <system value="https://standards.digital.health.nz/ns/practitioner-scope-of-practice-code"/>
    </include>
  </compose>
</ValueSet>