[
  {
    "id": "HpiLocation",
    "type": "StructureDefinition",
    "url": "http://hl7.org.nz/fhir/StructureDefinition/HPILocation",
    "version": "1.2.0",
    "name": "HpiLocation"
  },
  {
    "id": "HpiOrganization",
    "type": "StructureDefinition",
    "url": "http://hl7.org.nz/fhir/StructureDefinition/HPIOrganization",
    "version": "1.2.0",
    "name": "HpiOrganization"
  },
  {
    "id": "HPIPractitioner",
    "type": "StructureDefinition",
    "url": "http://hl7.org.nz/fhir/StructureDefinition/HPIPractitioner",
    "version": "1.2.0",
    "name": "HpiPractitioner"
  },
  {
    "id": "HPIPractitionerRole",
    "type": "StructureDefinition",
    "url": "http://hl7.org.nz/fhir/StructureDefinition/HPIPractitionerRole",
    "version": "1.2.0",
    "name": "HpiPractitionerRole"
  },
  {
    "id": "esam-id",
    "type": "StructureDefinition",
    "url": "http://hl7.org.nz/fhir/StructureDefinition/esam-id",
    "version": "1.2.0",
    "name": "Esam_id"
  },
  {
    "id": "HpiCapabilityStatement",
    "type": "CapabilityStatement",
    "url": "http://hl7.org.nz/fhir/ig/hpi/CapabilityStatement/HpiCapabilityStatement",
    "version": "1.2.0",
    "name": "HPI_CapabilityStatement"
  },
  {
    "id": "hl7.org.nz.fhir.ig.hpi",
    "type": "ImplementationGuide",
    "url": "http://hl7.org.nz/fhir/ig/hpi/ImplementationGuide/hl7.org.nz.fhir.ig.hpi",
    "version": "1.2.0",
    "name": "NewZealandHPIIG"
  }
]