{"resourceType":"CodeSystem","id":"audit-event-action","meta":{"lastUpdated":"2019-11-01T09:29:23.356+11:00"},"extension":[{"url":"http://hl7.org/fhir/StructureDefinition/structuredefinition-wg","valueCode":"sec"},{"url":"http://hl7.org/fhir/StructureDefinition/structuredefinition-standards-status","valueCode":"trial-use"},{"url":"http://hl7.org/fhir/StructureDefinition/structuredefinition-fmm","valueInteger":3}],"url":"http://hl7.org/fhir/audit-event-action","identifier":[{"system":"urn:ietf:rfc:3986","value":"urn:oid:2.16.840.1.113883.4.642.4.453"}],"version":"4.0.1","name":"AuditEventAction","title":"AuditEventAction","status":"draft","experimental":false,"date":"2019-11-01T09:29:23+11:00","publisher":"HL7 (FHIR Project)","contact":[{"telecom":[{"system":"url","value":"http://hl7.org/fhir"},{"system":"email","value":"fhir@lists.hl7.org"}]}],"description":"Indicator for type of action performed during the event that generated the event.","caseSensitive":true,"valueSet":"http://hl7.org/fhir/ValueSet/audit-event-action","content":"complete","concept":[{"code":"C","display":"Create","definition":"Create a new database object, such as placing an order."},{"code":"R","display":"Read/View/Print","definition":"Display or print data, such as a doctor census."},{"code":"U","display":"Update","definition":"Update data, such as revise patient information."},{"code":"D","display":"Delete","definition":"Delete items, such as a doctor master file record."},{"code":"E","display":"Execute","definition":"Perform a system or application function such as log-on, program execution or use of an object's method, or perform a query/search operation."}]}