{"resourceType":"CodeSystem","id":"claim-modifiers","meta":{"lastUpdated":"2019-11-01T09:29:23.356+11:00","profile":["http://hl7.org/fhir/StructureDefinition/shareablecodesystem"]},"extension":[{"url":"http://hl7.org/fhir/StructureDefinition/structuredefinition-wg","valueCode":"fm"},{"url":"http://hl7.org/fhir/StructureDefinition/structuredefinition-standards-status","valueCode":"draft"},{"url":"http://hl7.org/fhir/StructureDefinition/structuredefinition-fmm","valueInteger":1}],"url":"http://terminology.hl7.org/CodeSystem/modifiers","identifier":[{"system":"urn:ietf:rfc:3986","value":"urn:oid:2.16.840.1.113883.4.642.4.1151"}],"version":"4.0.1","name":"ModifierTypeCodes","title":"Modifier type Codes","status":"draft","experimental":false,"publisher":"Financial Management","contact":[{"telecom":[{"system":"url","value":"http://hl7.org/fhir"}]}],"description":"This value set includes sample Modifier type codes.","copyright":"This is an example set.","caseSensitive":true,"valueSet":"http://hl7.org/fhir/ValueSet/claim-modifiers","content":"complete","concept":[{"code":"a","display":"Repair of prior service or installation","definition":"Repair of prior service or installation."},{"code":"b","display":"Temporary service or installation","definition":"Temporary service or installation."},{"code":"c","display":"TMJ treatment","definition":"Treatment associated with TMJ."},{"code":"e","display":"Implant or associated with an implant","definition":"Implant or associated with an implant."},{"code":"rooh","display":"Rush or Outside of office hours","definition":"A Rush service or service performed outside of normal office hours."},{"code":"x","display":"None","definition":"None."}]}