{"resourceType":"CodeSystem","id":"product-storage-scale","meta":{"lastUpdated":"2019-11-01T09:29:23.356+11:00"},"extension":[{"url":"http://hl7.org/fhir/StructureDefinition/structuredefinition-wg","valueCode":"oo"},{"url":"http://hl7.org/fhir/StructureDefinition/structuredefinition-standards-status","valueCode":"trial-use"},{"url":"http://hl7.org/fhir/StructureDefinition/structuredefinition-fmm","valueInteger":0}],"url":"http://hl7.org/fhir/product-storage-scale","identifier":[{"system":"urn:ietf:rfc:3986","value":"urn:oid:2.16.840.1.113883.4.642.4.905"}],"version":"4.0.1","name":"BiologicallyDerivedProductStorageScale","title":"BiologicallyDerivedProductStorageScale","status":"draft","experimental":false,"date":"2019-11-01T09:29:23+11:00","publisher":"HL7 (FHIR Project)","contact":[{"telecom":[{"system":"url","value":"http://hl7.org/fhir"},{"system":"email","value":"fhir@lists.hl7.org"}]}],"description":"BiologicallyDerived Product Storage Scale.","caseSensitive":true,"valueSet":"http://hl7.org/fhir/ValueSet/product-storage-scale","content":"complete","concept":[{"code":"farenheit","display":"Fahrenheit","definition":"Fahrenheit temperature scale."},{"code":"celsius","display":"Celsius","definition":"Celsius or centigrade temperature scale."},{"code":"kelvin","display":"Kelvin","definition":"Kelvin absolute thermodynamic temperature scale."}]}