{"resourceType":"CodeSystem","id":"code-search-support","meta":{"lastUpdated":"2019-11-01T09:29:23.356+11:00"},"extension":[{"url":"http://hl7.org/fhir/StructureDefinition/structuredefinition-wg","valueCode":"vocab"},{"url":"http://hl7.org/fhir/StructureDefinition/structuredefinition-standards-status","valueCode":"trial-use"},{"url":"http://hl7.org/fhir/StructureDefinition/structuredefinition-fmm","valueInteger":0}],"url":"http://hl7.org/fhir/code-search-support","identifier":[{"system":"urn:ietf:rfc:3986","value":"urn:oid:2.16.840.1.113883.4.642.4.861"}],"version":"4.0.1","name":"CodeSearchSupport","title":"CodeSearchSupport","status":"draft","experimental":false,"date":"2019-11-01T09:29:23+11:00","publisher":"HL7 (FHIR Project)","contact":[{"telecom":[{"system":"url","value":"http://hl7.org/fhir"},{"system":"email","value":"fhir@lists.hl7.org"}]}],"description":"The degree to which the server supports the code search parameter on ValueSet, if it is supported.","caseSensitive":true,"valueSet":"http://hl7.org/fhir/ValueSet/code-search-support","content":"complete","concept":[{"code":"explicit","display":"Explicit Codes","definition":"The search for code on ValueSet only includes codes explicitly detailed on includes or expansions."},{"code":"all","display":"Implicit Codes","definition":"The search for code on ValueSet only includes all codes based on the expansion of the value set."}]}