{"resourceType":"CodeSystem","id":"guidance-response-status","meta":{"lastUpdated":"2019-11-01T09:29:23.356+11:00"},"extension":[{"url":"http://hl7.org/fhir/StructureDefinition/structuredefinition-wg","valueCode":"cds"},{"url":"http://hl7.org/fhir/StructureDefinition/structuredefinition-standards-status","valueCode":"trial-use"},{"url":"http://hl7.org/fhir/StructureDefinition/structuredefinition-fmm","valueInteger":2}],"url":"http://hl7.org/fhir/guidance-response-status","identifier":[{"system":"urn:ietf:rfc:3986","value":"urn:oid:2.16.840.1.113883.4.642.4.818"}],"version":"4.0.1","name":"GuidanceResponseStatus","title":"GuidanceResponseStatus","status":"draft","experimental":false,"date":"2019-11-01T09:29:23+11:00","publisher":"HL7 (FHIR Project)","contact":[{"telecom":[{"system":"url","value":"http://hl7.org/fhir"},{"system":"email","value":"fhir@lists.hl7.org"}]}],"description":"The status of a guidance response.","caseSensitive":true,"valueSet":"http://hl7.org/fhir/ValueSet/guidance-response-status","content":"complete","concept":[{"code":"success","display":"Success","definition":"The request was processed successfully."},{"code":"data-requested","display":"Data Requested","definition":"The request was processed successfully, but more data may result in a more complete evaluation."},{"code":"data-required","display":"Data Required","definition":"The request was processed, but more data is required to complete the evaluation."},{"code":"in-progress","display":"In Progress","definition":"The request is currently being processed."},{"code":"failure","display":"Failure","definition":"The request was not processed successfully."},{"code":"entered-in-error","display":"Entered In Error","definition":"The response was entered in error."}]}