{"resourceType":"CodeSystem","id":"research-study-status","meta":{"lastUpdated":"2019-11-01T09:29:23.356+11:00"},"extension":[{"url":"http://hl7.org/fhir/StructureDefinition/structuredefinition-wg","valueCode":"brr"},{"url":"http://hl7.org/fhir/StructureDefinition/structuredefinition-standards-status","valueCode":"trial-use"},{"url":"http://hl7.org/fhir/StructureDefinition/structuredefinition-fmm","valueInteger":1}],"url":"http://hl7.org/fhir/research-study-status","identifier":[{"system":"urn:ietf:rfc:3986","value":"urn:oid:2.16.840.1.113883.4.642.4.820"}],"version":"4.0.1","name":"ResearchStudyStatus","title":"ResearchStudyStatus","status":"draft","experimental":false,"date":"2019-11-01T09:29:23+11:00","publisher":"HL7 (FHIR Project)","contact":[{"telecom":[{"system":"url","value":"http://hl7.org/fhir"},{"system":"email","value":"fhir@lists.hl7.org"}]}],"description":"Codes that convey the current status of the research study.","caseSensitive":true,"valueSet":"http://hl7.org/fhir/ValueSet/research-study-status","content":"complete","concept":[{"code":"active","display":"Active","definition":"Study is opened for accrual."},{"code":"administratively-completed","display":"Administratively Completed","definition":"Study is completed prematurely and will not resume; patients are no longer examined nor treated."},{"code":"approved","display":"Approved","definition":"Protocol is approved by the review board."},{"code":"closed-to-accrual","display":"Closed to Accrual","definition":"Study is closed for accrual; patients can be examined and treated."},{"code":"closed-to-accrual-and-intervention","display":"Closed to Accrual and Intervention","definition":"Study is closed to accrual and intervention, i.e. the study is closed to enrollment, all study subjects have completed treatment or intervention but are still being followed according to the primary objective of the study."},{"code":"completed","display":"Completed","definition":"Study is closed to accrual and intervention, i.e. the study is closed to enrollment, all study subjects have completed treatment\nor intervention but are still being followed according to the primary objective of the study."},{"code":"disapproved","display":"Disapproved","definition":"Protocol was disapproved by the review board."},{"code":"in-review","display":"In Review","definition":"Protocol is submitted to the review board for approval."},{"code":"temporarily-closed-to-accrual","display":"Temporarily Closed to Accrual","definition":"Study is temporarily closed for accrual; can be potentially resumed in the future; patients can be examined and treated."},{"code":"temporarily-closed-to-accrual-and-intervention","display":"Temporarily Closed to Accrual and Intervention","definition":"Study is temporarily closed for accrual and intervention and potentially can be resumed in the future."},{"code":"withdrawn","display":"Withdrawn","definition":"Protocol was withdrawn by the lead organization."}]}