{"resourceType":"CodeSystem","id":"metric-color","meta":{"lastUpdated":"2019-11-01T09:29:23.356+11:00"},"extension":[{"url":"http://hl7.org/fhir/StructureDefinition/structuredefinition-wg","valueCode":"dev"},{"url":"http://hl7.org/fhir/StructureDefinition/structuredefinition-standards-status","valueCode":"trial-use"},{"url":"http://hl7.org/fhir/StructureDefinition/structuredefinition-fmm","valueInteger":1}],"url":"http://hl7.org/fhir/metric-color","identifier":[{"system":"urn:ietf:rfc:3986","value":"urn:oid:2.16.840.1.113883.4.642.4.655"}],"version":"4.0.1","name":"DeviceMetricColor","title":"DeviceMetricColor","status":"draft","experimental":false,"date":"2019-11-01T09:29:23+11:00","publisher":"HL7 (FHIR Project)","contact":[{"telecom":[{"system":"url","value":"http://hl7.org/fhir"},{"system":"email","value":"fhir@lists.hl7.org"}]}],"description":"Describes the typical color of representation.","caseSensitive":true,"valueSet":"http://hl7.org/fhir/ValueSet/metric-color","content":"complete","concept":[{"code":"black","display":"Color Black","definition":"Color for representation - black."},{"code":"red","display":"Color Red","definition":"Color for representation - red."},{"code":"green","display":"Color Green","definition":"Color for representation - green."},{"code":"yellow","display":"Color Yellow","definition":"Color for representation - yellow."},{"code":"blue","display":"Color Blue","definition":"Color for representation - blue."},{"code":"magenta","display":"Color Magenta","definition":"Color for representation - magenta."},{"code":"cyan","display":"Color Cyan","definition":"Color for representation - cyan."},{"code":"white","display":"Color White","definition":"Color for representation - white."}]}