{"resourceType":"CodeSystem","id":"v2-0012","meta":{"profile":["http://hl7.org/fhir/StructureDefinition/shareablecodesystem"]},"language":"en","extension":[{"url":"http://hl7.org/fhir/StructureDefinition/structuredefinition-standards-status","valueCode":"external"},{"url":"http://hl7.org/fhir/StructureDefinition/structuredefinition-fmm","valueInteger":0}],"url":"http://terminology.hl7.org/CodeSystem/v2-0012","identifier":[{"system":"urn:ietf:rfc:3986","value":"urn:oid:2.16.840.1.113883.18.12"}],"version":"2.9","name":"v2.0012","title":"v2 STOCK LOCATION","status":"active","experimental":false,"publisher":"HL7, Inc","contact":[{"telecom":[{"system":"url","value":"http://hl7.org"}]}],"description":"FHIR Value set/code system definition for HL7 v2 table 0012 ( STOCK LOCATION)","content":"complete","property":[{"code":"status","uri":"http://hl7.org/fhir/concept-properties#status","description":"A property that indicates the status of the concept. One of active, experimental, deprecated, retired","type":"code"},{"code":"deprecationDate","uri":"http://hl7.org/fhir/concept-properties#deprecationDate","description":"The date at which a concept was deprecated. Concepts that are deprecated but not inactive can still be used, but their use is discouraged","type":"dateTime"}],"concept":[{"code":"AN","display":"Filled from ancillary department stock","designation":[{"language":"de","use":{"system":"http://terminology.hl7.org/CodeSystem/designation-usage","code":"display"},"value":"(Tabelle 12 ist veraltet und wird nicht mehr verwendet)"},{"language":"nl","use":{"system":"http://terminology.hl7.org/CodeSystem/designation-usage","code":"display"},"value":"Aangevuld uit verdere afdelingsvoorraad"}],"property":[{"code":"status","valueCode":"deprecated"},{"code":"deprecationDate","valueDateTime":"1994-12"}]},{"code":"FL","display":"Filled from floor stock","designation":[{"language":"de","use":{"system":"http://terminology.hl7.org/CodeSystem/designation-usage","code":"display"},"value":"Etagenlager"},{"language":"nl","use":{"system":"http://terminology.hl7.org/CodeSystem/designation-usage","code":"display"},"value":"Aangevuld uit verdiepingsvoorraad"}],"property":[{"code":"status","valueCode":"deprecated"},{"code":"deprecationDate","valueDateTime":"1994-12"}]}]}