{"resourceType":"CodeSystem","id":"adverse-event-causality-method","meta":{"lastUpdated":"2019-11-01T09:29:23.356+11:00"},"extension":[{"url":"http://hl7.org/fhir/StructureDefinition/structuredefinition-wg","valueCode":"pc"},{"url":"http://hl7.org/fhir/StructureDefinition/structuredefinition-standards-status","valueCode":"draft"},{"url":"http://hl7.org/fhir/StructureDefinition/structuredefinition-fmm","valueInteger":1}],"url":"http://terminology.hl7.org/CodeSystem/adverse-event-causality-method","identifier":[{"system":"urn:ietf:rfc:3986","value":"urn:oid:2.16.840.1.113883.4.642.4.1255"}],"version":"4.0.1","name":"AdverseEventCausalityMethod","title":"AdverseEventCausalityMethod","status":"draft","experimental":false,"date":"2019-11-01T09:29:23+11:00","publisher":"HL7 (FHIR Project)","contact":[{"telecom":[{"system":"url","value":"http://hl7.org/fhir"},{"system":"email","value":"fhir@lists.hl7.org"}]}],"description":"TODO.","caseSensitive":true,"valueSet":"http://hl7.org/fhir/ValueSet/adverse-event-causality-method","content":"complete","concept":[{"code":"ProbabilityScale","display":"Probability Scale"},{"code":"Bayesian","display":"Bayesian"},{"code":"Checklist","display":"Checklist"}]}