{"resourceType":"CodeSystem","id":"device-status","meta":{"lastUpdated":"2019-11-01T09:29:23.356+11:00"},"extension":[{"url":"http://hl7.org/fhir/StructureDefinition/structuredefinition-wg","valueCode":"oo"},{"url":"http://hl7.org/fhir/StructureDefinition/structuredefinition-standards-status","valueCode":"trial-use"},{"url":"http://hl7.org/fhir/StructureDefinition/structuredefinition-fmm","valueInteger":2}],"url":"http://hl7.org/fhir/device-status","identifier":[{"system":"urn:ietf:rfc:3986","value":"urn:oid:2.16.840.1.113883.4.642.4.210"}],"version":"4.0.1","name":"FHIRDeviceStatus","title":"FHIRDeviceStatus","status":"draft","experimental":false,"date":"2019-11-01T09:29:23+11:00","publisher":"HL7 (FHIR Project)","contact":[{"telecom":[{"system":"url","value":"http://hl7.org/fhir"},{"system":"email","value":"fhir@lists.hl7.org"}]}],"description":"The availability status of the device.","caseSensitive":true,"valueSet":"http://hl7.org/fhir/ValueSet/device-status","content":"complete","concept":[{"code":"active","display":"Active","definition":"The device is available for use.  Note: For *implanted devices*  this means that the device is implanted in the patient."},{"code":"inactive","display":"Inactive","definition":"The device is no longer available for use (e.g. lost, expired, damaged).  Note: For *implanted devices*  this means that the device has been removed from the patient."},{"code":"entered-in-error","display":"Entered in Error","definition":"The device was entered in error and voided."},{"code":"unknown","display":"Unknown","definition":"The status of the device has not been determined."}]}