{"resourceType":"CodeSystem","id":"ex-procedure-type","meta":{"lastUpdated":"2019-11-01T09:29:23.356+11:00","profile":["http://hl7.org/fhir/StructureDefinition/shareablecodesystem"]},"extension":[{"url":"http://hl7.org/fhir/StructureDefinition/structuredefinition-wg","valueCode":"fm"},{"url":"http://hl7.org/fhir/StructureDefinition/structuredefinition-standards-status","valueCode":"draft"},{"url":"http://hl7.org/fhir/StructureDefinition/structuredefinition-fmm","valueInteger":1}],"url":"http://terminology.hl7.org/CodeSystem/ex-procedure-type","identifier":[{"system":"urn:ietf:rfc:3986","value":"urn:oid:2.16.840.1.113883.4.642.4.1388"}],"version":"4.0.1","name":"ExampleProcedureTypeCodes","title":"Example Procedure Type Codes","status":"draft","experimental":false,"publisher":"Financial Management","contact":[{"telecom":[{"system":"url","value":"http://hl7.org/fhir"}]}],"description":"This value set includes example Procedure Type codes.","copyright":"This is an example set.","caseSensitive":true,"valueSet":"http://hl7.org/fhir/ValueSet/ex-procedure-type","content":"complete","concept":[{"code":"primary","display":"Primary procedure","definition":"The first procedure in a series required to produce and overall patient outcome."},{"code":"secondary","display":"Secondary procedure","definition":"The second procedure in a series required to produce and overall patient outcome."}]}