{"resourceType":"CodeSystem","id":"bundle-type","meta":{"lastUpdated":"2019-11-01T09:29:23.356+11:00"},"extension":[{"url":"http://hl7.org/fhir/StructureDefinition/structuredefinition-wg","valueCode":"fhir"},{"url":"http://hl7.org/fhir/StructureDefinition/structuredefinition-standards-status","valueCode":"normative"},{"url":"http://hl7.org/fhir/StructureDefinition/structuredefinition-normative-version","valueCode":"4.0.0"},{"url":"http://hl7.org/fhir/StructureDefinition/structuredefinition-fmm","valueInteger":5}],"url":"http://hl7.org/fhir/bundle-type","identifier":[{"system":"urn:ietf:rfc:3986","value":"urn:oid:2.16.840.1.113883.4.642.4.621"}],"version":"4.0.1","name":"BundleType","title":"BundleType","status":"active","experimental":false,"date":"2019-11-01T09:29:23+11:00","publisher":"HL7 (FHIR Project)","contact":[{"telecom":[{"system":"url","value":"http://hl7.org/fhir"},{"system":"email","value":"fhir@lists.hl7.org"}]}],"description":"Indicates the purpose of a bundle - how it is intended to be used.","caseSensitive":true,"valueSet":"http://hl7.org/fhir/ValueSet/bundle-type","content":"complete","concept":[{"code":"document","display":"Document","definition":"The bundle is a document. The first resource is a Composition."},{"code":"message","display":"Message","definition":"The bundle is a message. The first resource is a MessageHeader."},{"code":"transaction","display":"Transaction","definition":"The bundle is a transaction - intended to be processed by a server as an atomic commit."},{"code":"transaction-response","display":"Transaction Response","definition":"The bundle is a transaction response. Because the response is a transaction response, the transaction has succeeded, and all responses are error free."},{"code":"batch","display":"Batch","definition":"The bundle is a set of actions - intended to be processed by a server as a group of independent actions."},{"code":"batch-response","display":"Batch Response","definition":"The bundle is a batch response. Note that as a batch, some responses may indicate failure and others success."},{"code":"history","display":"History List","definition":"The bundle is a list of resources from a history interaction on a server."},{"code":"searchset","display":"Search Results","definition":"The bundle is a list of resources returned as a result of a search/query interaction, operation, or message."},{"code":"collection","display":"Collection","definition":"The bundle is a set of resources collected into a single package for ease of distribution that imposes no processing obligations or behavioral rules beyond persistence."}]}