{"resourceType":"CodeSystem","id":"adverse-event-severity","meta":{"lastUpdated":"2019-11-01T09:29:23.356+11:00"},"extension":[{"url":"http://hl7.org/fhir/StructureDefinition/structuredefinition-wg","valueCode":"pc"},{"url":"http://hl7.org/fhir/StructureDefinition/structuredefinition-standards-status","valueCode":"trial-use"},{"url":"http://hl7.org/fhir/StructureDefinition/structuredefinition-fmm","valueInteger":0}],"url":"http://terminology.hl7.org/CodeSystem/adverse-event-severity","identifier":[{"system":"urn:ietf:rfc:3986","value":"urn:oid:2.16.840.1.113883.4.642.4.1256"}],"version":"4.0.1","name":"AdverseEventSeverity","title":"AdverseEventSeverity","status":"draft","experimental":false,"date":"2019-11-01T09:29:23+11:00","publisher":"HL7 (FHIR Project)","contact":[{"telecom":[{"system":"url","value":"http://hl7.org/fhir"},{"system":"email","value":"fhir@lists.hl7.org"}]}],"description":"The severity of the adverse event itself, in direct relation to the subject.","caseSensitive":true,"valueSet":"http://hl7.org/fhir/ValueSet/adverse-event-severity","content":"complete","concept":[{"code":"mild","display":"Mild"},{"code":"moderate","display":"Moderate"},{"code":"severe","display":"Severe"}]}