{"resourceType":"CodeSystem","id":"action-condition-kind","meta":{"lastUpdated":"2019-11-01T09:29:23.356+11:00"},"extension":[{"url":"http://hl7.org/fhir/StructureDefinition/structuredefinition-wg","valueCode":"cds"},{"url":"http://hl7.org/fhir/StructureDefinition/structuredefinition-standards-status","valueCode":"trial-use"},{"url":"http://hl7.org/fhir/StructureDefinition/structuredefinition-fmm","valueInteger":2}],"url":"http://hl7.org/fhir/action-condition-kind","identifier":[{"system":"urn:ietf:rfc:3986","value":"urn:oid:2.16.840.1.113883.4.642.4.816"}],"version":"4.0.1","name":"ActionConditionKind","title":"ActionConditionKind","status":"draft","experimental":false,"date":"2019-11-01T09:29:23+11:00","publisher":"HL7 (FHIR Project)","contact":[{"telecom":[{"system":"url","value":"http://hl7.org/fhir"},{"system":"email","value":"fhir@lists.hl7.org"}]}],"description":"Defines the kinds of conditions that can appear on actions.","caseSensitive":true,"valueSet":"http://hl7.org/fhir/ValueSet/action-condition-kind","content":"complete","concept":[{"code":"applicability","display":"Applicability","definition":"The condition describes whether or not a given action is applicable."},{"code":"start","display":"Start","definition":"The condition is a starting condition for the action."},{"code":"stop","display":"Stop","definition":"The condition is a stop, or exit condition for the action."}]}