{"resourceType":"CodeSystem","id":"medication-admin-category","meta":{"lastUpdated":"2019-11-01T09:29:23.356+11:00","profile":["http://hl7.org/fhir/StructureDefinition/shareablecodesystem"]},"extension":[{"url":"http://hl7.org/fhir/StructureDefinition/structuredefinition-wg","valueCode":"phx"}],"url":"http://terminology.hl7.org/CodeSystem/medication-admin-category","identifier":[{"system":"urn:ietf:rfc:3986","value":"urn:oid:2.16.840.1.113883.4.642.4.1111"}],"version":"4.0.1","name":"MedicationAdministration Category Codes","title":"Medication administration  category  codes","status":"draft","experimental":false,"publisher":"FHIR Project team","contact":[{"telecom":[{"system":"url","value":"http://hl7.org/fhir"}]}],"description":"MedicationAdministration Category Codes","caseSensitive":true,"valueSet":"http://hl7.org/fhir/ValueSet/medication-admin-category","content":"complete","concept":[{"code":"inpatient","display":"Inpatient","definition":"Includes administrations in an inpatient or acute care setting"},{"code":"outpatient","display":"Outpatient","definition":"Includes administrations in an outpatient setting (for example, Emergency Department, Outpatient Clinic, Outpatient Surgery, Doctor's office)"},{"code":"community","display":"Community","definition":"Includes administrations by the patient in their home (this would include long term care or nursing homes, hospices, etc.)"}]}