{"resourceType":"CodeSystem","id":"goal-status-reason","meta":{"lastUpdated":"2019-11-01T09:29:23.356+11:00","profile":["http://hl7.org/fhir/StructureDefinition/shareablecodesystem"]},"url":"http://hl7.org/fhir/goal-status-reason","identifier":[{"system":"urn:ietf:rfc:3986","value":"urn:oid:2.16.840.1.113883.4.642.4.278"}],"version":"4.0.1","name":"GoalStatusReason","title":"Goal status reason","status":"draft","experimental":false,"publisher":"HL7 International - Patient Care WG","contact":[{"telecom":[{"system":"url","value":"http://www.hl7.org/Special/committees/patientcare/"}]}],"description":"Example codes indicating the reason for a current status.  Note that these are in no way complete and might not even be appropriate for some uses.","caseSensitive":true,"valueSet":"http://hl7.org/fhir/ValueSet/goal-status-reason","content":"complete","concept":[{"code":"surgery","display":"Surgery","definition":"Goal suspended or ended because of a surgical procedure."},{"code":"life-event","display":"Life Event","definition":"Goal suspended or ended because of a significant life event (marital change, bereavement, etc.)."},{"code":"replaced","display":"Replaced","definition":"Goal has been superseded by a new goal."},{"code":"patient-request","display":"Patient Request","definition":"Patient wishes the goal to be set aside, at least temporarily."},{"code":"temp-not-attainable","display":"Goal Not Attainable Temporarily","definition":"Goal cannot be reached temporarily."},{"code":"permanent-not-attainable","display":"Goal Not Attainable Permanently","definition":"Goal cannot be reached permanently."},{"code":"financial-barrier","display":"Financial Reason","definition":"Goal cannot be reached due to financial barrier or reason."},{"code":"lack-of-transportation","display":"Lack Of Transportation","definition":"Goal cannot be reached due to a lack of transportation."},{"code":"lack-of-social-support","display":"Lack Of Social Support","definition":"Goal cannot be reached due to a lack of social support."}]}