{"resourceType":"CodeSystem","id":"discriminator-type","meta":{"lastUpdated":"2019-11-01T09:29:23.356+11:00"},"extension":[{"url":"http://hl7.org/fhir/StructureDefinition/structuredefinition-wg","valueCode":"fhir"},{"url":"http://hl7.org/fhir/StructureDefinition/structuredefinition-standards-status","valueCode":"normative"},{"url":"http://hl7.org/fhir/StructureDefinition/structuredefinition-normative-version","valueCode":"4.0.0"},{"url":"http://hl7.org/fhir/StructureDefinition/structuredefinition-fmm","valueInteger":2}],"url":"http://hl7.org/fhir/discriminator-type","identifier":[{"system":"urn:ietf:rfc:3986","value":"urn:oid:2.16.840.1.113883.4.642.4.92"}],"version":"4.0.1","name":"DiscriminatorType","title":"DiscriminatorType","status":"active","experimental":false,"date":"2019-11-01T09:29:23+11:00","publisher":"HL7 (FHIR Project)","contact":[{"telecom":[{"system":"url","value":"http://hl7.org/fhir"},{"system":"email","value":"fhir@lists.hl7.org"}]}],"description":"How an element value is interpreted when discrimination is evaluated.","caseSensitive":true,"valueSet":"http://hl7.org/fhir/ValueSet/discriminator-type","content":"complete","concept":[{"code":"value","display":"Value","definition":"The slices have different values in the nominated element."},{"code":"exists","display":"Exists","definition":"The slices are differentiated by the presence or absence of the nominated element."},{"code":"pattern","display":"Pattern","definition":"The slices have different values in the nominated element, as determined by testing them against the applicable ElementDefinition.pattern[x]."},{"code":"type","display":"Type","definition":"The slices are differentiated by type of the nominated element."},{"code":"profile","display":"Profile","definition":"The slices are differentiated by conformance of the nominated element to a specified profile. Note that if the path specifies .resolve() then the profile is the target profile on the reference. In this case, validation by the possible profiles is required to differentiate the slices."}]}