{"resourceType":"CodeSystem","id":"allergyintolerance-clinical","meta":{"lastUpdated":"2019-11-01T09:29:23.356+11:00","profile":["http://hl7.org/fhir/StructureDefinition/shareablecodesystem"]},"extension":[{"url":"http://hl7.org/fhir/StructureDefinition/structuredefinition-wg","valueCode":"pc"},{"url":"http://hl7.org/fhir/StructureDefinition/structuredefinition-standards-status","valueCode":"trial-use"},{"url":"http://hl7.org/fhir/StructureDefinition/structuredefinition-fmm","valueInteger":3}],"url":"http://terminology.hl7.org/CodeSystem/allergyintolerance-clinical","identifier":[{"system":"urn:ietf:rfc:3986","value":"urn:oid:2.16.840.1.113883.4.642.4.1373"}],"version":"4.0.1","name":"AllergyIntoleranceClinicalStatusCodes","title":"AllergyIntolerance Clinical Status Codes","status":"draft","experimental":false,"publisher":"FHIR Project team","contact":[{"telecom":[{"system":"url","value":"http://hl7.org/fhir"}]}],"description":"Preferred value set for AllergyIntolerance Clinical Status.","caseSensitive":true,"valueSet":"http://hl7.org/fhir/ValueSet/allergyintolerance-clinical","content":"complete","concept":[{"code":"active","display":"Active","definition":"The subject is currently experiencing, or is at risk of, a reaction to the identified substance."},{"code":"inactive","display":"Inactive","definition":"The subject is no longer at risk of a reaction to the identified substance.","concept":[{"code":"resolved","display":"Resolved","definition":"A reaction to the identified substance has been clinically reassessed by testing or re-exposure and is considered no longer to be present. Re-exposure could be accidental, unplanned, or outside of any clinical setting."}]}]}