{"resourceType":"CodeSystem","id":"goal-status","meta":{"lastUpdated":"2019-11-01T09:29:23.356+11:00"},"extension":[{"url":"http://hl7.org/fhir/StructureDefinition/structuredefinition-wg","valueCode":"pc"},{"url":"http://hl7.org/fhir/StructureDefinition/structuredefinition-standards-status","valueCode":"trial-use"},{"url":"http://hl7.org/fhir/StructureDefinition/structuredefinition-fmm","valueInteger":2}],"url":"http://hl7.org/fhir/goal-status","identifier":[{"system":"urn:ietf:rfc:3986","value":"urn:oid:2.16.840.1.113883.4.642.4.272"}],"version":"4.0.1","name":"GoalLifecycleStatus","title":"GoalLifecycleStatus","status":"draft","experimental":false,"date":"2019-11-01T09:29:23+11:00","publisher":"HL7 (FHIR Project)","contact":[{"telecom":[{"system":"url","value":"http://hl7.org/fhir"},{"system":"email","value":"fhir@lists.hl7.org"}]}],"description":"Codes that reflect the current state of a goal and whether the goal is still being targeted.","caseSensitive":true,"valueSet":"http://hl7.org/fhir/ValueSet/goal-status","content":"complete","concept":[{"code":"proposed","display":"Proposed","definition":"A goal is proposed for this patient."},{"code":"planned","display":"Planned","definition":"A goal is planned for this patient."},{"code":"accepted","display":"Accepted","definition":"A proposed goal was accepted or acknowledged.","concept":[{"code":"active","display":"Active","definition":"The goal is being sought actively."},{"code":"on-hold","display":"On Hold","definition":"The goal remains a long term objective but is no longer being actively pursued for a temporary period of time."},{"code":"completed","display":"Completed","definition":"The goal is no longer being sought."}]},{"code":"cancelled","display":"Cancelled","definition":"The goal has been abandoned."},{"code":"entered-in-error","display":"Entered in Error","definition":"The goal was entered in error and voided."},{"code":"rejected","display":"Rejected","definition":"A proposed goal was rejected."}]}