{"resourceType":"CodeSystem","id":"event-resource-types","meta":{"lastUpdated":"2019-11-01T09:29:23.356+11:00"},"extension":[{"url":"http://hl7.org/fhir/StructureDefinition/structuredefinition-wg","valueCode":"vocab"}],"url":"http://hl7.org/fhir/event-resource-types","identifier":[{"system":"urn:ietf:rfc:3986","value":"urn:oid:2.16.840.1.113883.4.642.4.1061"}],"version":"4.0.1","name":"EventResourceType","title":"EventResourceType","status":"draft","experimental":false,"date":"2019-11-01T09:29:23+11:00","description":"A list of all the event resource types defined in this version of the FHIR specification.","caseSensitive":true,"valueSet":"http://hl7.org/fhir/ValueSet/event-resource-types","content":"complete","concept":[{"code":"ChargeItem","display":"ChargeItem","definition":"Item containing charge code(s) associated with the provision of healthcare provider products."},{"code":"ClaimResponse","display":"ClaimResponse","definition":"Remittance resource."},{"code":"ClinicalImpression","display":"ClinicalImpression","definition":"A clinical assessment performed when planning treatments and management strategies for a patient."},{"code":"Communication","display":"Communication","definition":"A record of information transmitted from a sender to a receiver."},{"code":"Composition","display":"Composition","definition":"A set of resources composed into a single coherent clinical statement with clinical attestation."},{"code":"Condition","display":"Condition","definition":"Detailed information about conditions, problems or diagnoses."},{"code":"Consent","display":"Consent","definition":"A healthcare consumer's policy choices to permits or denies recipients or roles to perform actions for specific purposes and periods of time."},{"code":"Coverage","display":"Coverage","definition":"Insurance or medical plan or a payment agreement."},{"code":"DeviceUseStatement","display":"DeviceUseStatement","definition":"Record of use of a device."},{"code":"DiagnosticReport","display":"DiagnosticReport","definition":"A Diagnostic report - a combination of request information, atomic results, images, interpretation, as well as formatted reports."},{"code":"DocumentManifest","display":"DocumentManifest","definition":"A list that defines a set of documents."},{"code":"DocumentReference","display":"DocumentReference","definition":"A reference to a document."},{"code":"Encounter","display":"Encounter","definition":"An interaction during which services are provided to the patient."},{"code":"EnrollmentResponse","display":"EnrollmentResponse","definition":"EnrollmentResponse resource."},{"code":"EpisodeOfCare","display":"EpisodeOfCare","definition":"An association of a Patient with an Organization and  Healthcare Provider(s) for a period of time that the Organization assumes some level of responsibility."},{"code":"ExplanationOfBenefit","display":"ExplanationOfBenefit","definition":"Explanation of Benefit resource."},{"code":"FamilyMemberHistory","display":"FamilyMemberHistory","definition":"Information about patient's relatives, relevant for patient."},{"code":"GuidanceResponse","display":"GuidanceResponse","definition":"The formal response to a guidance request."},{"code":"ImagingStudy","display":"ImagingStudy","definition":"A set of images produced in single study (one or more series of references images)."},{"code":"Immunization","display":"Immunization","definition":"Immunization event information."},{"code":"MeasureReport","display":"MeasureReport","definition":"Results of a measure evaluation."},{"code":"Media","display":"Media","definition":"A photo, video, or audio recording acquired or used in healthcare. The actual content may be inline or provided by direct reference."},{"code":"MedicationAdministration","display":"MedicationAdministration","definition":"Administration of medication to a patient."},{"code":"MedicationDispense","display":"MedicationDispense","definition":"Dispensing a medication to a named patient."},{"code":"MedicationStatement","display":"MedicationStatement","definition":"Record of medication being taken by a patient."},{"code":"Observation","display":"Observation","definition":"Measurements and simple assertions."},{"code":"PaymentNotice","display":"PaymentNotice","definition":"PaymentNotice request."},{"code":"PaymentReconciliation","display":"PaymentReconciliation","definition":"PaymentReconciliation resource."},{"code":"Procedure","display":"Procedure","definition":"An action that is being or was performed on a patient."},{"code":"ProcessResponse","display":"ProcessResponse","definition":"ProcessResponse resource."},{"code":"QuestionnaireResponse","display":"QuestionnaireResponse","definition":"A structured set of questions and their answers."},{"code":"RiskAssessment","display":"RiskAssessment","definition":"Potential outcomes for a subject with likelihood."},{"code":"SupplyDelivery","display":"SupplyDelivery","definition":"Delivery of bulk Supplies."},{"code":"Task","display":"Task","definition":"A task to be performed."}]}