{"resourceType":"CodeSystem","id":"examplescenario-actor-type","meta":{"lastUpdated":"2019-11-01T09:29:23.356+11:00"},"extension":[{"url":"http://hl7.org/fhir/StructureDefinition/structuredefinition-wg","valueCode":"fhir"},{"url":"http://hl7.org/fhir/StructureDefinition/structuredefinition-standards-status","valueCode":"trial-use"},{"url":"http://hl7.org/fhir/StructureDefinition/structuredefinition-fmm","valueInteger":0}],"url":"http://hl7.org/fhir/examplescenario-actor-type","identifier":[{"system":"urn:ietf:rfc:3986","value":"urn:oid:2.16.840.1.113883.4.642.4.859"}],"version":"4.0.1","name":"ExampleScenarioActorType","title":"ExampleScenarioActorType","status":"draft","experimental":false,"date":"2019-11-01T09:29:23+11:00","publisher":"HL7 (FHIR Project)","contact":[{"telecom":[{"system":"url","value":"http://hl7.org/fhir"},{"system":"email","value":"fhir@lists.hl7.org"}]}],"description":"The type of actor - system or human.","caseSensitive":true,"valueSet":"http://hl7.org/fhir/ValueSet/examplescenario-actor-type","content":"complete","concept":[{"code":"person","display":"Person","definition":"A person."},{"code":"entity","display":"System","definition":"A system."}]}