{"resourceType":"CodeSystem","id":"network-type","meta":{"lastUpdated":"2019-11-01T09:29:23.356+11:00"},"extension":[{"url":"http://hl7.org/fhir/StructureDefinition/structuredefinition-wg","valueCode":"sec"},{"url":"http://hl7.org/fhir/StructureDefinition/structuredefinition-standards-status","valueCode":"trial-use"},{"url":"http://hl7.org/fhir/StructureDefinition/structuredefinition-fmm","valueInteger":3}],"url":"http://hl7.org/fhir/network-type","identifier":[{"system":"urn:ietf:rfc:3986","value":"urn:oid:2.16.840.1.113883.4.642.4.457"}],"version":"4.0.1","name":"AuditEventAgentNetworkType","title":"AuditEventAgentNetworkType","status":"draft","experimental":false,"date":"2019-11-01T09:29:23+11:00","publisher":"HL7 (FHIR Project)","contact":[{"telecom":[{"system":"url","value":"http://hl7.org/fhir"},{"system":"email","value":"fhir@lists.hl7.org"}]}],"description":"The type of network access point of this agent in the audit event.","caseSensitive":true,"valueSet":"http://hl7.org/fhir/ValueSet/network-type","content":"complete","concept":[{"code":"1","display":"Machine Name","definition":"The machine name, including DNS name."},{"code":"2","display":"IP Address","definition":"The assigned Internet Protocol (IP) address."},{"code":"3","display":"Telephone Number","definition":"The assigned telephone number."},{"code":"4","display":"Email address","definition":"The assigned email address."},{"code":"5","display":"URI","definition":"URI (User directory, HTTP-PUT, ftp, etc.)."}]}