{"resourceType":"CodeSystem","id":"http-verb","meta":{"lastUpdated":"2019-11-01T09:29:23.356+11:00"},"extension":[{"url":"http://hl7.org/fhir/StructureDefinition/structuredefinition-wg","valueCode":"fhir"},{"url":"http://hl7.org/fhir/StructureDefinition/structuredefinition-standards-status","valueCode":"normative"},{"url":"http://hl7.org/fhir/StructureDefinition/structuredefinition-normative-version","valueCode":"4.0.0"},{"url":"http://hl7.org/fhir/StructureDefinition/structuredefinition-fmm","valueInteger":5}],"url":"http://hl7.org/fhir/http-verb","identifier":[{"system":"urn:ietf:rfc:3986","value":"urn:oid:2.16.840.1.113883.4.642.4.625"}],"version":"4.0.1","name":"HTTPVerb","title":"HTTPVerb","status":"active","experimental":false,"date":"2019-11-01T09:29:23+11:00","publisher":"HL7 (FHIR Project)","contact":[{"telecom":[{"system":"url","value":"http://hl7.org/fhir"},{"system":"email","value":"fhir@lists.hl7.org"}]}],"description":"HTTP verbs (in the HTTP command line). See [HTTP rfc](https://tools.ietf.org/html/rfc7231) for details.","caseSensitive":true,"valueSet":"http://hl7.org/fhir/ValueSet/http-verb","content":"complete","concept":[{"code":"GET","display":"GET","definition":"HTTP GET Command."},{"code":"HEAD","display":"HEAD","definition":"HTTP HEAD Command."},{"code":"POST","display":"POST","definition":"HTTP POST Command."},{"code":"PUT","display":"PUT","definition":"HTTP PUT Command."},{"code":"DELETE","display":"DELETE","definition":"HTTP DELETE Command."},{"code":"PATCH","display":"PATCH","definition":"HTTP PATCH Command."}]}