{"resourceType":"CodeSystem","id":"v2-0033","meta":{"profile":["http://hl7.org/fhir/StructureDefinition/shareablecodesystem"]},"language":"en","extension":[{"url":"http://hl7.org/fhir/StructureDefinition/structuredefinition-standards-status","valueCode":"external"},{"url":"http://hl7.org/fhir/StructureDefinition/structuredefinition-fmm","valueInteger":0}],"url":"http://terminology.hl7.org/CodeSystem/v2-0033","identifier":[{"system":"urn:ietf:rfc:3986","value":"urn:oid:2.16.840.1.113883.18.16"}],"version":"2.9","name":"v2.0033","title":"v2 ROUTE","status":"active","experimental":false,"publisher":"HL7, Inc","contact":[{"telecom":[{"system":"url","value":"http://hl7.org"}]}],"description":"FHIR Value set/code system definition for HL7 v2 table 0033 ( ROUTE)","content":"complete","property":[{"code":"status","uri":"http://hl7.org/fhir/concept-properties#status","description":"A property that indicates the status of the concept. One of active, experimental, deprecated, retired","type":"code"},{"code":"deprecationDate","uri":"http://hl7.org/fhir/concept-properties#deprecationDate","description":"The date at which a concept was deprecated. Concepts that are deprecated but not inactive can still be used, but their use is discouraged","type":"dateTime"}],"concept":[{"code":"AP","display":"Apply externally","designation":[{"language":"de","use":{"system":"http://terminology.hl7.org/CodeSystem/designation-usage","code":"display"},"value":"externe Applikatione"},{"language":"nl","use":{"system":"http://terminology.hl7.org/CodeSystem/designation-usage","code":"display"},"value":"Uitwendig gebruiken"}],"property":[{"code":"status","valueCode":"deprecated"},{"code":"deprecationDate","valueDateTime":"1990-01"}]},{"code":"CH","display":"Chew","designation":[{"language":"de","use":{"system":"http://terminology.hl7.org/CodeSystem/designation-usage","code":"display"},"value":"Kautablette"},{"language":"nl","use":{"system":"http://terminology.hl7.org/CodeSystem/designation-usage","code":"display"},"value":"Kauwen"}],"property":[{"code":"status","valueCode":"deprecated"},{"code":"deprecationDate","valueDateTime":"1990-01"}]},{"code":"DU","display":"Dust","designation":[{"language":"de","use":{"system":"http://terminology.hl7.org/CodeSystem/designation-usage","code":"display"},"value":"Puder"},{"language":"nl","use":{"system":"http://terminology.hl7.org/CodeSystem/designation-usage","code":"display"},"value":"Stof"}],"property":[{"code":"status","valueCode":"deprecated"},{"code":"deprecationDate","valueDateTime":"1990-01"}]},{"code":"EA","display":"Ear","designation":[{"language":"de","use":{"system":"http://terminology.hl7.org/CodeSystem/designation-usage","code":"display"},"value":"Ohr"},{"language":"nl","use":{"system":"http://terminology.hl7.org/CodeSystem/designation-usage","code":"display"},"value":"Oor"}],"property":[{"code":"status","valueCode":"deprecated"},{"code":"deprecationDate","valueDateTime":"1990-01"}]},{"code":"EY","display":"Eye","designation":[{"language":"de","use":{"system":"http://terminology.hl7.org/CodeSystem/designation-usage","code":"display"},"value":"Auge"},{"language":"nl","use":{"system":"http://terminology.hl7.org/CodeSystem/designation-usage","code":"display"},"value":"Oog"}],"property":[{"code":"status","valueCode":"deprecated"},{"code":"deprecationDate","valueDateTime":"1990-01"}]},{"code":"IA","display":"Intro-arterial","designation":[{"language":"de","use":{"system":"http://terminology.hl7.org/CodeSystem/designation-usage","code":"display"},"value":"intraarteriell"},{"language":"nl","use":{"system":"http://terminology.hl7.org/CodeSystem/designation-usage","code":"display"},"value":"Intro-arteriaal"}],"property":[{"code":"status","valueCode":"deprecated"},{"code":"deprecationDate","valueDateTime":"1990-01"}]},{"code":"ID","display":"Intra-dermal","designation":[{"language":"de","use":{"system":"http://terminology.hl7.org/CodeSystem/designation-usage","code":"display"},"value":"intradermal"},{"language":"nl","use":{"system":"http://terminology.hl7.org/CodeSystem/designation-usage","code":"display"},"value":"Intra-dermaal"}],"property":[{"code":"status","valueCode":"deprecated"},{"code":"deprecationDate","valueDateTime":"1990-01"}]},{"code":"IF","display":"Infiltrate","designation":[{"language":"de","use":{"system":"http://terminology.hl7.org/CodeSystem/designation-usage","code":"display"},"value":"infiltrieren"},{"language":"nl","use":{"system":"http://terminology.hl7.org/CodeSystem/designation-usage","code":"display"},"value":"Infiltratie"}],"property":[{"code":"status","valueCode":"deprecated"},{"code":"deprecationDate","valueDateTime":"1990-01"}]},{"code":"IH","display":"Inhalation","designation":[{"language":"de","use":{"system":"http://terminology.hl7.org/CodeSystem/designation-usage","code":"display"},"value":"Inhalation"},{"language":"nl","use":{"system":"http://terminology.hl7.org/CodeSystem/designation-usage","code":"display"},"value":"Inhalatie"}],"property":[{"code":"status","valueCode":"deprecated"},{"code":"deprecationDate","valueDateTime":"1990-01"}]},{"code":"IM","display":"Intra-muscular","designation":[{"language":"de","use":{"system":"http://terminology.hl7.org/CodeSystem/designation-usage","code":"display"},"value":"intramuskulär"},{"language":"nl","use":{"system":"http://terminology.hl7.org/CodeSystem/designation-usage","code":"display"},"value":"Intra-musculair"}],"property":[{"code":"status","valueCode":"deprecated"},{"code":"deprecationDate","valueDateTime":"1990-01"}]},{"code":"IN","display":"Intra-nasal","designation":[{"language":"de","use":{"system":"http://terminology.hl7.org/CodeSystem/designation-usage","code":"display"},"value":"intranasal"},{"language":"nl","use":{"system":"http://terminology.hl7.org/CodeSystem/designation-usage","code":"display"},"value":"Intro-nasaal"}],"property":[{"code":"status","valueCode":"deprecated"},{"code":"deprecationDate","valueDateTime":"1990-01"}]},{"code":"IR","display":"Irrigate","designation":[{"language":"de","use":{"system":"http://terminology.hl7.org/CodeSystem/designation-usage","code":"display"},"value":"Einlauf"},{"language":"nl","use":{"system":"http://terminology.hl7.org/CodeSystem/designation-usage","code":"display"},"value":"Irrigatie"}],"property":[{"code":"status","valueCode":"deprecated"},{"code":"deprecationDate","valueDateTime":"1990-01"}]},{"code":"IS","display":"Inserted","designation":[{"language":"de","use":{"system":"http://terminology.hl7.org/CodeSystem/designation-usage","code":"display"},"value":"Implantat"},{"language":"nl","use":{"system":"http://terminology.hl7.org/CodeSystem/designation-usage","code":"display"},"value":"Ingebracht"}],"property":[{"code":"status","valueCode":"deprecated"},{"code":"deprecationDate","valueDateTime":"1990-01"}]},{"code":"IT","display":"Intrathecal","designation":[{"language":"de","use":{"system":"http://terminology.hl7.org/CodeSystem/designation-usage","code":"display"},"value":"intrathekal"},{"language":"nl","use":{"system":"http://terminology.hl7.org/CodeSystem/designation-usage","code":"display"},"value":"Intrathecaal"}],"property":[{"code":"status","valueCode":"deprecated"},{"code":"deprecationDate","valueDateTime":"1990-01"}]},{"code":"IV","display":"Intravenous","designation":[{"language":"de","use":{"system":"http://terminology.hl7.org/CodeSystem/designation-usage","code":"display"},"value":"intravenös"},{"language":"nl","use":{"system":"http://terminology.hl7.org/CodeSystem/designation-usage","code":"display"},"value":"Intraveneus"}],"property":[{"code":"status","valueCode":"deprecated"},{"code":"deprecationDate","valueDateTime":"1990-01"}]},{"code":"NB","display":"Nebulized","designation":[{"language":"de","use":{"system":"http://terminology.hl7.org/CodeSystem/designation-usage","code":"display"},"value":"vernebelt"},{"language":"nl","use":{"system":"http://terminology.hl7.org/CodeSystem/designation-usage","code":"display"},"value":"Verneveld"}],"property":[{"code":"status","valueCode":"deprecated"},{"code":"deprecationDate","valueDateTime":"1990-01"}]},{"code":"NG","display":"Nathogasic","designation":[{"language":"de","use":{"system":"http://terminology.hl7.org/CodeSystem/designation-usage","code":"display"},"value":"nasogastral"}],"property":[{"code":"status","valueCode":"deprecated"},{"code":"deprecationDate","valueDateTime":"1990-01"}]},{"code":"PA","display":"Peri-anally","designation":[{"language":"de","use":{"system":"http://terminology.hl7.org/CodeSystem/designation-usage","code":"display"},"value":"peranal"},{"language":"nl","use":{"system":"http://terminology.hl7.org/CodeSystem/designation-usage","code":"display"},"value":"Peri-anaal"}],"property":[{"code":"status","valueCode":"deprecated"},{"code":"deprecationDate","valueDateTime":"1990-01"}]},{"code":"PT","display":"Paint","designation":[{"language":"de","use":{"system":"http://terminology.hl7.org/CodeSystem/designation-usage","code":"display"},"value":"aufpinseln"},{"language":"nl","use":{"system":"http://terminology.hl7.org/CodeSystem/designation-usage","code":"display"},"value":"Verf"}],"property":[{"code":"status","valueCode":"deprecated"},{"code":"deprecationDate","valueDateTime":"1990-01"}]},{"code":"PU","display":"IV push","designation":[{"language":"de","use":{"system":"http://terminology.hl7.org/CodeSystem/designation-usage","code":"display"},"value":"intravenöser Bolus"},{"language":"nl","use":{"system":"http://terminology.hl7.org/CodeSystem/designation-usage","code":"display"},"value":"IV push"}],"property":[{"code":"status","valueCode":"deprecated"},{"code":"deprecationDate","valueDateTime":"1990-01"}]},{"code":"RC","display":"Rectally","designation":[{"language":"de","use":{"system":"http://terminology.hl7.org/CodeSystem/designation-usage","code":"display"},"value":"rektal"},{"language":"nl","use":{"system":"http://terminology.hl7.org/CodeSystem/designation-usage","code":"display"},"value":"Rectaal"}],"property":[{"code":"status","valueCode":"deprecated"},{"code":"deprecationDate","valueDateTime":"1990-01"}]},{"code":"SH","display":"Shampoo","designation":[{"language":"de","use":{"system":"http://terminology.hl7.org/CodeSystem/designation-usage","code":"display"},"value":"Shampoo"},{"language":"nl","use":{"system":"http://terminology.hl7.org/CodeSystem/designation-usage","code":"display"},"value":"Shampoo"}],"property":[{"code":"status","valueCode":"deprecated"},{"code":"deprecationDate","valueDateTime":"1990-01"}]},{"code":"SL","display":"Sublingual","designation":[{"language":"de","use":{"system":"http://terminology.hl7.org/CodeSystem/designation-usage","code":"display"},"value":"subligual"},{"language":"nl","use":{"system":"http://terminology.hl7.org/CodeSystem/designation-usage","code":"display"},"value":"Sublinguaal"}],"property":[{"code":"status","valueCode":"deprecated"},{"code":"deprecationDate","valueDateTime":"1990-01"}]},{"code":"SO","display":"Soak","designation":[{"language":"de","use":{"system":"http://terminology.hl7.org/CodeSystem/designation-usage","code":"display"},"value":"drchtränken"},{"language":"nl","use":{"system":"http://terminology.hl7.org/CodeSystem/designation-usage","code":"display"},"value":"Soppen"}],"property":[{"code":"status","valueCode":"deprecated"},{"code":"deprecationDate","valueDateTime":"1990-01"}]},{"code":"SS","display":"IV soluset","designation":[{"language":"de","use":{"system":"http://terminology.hl7.org/CodeSystem/designation-usage","code":"display"},"value":"Iv-Lösung"},{"language":"nl","use":{"system":"http://terminology.hl7.org/CodeSystem/designation-usage","code":"display"},"value":"IV soluset"}],"property":[{"code":"status","valueCode":"deprecated"},{"code":"deprecationDate","valueDateTime":"1990-01"}]},{"code":"TP","display":"Topically","designation":[{"language":"de","use":{"system":"http://terminology.hl7.org/CodeSystem/designation-usage","code":"display"},"value":"topisch"},{"language":"nl","use":{"system":"http://terminology.hl7.org/CodeSystem/designation-usage","code":"display"},"value":"Topicaal"}],"property":[{"code":"status","valueCode":"deprecated"},{"code":"deprecationDate","valueDateTime":"1990-01"}]},{"code":"WA","display":"Wash","designation":[{"language":"de","use":{"system":"http://terminology.hl7.org/CodeSystem/designation-usage","code":"display"},"value":"waschen"},{"language":"nl","use":{"system":"http://terminology.hl7.org/CodeSystem/designation-usage","code":"display"},"value":"Wassen"}],"property":[{"code":"status","valueCode":"deprecated"},{"code":"deprecationDate","valueDateTime":"1990-01"}]},{"code":"WI","display":"Wipe","designation":[{"language":"de","use":{"system":"http://terminology.hl7.org/CodeSystem/designation-usage","code":"display"},"value":"wischen"},{"language":"nl","use":{"system":"http://terminology.hl7.org/CodeSystem/designation-usage","code":"display"},"value":"Vegen"}],"property":[{"code":"status","valueCode":"deprecated"},{"code":"deprecationDate","valueDateTime":"1990-01"}]}]}