{"resourceType":"CodeSystem","id":"message-transport","meta":{"lastUpdated":"2019-11-01T09:29:23.356+11:00"},"extension":[{"url":"http://hl7.org/fhir/StructureDefinition/structuredefinition-wg","valueCode":"fhir"},{"url":"http://hl7.org/fhir/StructureDefinition/structuredefinition-standards-status","valueCode":"normative"},{"url":"http://hl7.org/fhir/StructureDefinition/structuredefinition-normative-version","valueCode":"4.0.0"},{"url":"http://hl7.org/fhir/StructureDefinition/structuredefinition-fmm","valueInteger":5}],"url":"http://terminology.hl7.org/CodeSystem/message-transport","identifier":[{"system":"urn:ietf:rfc:3986","value":"urn:oid:2.16.840.1.113883.4.642.4.1080"}],"version":"4.0.1","name":"MessageTransport","title":"MessageTransport","status":"active","experimental":false,"date":"2019-11-01T09:29:23+11:00","publisher":"HL7 (FHIR Project)","contact":[{"telecom":[{"system":"url","value":"http://hl7.org/fhir"},{"system":"email","value":"fhir@lists.hl7.org"}]}],"description":"The protocol used for message transport.","caseSensitive":true,"valueSet":"http://hl7.org/fhir/ValueSet/message-transport","content":"complete","concept":[{"code":"http","display":"HTTP","definition":"The application sends or receives messages using HTTP POST (may be over http: or https:)."},{"code":"ftp","display":"FTP","definition":"The application sends or receives messages using File Transfer Protocol."},{"code":"mllp","display":"MLLP","definition":"The application sends or receives messages using HL7's Minimal Lower Level Protocol."}]}