{"resourceType":"CodeSystem","id":"map-source-list-mode","meta":{"lastUpdated":"2019-11-01T09:29:23.356+11:00"},"extension":[{"url":"http://hl7.org/fhir/StructureDefinition/structuredefinition-wg","valueCode":"fhir"},{"url":"http://hl7.org/fhir/StructureDefinition/structuredefinition-standards-status","valueCode":"trial-use"},{"url":"http://hl7.org/fhir/StructureDefinition/structuredefinition-fmm","valueInteger":2}],"url":"http://hl7.org/fhir/map-source-list-mode","identifier":[{"system":"urn:ietf:rfc:3986","value":"urn:oid:2.16.840.1.113883.4.642.4.684"}],"version":"4.0.1","name":"StructureMapSourceListMode","title":"StructureMapSourceListMode","status":"draft","experimental":false,"date":"2019-11-01T09:29:23+11:00","publisher":"HL7 (FHIR Project)","contact":[{"telecom":[{"system":"url","value":"http://hl7.org/fhir"},{"system":"email","value":"fhir@lists.hl7.org"}]}],"description":"If field is a list, how to manage the source.","caseSensitive":true,"valueSet":"http://hl7.org/fhir/ValueSet/map-source-list-mode","content":"complete","concept":[{"code":"first","display":"First","definition":"Only process this rule for the first in the list."},{"code":"not_first","display":"All but the first","definition":"Process this rule for all but the first."},{"code":"last","display":"Last","definition":"Only process this rule for the last in the list."},{"code":"not_last","display":"All but the last","definition":"Process this rule for all but the last."},{"code":"only_one","display":"Enforce only one","definition":"Only process this rule is there is only item."}]}