{"resourceType":"CodeSystem","id":"related-artifact-type","meta":{"lastUpdated":"2019-11-01T09:29:23.356+11:00"},"extension":[{"url":"http://hl7.org/fhir/StructureDefinition/structuredefinition-wg","valueCode":"fhir"},{"url":"http://hl7.org/fhir/StructureDefinition/structuredefinition-standards-status","valueCode":"trial-use"},{"url":"http://hl7.org/fhir/StructureDefinition/structuredefinition-fmm","valueInteger":5}],"url":"http://hl7.org/fhir/related-artifact-type","identifier":[{"system":"urn:ietf:rfc:3986","value":"urn:oid:2.16.840.1.113883.4.642.4.100"}],"version":"4.0.1","name":"RelatedArtifactType","title":"RelatedArtifactType","status":"draft","experimental":false,"date":"2019-11-01T09:29:23+11:00","publisher":"HL7 (FHIR Project)","contact":[{"telecom":[{"system":"url","value":"http://hl7.org/fhir"},{"system":"email","value":"fhir@lists.hl7.org"}]}],"description":"The type of relationship to the related artifact.","caseSensitive":true,"valueSet":"http://hl7.org/fhir/ValueSet/related-artifact-type","content":"complete","concept":[{"code":"documentation","display":"Documentation","definition":"Additional documentation for the knowledge resource. This would include additional instructions on usage as well as additional information on clinical context or appropriateness."},{"code":"justification","display":"Justification","definition":"A summary of the justification for the knowledge resource including supporting evidence, relevant guidelines, or other clinically important information. This information is intended to provide a way to make the justification for the knowledge resource available to the consumer of interventions or results produced by the knowledge resource."},{"code":"citation","display":"Citation","definition":"Bibliographic citation for papers, references, or other relevant material for the knowledge resource. This is intended to allow for citation of related material, but that was not necessarily specifically prepared in connection with this knowledge resource."},{"code":"predecessor","display":"Predecessor","definition":"The previous version of the knowledge resource."},{"code":"successor","display":"Successor","definition":"The next version of the knowledge resource."},{"code":"derived-from","display":"Derived From","definition":"The knowledge resource is derived from the related artifact. This is intended to capture the relationship in which a particular knowledge resource is based on the content of another artifact, but is modified to capture either a different set of overall requirements, or a more specific set of requirements such as those involved in a particular institution or clinical setting."},{"code":"depends-on","display":"Depends On","definition":"The knowledge resource depends on the given related artifact."},{"code":"composed-of","display":"Composed Of","definition":"The knowledge resource is composed of the given related artifact."}]}