{"resourceType":"CodeSystem","id":"resource-type-link","meta":{"lastUpdated":"2019-11-01T09:29:23.356+11:00"},"url":"http://terminology.hl7.org/CodeSystem/resource-type-link","identifier":[{"system":"urn:ietf:rfc:3986","value":"urn:oid:2.16.840.1.113883.4.642.4.1180"}],"version":"4.0.1","name":"PayeeResourceType","title":"PayeeResourceType","status":"draft","experimental":false,"date":"2019-11-01T09:29:23+11:00","publisher":"HL7 (FHIR Project)","contact":[{"telecom":[{"system":"url","value":"http://hl7.org/fhir"},{"system":"email","value":"fhir@lists.hl7.org"}]}],"description":"The type of payee Resource.","caseSensitive":true,"valueSet":"http://hl7.org/fhir/ValueSet/resource-type-link","content":"complete","concept":[{"code":"organization","display":"Organization","definition":"Organization resource."},{"code":"patient","display":"Patient","definition":"Patient resource."},{"code":"practitioner","display":"Practitioner","definition":"Practitioner resource."},{"code":"relatedperson","display":"RelatedPerson","definition":"RelatedPerson resource."}]}