{"resourceType":"CodeSystem","id":"v2-0027","meta":{"profile":["http://hl7.org/fhir/StructureDefinition/shareablecodesystem"]},"language":"en","extension":[{"url":"http://hl7.org/fhir/StructureDefinition/structuredefinition-standards-status","valueCode":"external"},{"url":"http://hl7.org/fhir/StructureDefinition/structuredefinition-fmm","valueInteger":0}],"url":"http://terminology.hl7.org/CodeSystem/v2-0027","identifier":[{"system":"urn:ietf:rfc:3986","value":"urn:oid:2.16.840.1.113883.18.15"}],"version":"2.9","name":"v2.0027","title":"v2 PRIORITY (COMPONENT 6 QTY/TIMING[735])","status":"active","experimental":false,"publisher":"HL7, Inc","contact":[{"telecom":[{"system":"url","value":"http://hl7.org"}]}],"description":"FHIR Value set/code system definition for HL7 v2 table 0027 ( PRIORITY (COMPONENT 6 QTY/TIMING[735]))","content":"complete","concept":[{"code":"A","display":"As soon as possible (a priority lower than stat)","designation":[{"language":"de","use":{"system":"http://terminology.hl7.org/CodeSystem/designation-usage","code":"display"},"value":"schnellstmöglich"},{"language":"nl","use":{"system":"http://terminology.hl7.org/CodeSystem/designation-usage","code":"display"},"value":"Zo snel mogelijk. (prioriteit lager dan stat)"}]},{"code":"P","display":"Preoperative (to be done prior to surgery)","designation":[{"language":"de","use":{"system":"http://terminology.hl7.org/CodeSystem/designation-usage","code":"display"},"value":"präoperativ"},{"language":"nl","use":{"system":"http://terminology.hl7.org/CodeSystem/designation-usage","code":"display"},"value":"Preoperatief (doen voorafgaand aan operatie)"}]},{"code":"R","display":"Routine","designation":[{"language":"de","use":{"system":"http://terminology.hl7.org/CodeSystem/designation-usage","code":"display"},"value":"Routine"},{"language":"nl","use":{"system":"http://terminology.hl7.org/CodeSystem/designation-usage","code":"display"},"value":"Routine"}]},{"code":"S","display":"Stat (do immediately)","designation":[{"language":"de","use":{"system":"http://terminology.hl7.org/CodeSystem/designation-usage","code":"display"},"value":"sofort"},{"language":"nl","use":{"system":"http://terminology.hl7.org/CodeSystem/designation-usage","code":"display"},"value":"Stat (onmiddellijk uitvoeren)"}]},{"code":"T","display":"Timing critical (do as near as possible to requested time)","designation":[{"language":"de","use":{"system":"http://terminology.hl7.org/CodeSystem/designation-usage","code":"display"},"value":"zum vereinbarten Zeitpunkt"},{"language":"nl","use":{"system":"http://terminology.hl7.org/CodeSystem/designation-usage","code":"display"},"value":"timing kritiek (uitvoering zo dicht mogelijk bij gevraagde tijd)"}]}]}