{"resourceType":"CodeSystem","id":"messageheader-response-request","meta":{"lastUpdated":"2019-11-01T09:29:23.356+11:00"},"extension":[{"url":"http://hl7.org/fhir/StructureDefinition/structuredefinition-wg","valueCode":"inm"},{"url":"http://hl7.org/fhir/StructureDefinition/structuredefinition-standards-status","valueCode":"trial-use"},{"url":"http://hl7.org/fhir/StructureDefinition/structuredefinition-fmm","valueInteger":1}],"url":"http://hl7.org/fhir/messageheader-response-request","identifier":[{"system":"urn:ietf:rfc:3986","value":"urn:oid:2.16.840.1.113883.4.642.4.925"}],"version":"4.0.1","name":"messageheader-response-request","title":"messageheader-response-request","status":"draft","experimental":false,"date":"2019-11-01T09:29:23+11:00","publisher":"HL7 (FHIR Project)","contact":[{"telecom":[{"system":"url","value":"http://hl7.org/fhir"},{"system":"email","value":"fhir@lists.hl7.org"}]}],"description":"HL7-defined table of codes which identify conditions under which acknowledgments are required to be returned in response to a message.","caseSensitive":true,"valueSet":"http://hl7.org/fhir/ValueSet/messageheader-response-request","content":"complete","concept":[{"code":"always","display":"Always","definition":"initiator expects a response for this message."},{"code":"on-error","display":"Error/reject conditions only","definition":"initiator expects a response only if in error."},{"code":"never","display":"Never","definition":"initiator does not expect a response."},{"code":"on-success","display":"Successful completion only","definition":"initiator expects a response only if successful."}]}