{"resourceType":"CodeSystem","id":"definition-status","meta":{"lastUpdated":"2019-11-01T09:29:23.356+11:00"},"url":"http://terminology.hl7.org/CodeSystem/definition-status","identifier":[{"system":"urn:ietf:rfc:3986","value":"urn:oid:2.16.840.1.113883.4.642.4.1070"}],"version":"4.0.1","name":"DefinitionStatus","title":"DefinitionStatus","status":"draft","experimental":false,"date":"2019-11-01T09:29:23+11:00","publisher":"HL7 (FHIR Project)","contact":[{"telecom":[{"system":"url","value":"http://hl7.org/fhir"},{"system":"email","value":"fhir@lists.hl7.org"}]}],"description":"Codes identifying the lifecycle stage of a definition.","caseSensitive":true,"valueSet":"http://hl7.org/fhir/ValueSet/definition-status","content":"complete","concept":[{"code":"draft","display":"Draft","definition":"The definition is in the design stage and is not yet considered to be \"ready for use\"."},{"code":"active","display":"Active","definition":"The definition is considered ready for use."},{"code":"withdrawn","display":"Withdrawn","definition":"The definition should no longer be used."},{"code":"unknown","display":"Unknown","definition":"The authoring/source system does not know which of the status values currently applies for this resource.  Note: This concept is not to be used for \"other\" - one of the listed statuses is presumed to apply,  but the authoring/source system does not know which."}]}