{"resourceType":"CodeSystem","id":"udi","meta":{"lastUpdated":"2019-11-01T09:29:23.356+11:00","profile":["http://hl7.org/fhir/StructureDefinition/shareablecodesystem"]},"url":"http://hl7.org/fhir/ex-udi","identifier":[{"system":"urn:ietf:rfc:3986","value":"urn:oid:2.16.840.1.113883.4.642.4.555"}],"version":"4.0.1","name":"UDICodes","title":"UDI Codes","status":"draft","experimental":false,"publisher":"Financial Management","contact":[{"telecom":[{"system":"url","value":"http://hl7.org/fhir"}]}],"description":"This value set includes sample UDI codes.","copyright":"This is an example set.","caseSensitive":true,"valueSet":"http://hl7.org/fhir/ValueSet/udi","content":"complete","concept":[{"code":"gudid","display":"GUDID (FDA)","definition":"GUDID (FDA) US Repository"}]}