{"resourceType":"CodeSystem","id":"action-precheck-behavior","meta":{"lastUpdated":"2019-11-01T09:29:23.356+11:00"},"extension":[{"url":"http://hl7.org/fhir/StructureDefinition/structuredefinition-wg","valueCode":"cds"},{"url":"http://hl7.org/fhir/StructureDefinition/structuredefinition-standards-status","valueCode":"trial-use"},{"url":"http://hl7.org/fhir/StructureDefinition/structuredefinition-fmm","valueInteger":2}],"url":"http://hl7.org/fhir/action-precheck-behavior","identifier":[{"system":"urn:ietf:rfc:3986","value":"urn:oid:2.16.840.1.113883.4.642.4.806"}],"version":"4.0.1","name":"ActionPrecheckBehavior","title":"ActionPrecheckBehavior","status":"draft","experimental":false,"date":"2019-11-01T09:29:23+11:00","publisher":"HL7 (FHIR Project)","contact":[{"telecom":[{"system":"url","value":"http://hl7.org/fhir"},{"system":"email","value":"fhir@lists.hl7.org"}]}],"description":"Defines selection frequency behavior for an action or group.","caseSensitive":true,"valueSet":"http://hl7.org/fhir/ValueSet/action-precheck-behavior","content":"complete","concept":[{"code":"yes","display":"Yes","definition":"An action with this behavior is one of the most frequent action that is, or should be, included by an end user, for the particular context in which the action occurs. The system displaying the action to the end user should consider \"pre-checking\" such an action as a convenience for the user."},{"code":"no","display":"No","definition":"An action with this behavior is one of the less frequent actions included by the end user, for the particular context in which the action occurs. The system displaying the actions to the end user would typically not \"pre-check\" such an action."}]}