{"resourceType":"CodeSystem","id":"condition-category","meta":{"lastUpdated":"2019-11-01T09:29:23.356+11:00","profile":["http://hl7.org/fhir/StructureDefinition/shareablecodesystem"]},"extension":[{"url":"http://hl7.org/fhir/StructureDefinition/structuredefinition-wg","valueCode":"pc"},{"url":"http://hl7.org/fhir/StructureDefinition/structuredefinition-standards-status","valueCode":"trial-use"},{"url":"http://hl7.org/fhir/StructureDefinition/structuredefinition-fmm","valueInteger":3}],"url":"http://terminology.hl7.org/CodeSystem/condition-category","identifier":[{"system":"urn:ietf:rfc:3986","value":"urn:oid:2.16.840.1.113883.4.642.4.1073"}],"version":"4.0.1","name":"ConditionCategoryCodes","title":"Condition Category Codes","status":"draft","experimental":false,"publisher":"FHIR Project team","contact":[{"telecom":[{"system":"url","value":"http://hl7.org/fhir"}]}],"description":"Preferred value set for Condition Categories.","caseSensitive":true,"valueSet":"http://hl7.org/fhir/ValueSet/condition-category","content":"complete","concept":[{"code":"problem-list-item","display":"Problem List Item","definition":"An item on a problem list that can be managed over time and can be expressed by a practitioner (e.g. physician, nurse), patient, or related person."},{"code":"encounter-diagnosis","display":"Encounter Diagnosis","definition":"A point in time diagnosis (e.g. from a physician or nurse) in context of an encounter."}]}