{"resourceType":"CodeSystem","id":"insuranceplan-type","meta":{"lastUpdated":"2019-11-01T09:29:23.356+11:00","profile":["http://hl7.org/fhir/StructureDefinition/shareablecodesystem"]},"extension":[{"url":"http://hl7.org/fhir/StructureDefinition/structuredefinition-wg","valueCode":"pa"},{"url":"http://hl7.org/fhir/StructureDefinition/structuredefinition-standards-status","valueCode":"draft"},{"url":"http://hl7.org/fhir/StructureDefinition/structuredefinition-fmm","valueInteger":1}],"url":"http://terminology.hl7.org/CodeSystem/insurance-plan-type","identifier":[{"system":"urn:ietf:rfc:3986","value":"urn:oid:2.16.840.1.113883.4.642.4.1261"}],"version":"4.0.1","name":"InsurancePlanType","title":"Insurance plan type","status":"draft","experimental":false,"publisher":"FHIR Project team","contact":[{"telecom":[{"system":"url","value":"http://hl7.org/fhir"}]}],"description":"This example value set defines a set of codes that can be used to indicate a type of insurance plan.","caseSensitive":true,"valueSet":"http://hl7.org/fhir/ValueSet/insuranceplan-type","content":"fragment","concept":[{"code":"medical","display":"Medical"},{"code":"dental","display":"Dental"},{"code":"mental","display":"Mental Health"},{"code":"subst-ab","display":"Substance Abuse"},{"code":"vision","display":"Vision"},{"code":"Drug","display":"Drug"},{"code":"short-term","display":"Short Term"},{"code":"long-term","display":"Long Term Care"},{"code":"hospice","display":"Hospice"},{"code":"home","display":"Home Health"}]}