{"resourceType":"CodeSystem","id":"implantStatus","meta":{"lastUpdated":"2019-11-01T09:29:23.356+11:00"},"url":"http://terminology.hl7.org/CodeSystem/implantStatus","identifier":[{"system":"urn:ietf:rfc:3986","value":"urn:oid:2.16.840.1.113883.4.642.4.1283"}],"version":"4.0.1","name":"Implant Status","title":"Implant Status","status":"draft","experimental":false,"date":"2019-11-01T09:29:23+11:00","publisher":"HL7 (FHIR Project)","contact":[{"telecom":[{"system":"url","value":"http://hl7.org/fhir"},{"system":"email","value":"fhir@lists.hl7.org"}]}],"description":"A set codes that define the functional status of an implanted device.","caseSensitive":true,"valueSet":"http://hl7.org/fhir/ValueSet/implantStatus","content":"complete","concept":[{"code":"functional","display":"Functional","definition":"The implanted device is working normally."},{"code":"non-functional","display":"Non-Functional","definition":"The implanted device is not working."},{"code":"disabled","display":"Disabled","definition":"The implanted device has been turned off."},{"code":"unknown","display":"Unknown","definition":"the functional status of the implant has not been determined."}]}