{"resourceType":"CodeSystem","id":"activity-definition-category","meta":{"lastUpdated":"2019-11-01T09:29:23.356+11:00"},"url":"http://terminology.hl7.org/CodeSystem/activity-definition-category","identifier":[{"system":"urn:ietf:rfc:3986","value":"urn:oid:2.16.840.1.113883.4.642.4.1243"}],"version":"4.0.1","name":"ActivityDefinitionCategory","title":"ActivityDefinitionCategory","status":"draft","experimental":false,"date":"2019-11-01T09:29:23+11:00","publisher":"HL7 (FHIR Project)","contact":[{"telecom":[{"system":"url","value":"http://hl7.org/fhir"},{"system":"email","value":"fhir@lists.hl7.org"}]}],"description":"High-level categorization of the type of activity.","caseSensitive":true,"valueSet":"http://hl7.org/fhir/ValueSet/activity-definition-category","content":"complete","concept":[{"code":"treatment","display":"Treatment","definition":"The activity is intended to provide or is related to treatment of the patient."},{"code":"education","display":"Education","definition":"The activity is intended to provide or is related to education of the patient."},{"code":"assessment","display":"Assessment","definition":"The activity is intended to perform or is related to assessment of the patient."}]}