{"resourceType":"CodeSystem","id":"risk-probability","meta":{"lastUpdated":"2019-11-01T09:29:23.356+11:00","profile":["http://hl7.org/fhir/StructureDefinition/shareablecodesystem"]},"extension":[{"url":"http://hl7.org/fhir/StructureDefinition/structuredefinition-wg","valueCode":"cds"},{"url":"http://hl7.org/fhir/StructureDefinition/structuredefinition-standards-status","valueCode":"draft"},{"url":"http://hl7.org/fhir/StructureDefinition/structuredefinition-fmm","valueInteger":1}],"url":"http://terminology.hl7.org/CodeSystem/risk-probability","identifier":[{"system":"urn:ietf:rfc:3986","value":"urn:oid:2.16.840.1.113883.4.642.4.1133"}],"version":"4.0.1","name":"RiskProbability","title":"Risk Probability","status":"draft","experimental":false,"publisher":"FHIR Project team","contact":[{"telecom":[{"system":"url","value":"http://hl7.org/fhir"}]}],"description":"Codes representing the likelihood of a particular outcome in a risk assessment.","caseSensitive":true,"valueSet":"http://hl7.org/fhir/ValueSet/risk-probability","content":"complete","concept":[{"code":"negligible","display":"Negligible likelihood","definition":"The specified outcome is exceptionally unlikely."},{"code":"low","display":"Low likelihood","definition":"The specified outcome is possible but unlikely."},{"code":"moderate","display":"Moderate likelihood","definition":"The specified outcome has a reasonable likelihood of occurrence."},{"code":"high","display":"High likelihood","definition":"The specified outcome is more likely to occur than not."},{"code":"certain","display":"Certain","definition":"The specified outcome is effectively guaranteed."}]}