{"resourceType":"CodeSystem","id":"reason-medication-given-codes","meta":{"lastUpdated":"2019-11-01T09:29:23.356+11:00","profile":["http://hl7.org/fhir/StructureDefinition/shareablecodesystem"]},"extension":[{"url":"http://hl7.org/fhir/StructureDefinition/structuredefinition-wg","valueCode":"phx"},{"url":"http://hl7.org/fhir/StructureDefinition/structuredefinition-standards-status","valueCode":"draft"},{"url":"http://hl7.org/fhir/StructureDefinition/structuredefinition-fmm","valueInteger":1}],"url":"http://terminology.hl7.org/CodeSystem/reason-medication-given","identifier":[{"system":"urn:ietf:rfc:3986","value":"urn:oid:2.16.840.1.113883.4.642.4.1110"}],"version":"4.0.1","name":"ReasonMedicationGivenCodes","title":"Reason Medication Given Codes","status":"draft","experimental":false,"publisher":"FHIR Project team","contact":[{"telecom":[{"system":"url","value":"http://hl7.org/fhir"}]}],"description":"This value set is provided as an example. The value set to instantiate this attribute should be drawn from a robust terminology code system that consists of or contains concepts to support the medication process.","caseSensitive":true,"valueSet":"http://hl7.org/fhir/ValueSet/reason-medication-given-codes","content":"complete","concept":[{"code":"a","display":"None","definition":"No reason known."},{"code":"b","display":"Given as Ordered","definition":"The administration was following an ordered protocol."},{"code":"c","display":"Emergency","definition":"The administration was needed to treat an emergency."}]}