{"resourceType":"CodeSystem","id":"medicationknowledge-package-type","meta":{"lastUpdated":"2019-11-01T09:29:23.356+11:00","profile":["http://hl7.org/fhir/StructureDefinition/shareablecodesystem"]},"extension":[{"url":"http://hl7.org/fhir/StructureDefinition/structuredefinition-wg","valueCode":"phx"},{"url":"http://hl7.org/fhir/StructureDefinition/structuredefinition-standards-status","valueCode":"draft"},{"url":"http://hl7.org/fhir/StructureDefinition/structuredefinition-fmm","valueInteger":1}],"url":"http://terminology.hl7.org/CodeSystem/medicationknowledge-package-type","identifier":[{"system":"urn:ietf:rfc:3986","value":"urn:oid:2.16.840.1.113883.4.642.4.1340"}],"version":"4.0.1","name":"medicationKnowledge Package Type Codes","title":"Medication knowledge  package  type  codes","status":"draft","experimental":false,"publisher":"FHIR Project team","contact":[{"telecom":[{"system":"url","value":"http://hl7.org/fhir"}]}],"description":"MedicationKnowledge Package Type Codes","caseSensitive":true,"valueSet":"http://hl7.org/fhir/ValueSet/medicationknowledge-package-type","content":"complete","concept":[{"code":"amp","display":"Ampule"},{"code":"bag","display":"Bag"},{"code":"blstrpk","display":"Blister Pack"},{"code":"bot","display":"Bottle"},{"code":"box","display":"Box"},{"code":"can","display":"Can"},{"code":"cart","display":"Cartridge"},{"code":"disk","display":"Disk"},{"code":"doset","display":"Dosette"},{"code":"jar","display":"Jar"},{"code":"jug","display":"Jug"},{"code":"minim","display":"Minim"},{"code":"nebamp","display":"Nebule Amp"},{"code":"ovul","display":"Ovule"},{"code":"pch","display":"Pouch"},{"code":"pkt","display":"Packet"},{"code":"sash","display":"Sashet"},{"code":"strip","display":"Strip"},{"code":"tin","display":"Tin"},{"code":"tub","display":"Tub"},{"code":"tube","display":"Tube"},{"code":"vial","display":"Vial"}]}