{"resourceType":"CodeSystem","id":"device-status-reason","meta":{"lastUpdated":"2019-11-01T09:29:23.356+11:00"},"extension":[{"url":"http://hl7.org/fhir/StructureDefinition/structuredefinition-wg","valueCode":"oo"},{"url":"http://hl7.org/fhir/StructureDefinition/structuredefinition-standards-status","valueCode":"trial-use"},{"url":"http://hl7.org/fhir/StructureDefinition/structuredefinition-fmm","valueInteger":2}],"url":"http://terminology.hl7.org/CodeSystem/device-status-reason","identifier":[{"system":"urn:ietf:rfc:3986","value":"urn:oid:2.16.840.1.113883.4.642.4.1082"}],"version":"4.0.1","name":"FHIRDeviceStatusReason","title":"FHIRDeviceStatusReason","status":"draft","experimental":false,"date":"2019-11-01T09:29:23+11:00","publisher":"HL7 (FHIR Project)","contact":[{"telecom":[{"system":"url","value":"http://hl7.org/fhir"},{"system":"email","value":"fhir@lists.hl7.org"}]}],"description":"The availability status reason of the device.","caseSensitive":true,"valueSet":"http://hl7.org/fhir/ValueSet/device-status-reason","content":"complete","concept":[{"code":"online","display":"Online","definition":"The device is off."},{"code":"paused","display":"Paused","definition":"The device is paused."},{"code":"standby","display":"Standby","definition":"The device is ready but not actively operating."},{"code":"offline","display":"Offline","definition":"The device is offline."},{"code":"not-ready","display":"Not Ready","definition":"The device is not ready."},{"code":"transduc-discon","display":"Transducer Disconnected","definition":"The device transducer is disconnected."},{"code":"hw-discon","display":"Hardware Disconnected","definition":"The device hardware is disconnected."},{"code":"off","display":"Off","definition":"The device is off."}]}