{"resourceType":"CodeSystem","id":"name-assembly-order","meta":{"lastUpdated":"2019-11-01T09:29:23.356+11:00"},"url":"http://terminology.hl7.org/CodeSystem/name-assembly-order","identifier":[{"system":"urn:ietf:rfc:3986","value":"urn:oid:2.16.840.1.113883.4.642.4.1266"}],"version":"4.0.1","name":"HumanNameAssemblyOrder","title":"HumanNameAssemblyOrder","status":"draft","experimental":false,"date":"2019-11-01T09:29:23+11:00","publisher":"HL7 (FHIR Project)","contact":[{"telecom":[{"system":"url","value":"http://hl7.org/fhir"},{"system":"email","value":"fhir@lists.hl7.org"}]}],"description":"A code that represents the preferred display order of the components of a human name.","caseSensitive":true,"content":"complete","concept":[{"code":"NL1","display":"Own Name"},{"code":"NL2","display":"Partner Name"},{"code":"NL3","display":"Partner Name followed by Maiden Name"},{"code":"NL4","display":"Own Name followed by Partner Name"}]}