{"resourceType":"CodeSystem","id":"chargeitem-billingcodes","meta":{"lastUpdated":"2019-11-01T09:29:23.356+11:00"},"extension":[{"url":"http://hl7.org/fhir/StructureDefinition/structuredefinition-wg","valueCode":"pa"},{"url":"http://hl7.org/fhir/StructureDefinition/structuredefinition-standards-status","valueCode":"draft"},{"url":"http://hl7.org/fhir/StructureDefinition/structuredefinition-fmm","valueInteger":1}],"url":"http://terminology.hl7.org/CodeSystem/chargeitem-billingcodes","identifier":[{"system":"urn:ietf:rfc:3986","value":"urn:oid:2.16.840.1.113883.4.642.4.1257"}],"version":"4.0.1","name":"ChargeItemCode","title":"ChargeItemCode","status":"draft","experimental":false,"date":"2019-11-01T09:29:23+11:00","publisher":"HL7 (FHIR Project)","contact":[{"telecom":[{"system":"url","value":"http://hl7.org/fhir"},{"system":"email","value":"fhir@lists.hl7.org"}]}],"description":"Example set of codes that can be used for billing purposes.","caseSensitive":true,"valueSet":"http://hl7.org/fhir/ValueSet/chargeitem-billingcodes","content":"complete","concept":[{"code":"1100","display":"Unvorhergesehene Inanspruchnahme","definition":"From German EBM billing system:\nUnvorhergesehene Inanspruchnahme des Vertragsarztes durch einen Patienten;zwischen 19:00 und 22:00 Uhr;an Samstagen, Sonntagen und gesetzlichen Feiertagen, am 24.12. und 31.12. zwischen 07:00 und 19:00 Uhr."},{"code":"1210","display":"Notfallpauschale","definition":"From German EBM billing system:\nNotfallpauschale im organisierten Not(-fall)dienst und für nicht an der vertragsärztlichen Versorgung teilnehmende Ärzte, Institute und Krankenhäuser bei Inanspruchnahme;zwischen 07:00 und 19:00 Uhr."},{"code":"1320","display":"Grundpauschale","definition":"From German EBM billing system:\nGrundpauschale für Ärzte, Institute und Krankenhäuser, die zur Erbringung von Leistungen innerhalb mindestens eines der Fachgebiete Anästhesiologie, Frauenheilkunde und Geburtshilfe, Haut- und Geschlechtskrankheiten, Mund-, Kiefer- und Gesichtschirurgie und Humangenetik ermächtigt sind."}]}