{"resourceType":"CodeSystem","id":"v2-0002","meta":{"profile":["http://hl7.org/fhir/StructureDefinition/shareablecodesystem"]},"language":"en","extension":[{"url":"http://hl7.org/fhir/StructureDefinition/structuredefinition-standards-status","valueCode":"external"},{"url":"http://hl7.org/fhir/StructureDefinition/structuredefinition-fmm","valueInteger":0}],"url":"http://terminology.hl7.org/CodeSystem/v2-0002","identifier":[{"system":"urn:ietf:rfc:3986","value":"urn:oid:2.16.840.1.113883.18.179"}],"version":"2.9","name":"v2.0002","title":"v2 MARITAL STATUS","status":"active","experimental":false,"publisher":"HL7, Inc","contact":[{"telecom":[{"system":"url","value":"http://hl7.org"}]}],"description":"FHIR Value set/code system definition for HL7 v2 table 0002 ( MARITAL STATUS)","content":"complete","concept":[{"code":"A","display":"Separated","designation":[{"language":"de","use":{"system":"http://terminology.hl7.org/CodeSystem/designation-usage","code":"display"},"value":"getrennt lebend"},{"language":"nl","use":{"system":"http://terminology.hl7.org/CodeSystem/designation-usage","code":"display"},"value":"Uit elkaar"}]},{"code":"B","display":"Unmarried","designation":[{"language":"de","use":{"system":"http://terminology.hl7.org/CodeSystem/designation-usage","code":"display"},"value":"ledig"},{"language":"nl","use":{"system":"http://terminology.hl7.org/CodeSystem/designation-usage","code":"display"},"value":"Niet getrouwd"}]},{"code":"C","display":"Common law","designation":[{"language":"de","use":{"system":"http://terminology.hl7.org/CodeSystem/designation-usage","code":"display"},"value":"eheähnliche Gemeinschaft"},{"language":"nl","use":{"system":"http://terminology.hl7.org/CodeSystem/designation-usage","code":"display"},"value":"Volgens jurisprudentie"}]},{"code":"D","display":"Divorced","designation":[{"language":"de","use":{"system":"http://terminology.hl7.org/CodeSystem/designation-usage","code":"display"},"value":"geschieden"},{"language":"nl","use":{"system":"http://terminology.hl7.org/CodeSystem/designation-usage","code":"display"},"value":"Gescheiden na huwelijk"}]},{"code":"E","display":"Legally Separated","designation":[{"language":"de","use":{"system":"http://terminology.hl7.org/CodeSystem/designation-usage","code":"display"},"value":"rechtskräftig getrennt"},{"language":"nl","use":{"system":"http://terminology.hl7.org/CodeSystem/designation-usage","code":"display"},"value":"Wettelijk gescheiden"}]},{"code":"G","display":"Living together","designation":[{"language":"de","use":{"system":"http://terminology.hl7.org/CodeSystem/designation-usage","code":"display"},"value":"zusammenlebend"},{"language":"nl","use":{"system":"http://terminology.hl7.org/CodeSystem/designation-usage","code":"display"},"value":"Samenlevend"}]},{"code":"I","display":"Interlocutory","designation":[{"language":"de","use":{"system":"http://terminology.hl7.org/CodeSystem/designation-usage","code":"display"},"value":"---"},{"language":"nl","use":{"system":"http://terminology.hl7.org/CodeSystem/designation-usage","code":"display"},"value":"Tijdelijke overeenkomst"}]},{"code":"M","display":"Married","designation":[{"language":"de","use":{"system":"http://terminology.hl7.org/CodeSystem/designation-usage","code":"display"},"value":"verheiratet"},{"language":"nl","use":{"system":"http://terminology.hl7.org/CodeSystem/designation-usage","code":"display"},"value":"Getrouwd"}]},{"code":"N","display":"Annulled","designation":[{"language":"de","use":{"system":"http://terminology.hl7.org/CodeSystem/designation-usage","code":"display"},"value":"annulliert"},{"language":"nl","use":{"system":"http://terminology.hl7.org/CodeSystem/designation-usage","code":"display"},"value":"Nietig verklaard"}]},{"code":"O","display":"Other","designation":[{"language":"de","use":{"system":"http://terminology.hl7.org/CodeSystem/designation-usage","code":"display"},"value":"sonstiges"},{"language":"nl","use":{"system":"http://terminology.hl7.org/CodeSystem/designation-usage","code":"display"},"value":"Anders"}]},{"code":"P","display":"Domestic partner","designation":[{"language":"de","use":{"system":"http://terminology.hl7.org/CodeSystem/designation-usage","code":"display"},"value":"häuslicher Partner"},{"language":"nl","use":{"system":"http://terminology.hl7.org/CodeSystem/designation-usage","code":"display"},"value":"Huisgenoot"}]},{"code":"R","display":"Registered domestic partner","designation":[{"language":"de","use":{"system":"http://terminology.hl7.org/CodeSystem/designation-usage","code":"display"},"value":"---"},{"language":"nl","use":{"system":"http://terminology.hl7.org/CodeSystem/designation-usage","code":"display"},"value":"Geregistreerd partnerschap"}]},{"code":"S","display":"Single","designation":[{"language":"de","use":{"system":"http://terminology.hl7.org/CodeSystem/designation-usage","code":"display"},"value":"allein lebend"},{"language":"nl","use":{"system":"http://terminology.hl7.org/CodeSystem/designation-usage","code":"display"},"value":"Alleenstaand"}]},{"code":"T","display":"Unreported","designation":[{"language":"de","use":{"system":"http://terminology.hl7.org/CodeSystem/designation-usage","code":"display"},"value":"keine Angabe"},{"language":"nl","use":{"system":"http://terminology.hl7.org/CodeSystem/designation-usage","code":"display"},"value":"Niet vermeld"}]},{"code":"U","display":"Unknown","designation":[{"language":"de","use":{"system":"http://terminology.hl7.org/CodeSystem/designation-usage","code":"display"},"value":"unbekannt"},{"language":"nl","use":{"system":"http://terminology.hl7.org/CodeSystem/designation-usage","code":"display"},"value":"Onbekend"}]},{"code":"W","display":"Widowed","designation":[{"language":"de","use":{"system":"http://terminology.hl7.org/CodeSystem/designation-usage","code":"display"},"value":"verwitwet"},{"language":"nl","use":{"system":"http://terminology.hl7.org/CodeSystem/designation-usage","code":"display"},"value":"Weduwe/weduwnaar"}]}]}