{"resourceType":"CodeSystem","id":"remittance-outcome","meta":{"lastUpdated":"2019-11-01T09:29:23.356+11:00","profile":["http://hl7.org/fhir/StructureDefinition/shareablecodesystem"]},"extension":[{"url":"http://hl7.org/fhir/StructureDefinition/structuredefinition-wg","valueCode":"fm"},{"url":"http://hl7.org/fhir/StructureDefinition/structuredefinition-standards-status","valueCode":"trial-use"},{"url":"http://hl7.org/fhir/StructureDefinition/structuredefinition-fmm","valueInteger":2}],"url":"http://hl7.org/fhir/remittance-outcome","identifier":[{"system":"urn:ietf:rfc:3986","value":"urn:oid:2.16.840.1.113883.4.642.4.14"}],"version":"4.0.1","name":"ClaimProcessingCodes","title":"Claim Processing Codes","status":"draft","experimental":false,"publisher":"FHIR Project team","contact":[{"telecom":[{"system":"url","value":"http://hl7.org/fhir"}]}],"description":"This value set includes Claim Processing Outcome codes.","copyright":"HL7 Inc.","caseSensitive":true,"valueSet":"http://hl7.org/fhir/ValueSet/remittance-outcome","content":"complete","concept":[{"code":"queued","display":"Queued","definition":"The Claim/Pre-authorization/Pre-determination has been received but processing has not begun."},{"code":"complete","display":"Processing Complete","definition":"The processing has completed without errors"},{"code":"error","display":"Error","definition":"One or more errors have been detected in the Claim"},{"code":"partial","display":"Partial Processing","definition":"No errors have been detected in the Claim and some of the adjudication has been performed."}]}