{"resourceType":"CodeSystem","id":"provider-qualification","meta":{"lastUpdated":"2019-11-01T09:29:23.356+11:00","profile":["http://hl7.org/fhir/StructureDefinition/shareablecodesystem"]},"extension":[{"url":"http://hl7.org/fhir/StructureDefinition/structuredefinition-wg","valueCode":"fm"},{"url":"http://hl7.org/fhir/StructureDefinition/structuredefinition-standards-status","valueCode":"draft"},{"url":"http://hl7.org/fhir/StructureDefinition/structuredefinition-fmm","valueInteger":1}],"url":"http://terminology.hl7.org/CodeSystem/ex-providerqualification","identifier":[{"system":"urn:ietf:rfc:3986","value":"urn:oid:2.16.840.1.113883.4.642.4.1160"}],"version":"4.0.1","name":"ExampleProviderQualificationCodes","title":"Example Provider Qualification Codes","status":"draft","experimental":false,"publisher":"Financial Management","contact":[{"telecom":[{"system":"url","value":"http://hl7.org/fhir"}]}],"description":"This value set includes sample Provider Qualification codes.","copyright":"This is an example set.","caseSensitive":true,"valueSet":"http://hl7.org/fhir/ValueSet/provider-qualification","content":"complete","concept":[{"code":"311405","display":"Dentist","definition":"Dentist General Practitioner (DDS, DDM)."},{"code":"604215","display":"Ophthalmologist","definition":"Ophthalmologist."},{"code":"604210","display":"Optometrist","definition":"Optometrist."}]}