{"resourceType":"CodeSystem","id":"composition-altcode-kind","meta":{"lastUpdated":"2019-11-01T09:29:23.356+11:00"},"url":"http://terminology.hl7.org/CodeSystem/composition-altcode-kind","identifier":[{"system":"urn:ietf:rfc:3986","value":"urn:oid:2.16.840.1.113883.4.642.4.1406"}],"version":"4.0.1","name":"AlternativeCodeKind","title":"AlternativeCodeKind","status":"draft","experimental":false,"date":"2019-11-01T09:29:23+11:00","publisher":"HL7 (FHIR Project)","contact":[{"telecom":[{"system":"url","value":"http://hl7.org/fhir"},{"system":"email","value":"fhir@lists.hl7.org"}]}],"description":"Indicates the type of use for which the code is defined.","caseSensitive":true,"valueSet":"http://hl7.org/fhir/ValueSet/composition-altcode-kind","content":"complete","concept":[{"code":"alternate","display":"Alternate Code","definition":"The code is an alternative code that can be used in any of the circumstances that the primary code can be used."},{"code":"deprecated","display":"Deprecated","definition":"The code should no longer be used, but was used in the past."},{"code":"case-insensitive","display":"Case Insensitive","definition":"The code is an alternative to be used when a case insensitive code is required (when the primary codes are case sensitive)."},{"code":"case-sensitive","display":"Case Sensitive","definition":"The code is an alternative to be used when a case sensitive code is required (when the primary codes are case insensitive)."},{"code":"expression","display":"Expression","definition":"The code is an alternative for the primary code that is built using the expression grammar defined by the code system."}]}