{"resourceType":"CodeSystem","id":"request-status","meta":{"lastUpdated":"2019-11-01T09:29:23.356+11:00"},"extension":[{"url":"http://hl7.org/fhir/StructureDefinition/structuredefinition-wg","valueCode":"pc"},{"url":"http://hl7.org/fhir/StructureDefinition/structuredefinition-standards-status","valueCode":"trial-use"},{"url":"http://hl7.org/fhir/StructureDefinition/structuredefinition-fmm","valueInteger":2}],"url":"http://hl7.org/fhir/request-status","identifier":[{"system":"urn:ietf:rfc:3986","value":"urn:oid:2.16.840.1.113883.4.642.4.112"}],"version":"4.0.1","name":"RequestStatus","title":"RequestStatus","status":"draft","experimental":false,"date":"2019-11-01T09:29:23+11:00","publisher":"HL7 (FHIR Project)","contact":[{"telecom":[{"system":"url","value":"http://hl7.org/fhir"},{"system":"email","value":"fhir@lists.hl7.org"}]}],"description":"Codes identifying the lifecycle stage of a request.","caseSensitive":true,"valueSet":"http://hl7.org/fhir/ValueSet/request-status","content":"complete","concept":[{"code":"draft","display":"Draft","definition":"The request has been created but is not yet complete or ready for action."},{"code":"active","display":"Active","definition":"The request is in force and ready to be acted upon."},{"code":"on-hold","display":"On Hold","definition":"The request (and any implicit authorization to act) has been temporarily withdrawn but is expected to resume in the future."},{"code":"revoked","display":"Revoked","definition":"The request (and any implicit authorization to act) has been terminated prior to the known full completion of the intended actions.  No further activity should occur."},{"code":"completed","display":"Completed","definition":"The activity described by the request has been fully performed.  No further activity will occur."},{"code":"entered-in-error","display":"Entered in Error","definition":"This request should never have existed and should be considered 'void'.  (It is possible that real-world decisions were based on it.  If real-world activity has occurred, the status should be \"revoked\" rather than \"entered-in-error\".)."},{"code":"unknown","display":"Unknown","definition":"The authoring/source system does not know which of the status values currently applies for this request.  Note: This concept is not to be used for \"other\" - one of the listed statuses is presumed to apply,  but the authoring/source system does not know which."}]}