{"resourceType":"CodeSystem","id":"product-status","meta":{"lastUpdated":"2019-11-01T09:29:23.356+11:00"},"extension":[{"url":"http://hl7.org/fhir/StructureDefinition/structuredefinition-wg","valueCode":"oo"},{"url":"http://hl7.org/fhir/StructureDefinition/structuredefinition-standards-status","valueCode":"trial-use"},{"url":"http://hl7.org/fhir/StructureDefinition/structuredefinition-fmm","valueInteger":0}],"url":"http://hl7.org/fhir/product-status","identifier":[{"system":"urn:ietf:rfc:3986","value":"urn:oid:2.16.840.1.113883.4.642.4.903"}],"version":"4.0.1","name":"BiologicallyDerivedProductStatus","title":"BiologicallyDerivedProductStatus","status":"draft","experimental":false,"date":"2019-11-01T09:29:23+11:00","publisher":"HL7 (FHIR Project)","contact":[{"telecom":[{"system":"url","value":"http://hl7.org/fhir"},{"system":"email","value":"fhir@lists.hl7.org"}]}],"description":"Biologically Derived Product Status.","caseSensitive":true,"valueSet":"http://hl7.org/fhir/ValueSet/product-status","content":"complete","concept":[{"code":"available","display":"Available","definition":"Product is currently available for use."},{"code":"unavailable","display":"Unavailable","definition":"Product is not currently available for use."}]}