{"resourceType":"CodeSystem","id":"fm-conditions","meta":{"lastUpdated":"2019-11-01T09:29:23.356+11:00","profile":["http://hl7.org/fhir/StructureDefinition/shareablecodesystem"]},"url":"http://hl7.org/fhir/fm-conditions","identifier":[{"system":"urn:ietf:rfc:3986","value":"urn:oid:2.16.840.1.113883.4.642.4.557"}],"version":"4.0.1","name":"FMConditionCodes","title":"FM Condition Codes","status":"draft","experimental":false,"publisher":"Financial Management","contact":[{"telecom":[{"system":"url","value":"http://hl7.org/fhir"}]}],"description":"This value set includes sample Conditions codes.","copyright":"This is an example set.","caseSensitive":true,"valueSet":"http://hl7.org/fhir/ValueSet/fm-conditions","content":"complete","concept":[{"code":"123987","display":"Headache","definition":"Headache"}]}