{"resourceType":"CodeSystem","id":"action-cardinality-behavior","meta":{"lastUpdated":"2019-11-01T09:29:23.356+11:00"},"extension":[{"url":"http://hl7.org/fhir/StructureDefinition/structuredefinition-wg","valueCode":"cds"},{"url":"http://hl7.org/fhir/StructureDefinition/structuredefinition-standards-status","valueCode":"trial-use"},{"url":"http://hl7.org/fhir/StructureDefinition/structuredefinition-fmm","valueInteger":2}],"url":"http://hl7.org/fhir/action-cardinality-behavior","identifier":[{"system":"urn:ietf:rfc:3986","value":"urn:oid:2.16.840.1.113883.4.642.4.808"}],"version":"4.0.1","name":"ActionCardinalityBehavior","title":"ActionCardinalityBehavior","status":"draft","experimental":false,"date":"2019-11-01T09:29:23+11:00","publisher":"HL7 (FHIR Project)","contact":[{"telecom":[{"system":"url","value":"http://hl7.org/fhir"},{"system":"email","value":"fhir@lists.hl7.org"}]}],"description":"Defines behavior for an action or a group for how many times that item may be repeated.","caseSensitive":true,"valueSet":"http://hl7.org/fhir/ValueSet/action-cardinality-behavior","content":"complete","concept":[{"code":"single","display":"Single","definition":"The action may only be selected one time."},{"code":"multiple","display":"Multiple","definition":"The action may be selected multiple times."}]}