{"resourceType":"CodeSystem","id":"synthesis-type","meta":{"lastUpdated":"2019-11-01T09:29:23.356+11:00"},"extension":[{"url":"http://hl7.org/fhir/StructureDefinition/structuredefinition-wg","valueCode":"cds"},{"url":"http://hl7.org/fhir/StructureDefinition/structuredefinition-standards-status","valueCode":"trial-use"},{"url":"http://hl7.org/fhir/StructureDefinition/structuredefinition-fmm","valueInteger":0}],"url":"http://terminology.hl7.org/CodeSystem/synthesis-type","identifier":[{"system":"urn:ietf:rfc:3986","value":"urn:oid:2.16.840.1.113883.4.642.4.1348"}],"version":"4.0.1","name":"SynthesisType","title":"SynthesisType","status":"draft","experimental":false,"date":"2019-11-01T09:29:23+11:00","publisher":"HL7 (FHIR Project)","contact":[{"telecom":[{"system":"url","value":"http://hl7.org/fhir"},{"system":"email","value":"fhir@lists.hl7.org"}]}],"description":"Types of combining results from a body of evidence (eg. summary data meta-analysis).","caseSensitive":true,"valueSet":"http://hl7.org/fhir/ValueSet/synthesis-type","content":"complete","concept":[{"code":"std-MA","display":"summary data meta-analysis","definition":"A meta-analysis of the summary data of estimates from individual studies or data sets."},{"code":"IPD-MA","display":"individual patient data meta-analysis","definition":"A meta-analysis of the individual participant data from individual studies or data sets."},{"code":"indirect-NMA","display":"indirect network meta-analysis","definition":"An indirect meta-analysis derived from 2 or more direct comparisons in a network meta-analysis."},{"code":"combined-NMA","display":"combined direct plus indirect network meta-analysis","definition":"An composite meta-analysis derived from direct comparisons and indirect comparisons in a network meta-analysis."},{"code":"range","display":"range of results","definition":"A range of results across a body of evidence."},{"code":"classification","display":"classifcation of results","definition":"An approach describing a body of evidence by categorically classifying individual studies (eg 3 studies showed beneft and 2 studied found no effect)."}]}