{"resourceType":"CodeSystem","id":"metric-category","meta":{"lastUpdated":"2019-11-01T09:29:23.356+11:00"},"extension":[{"url":"http://hl7.org/fhir/StructureDefinition/structuredefinition-wg","valueCode":"dev"},{"url":"http://hl7.org/fhir/StructureDefinition/structuredefinition-standards-status","valueCode":"trial-use"},{"url":"http://hl7.org/fhir/StructureDefinition/structuredefinition-fmm","valueInteger":1}],"url":"http://hl7.org/fhir/metric-category","identifier":[{"system":"urn:ietf:rfc:3986","value":"urn:oid:2.16.840.1.113883.4.642.4.649"}],"version":"4.0.1","name":"DeviceMetricCategory","title":"DeviceMetricCategory","status":"draft","experimental":false,"date":"2019-11-01T09:29:23+11:00","publisher":"HL7 (FHIR Project)","contact":[{"telecom":[{"system":"url","value":"http://hl7.org/fhir"},{"system":"email","value":"fhir@lists.hl7.org"}]}],"description":"Describes the category of the metric.","caseSensitive":true,"valueSet":"http://hl7.org/fhir/ValueSet/metric-category","content":"complete","concept":[{"code":"measurement","display":"Measurement","definition":"DeviceObservations generated for this DeviceMetric are measured."},{"code":"setting","display":"Setting","definition":"DeviceObservations generated for this DeviceMetric is a setting that will influence the behavior of the Device."},{"code":"calculation","display":"Calculation","definition":"DeviceObservations generated for this DeviceMetric are calculated."},{"code":"unspecified","display":"Unspecified","definition":"The category of this DeviceMetric is unspecified."}]}