{"resourceType":"CodeSystem","id":"adverse-event-category","meta":{"lastUpdated":"2019-11-01T09:29:23.356+11:00"},"extension":[{"url":"http://hl7.org/fhir/StructureDefinition/structuredefinition-wg","valueCode":"pc"},{"url":"http://hl7.org/fhir/StructureDefinition/structuredefinition-standards-status","valueCode":"trial-use"},{"url":"http://hl7.org/fhir/StructureDefinition/structuredefinition-fmm","valueInteger":0}],"url":"http://terminology.hl7.org/CodeSystem/adverse-event-category","identifier":[{"system":"urn:ietf:rfc:3986","value":"urn:oid:2.16.840.1.113883.4.642.4.1251"}],"version":"4.0.1","name":"AdverseEventCategory","title":"AdverseEventCategory","status":"draft","experimental":false,"date":"2019-11-01T09:29:23+11:00","publisher":"HL7 (FHIR Project)","contact":[{"telecom":[{"system":"url","value":"http://hl7.org/fhir"},{"system":"email","value":"fhir@lists.hl7.org"}]}],"description":"Overall categorization of the event, e.g. product-related or situational.","caseSensitive":true,"valueSet":"http://hl7.org/fhir/ValueSet/adverse-event-category","content":"complete","concept":[{"code":"product-problem","display":"Product Problem","definition":"The adverse event pertains to a product problem."},{"code":"product-quality","display":"Product Quality","definition":"The adverse event pertains to product quality."},{"code":"product-use-error","display":"Product Use Error","definition":"The adverse event pertains to a product use error.","concept":[{"code":"wrong-dose","display":"Wrong Dose","definition":"The adverse event pertains to a wrong dose."},{"code":"incorrect-prescribing-information","display":"Incorrect Prescribing Information","definition":"The adverse event pertains to incorrect perscribing information."},{"code":"wrong-technique","display":"Wrong Technique","definition":"The adverse event pertains to a wrong technique."},{"code":"wrong-route-of-administration","display":"Wrong Route of Administration","definition":"The adverse event pertains to a wrong route of administration."},{"code":"wrong-rate","display":"Wrong Rate","definition":"The adverse event pertains to a wrong rate."},{"code":"wrong-duration","display":"Wrong Duration","definition":"The adverse event pertains to a wrong duration."},{"code":"wrong-time","display":"Wrong Time","definition":"The adverse event pertains to a wrong time."},{"code":"expired-drug","display":"Expired Drug","definition":"The adverse event pertains to an expired drug."}]},{"code":"medical-device-use-error","display":"Medical Device Use Error","definition":"The adverse event pertains to a medical device use error."},{"code":"problem-different-manufacturer","display":"Problem with Different Manufacturer of Same Medicine","definition":"The adverse event pertains to a problem with a different manufacturer of the same medication."},{"code":"unsafe-physical-environment","display":"Unsafe Physical Environment","definition":"The adverse event pertains to an unsafe physical environment."}]}