{"resourceType":"CodeSystem","id":"care-plan-activity-status","meta":{"lastUpdated":"2019-11-01T09:29:23.356+11:00"},"extension":[{"url":"http://hl7.org/fhir/StructureDefinition/structuredefinition-wg","valueCode":"pc"},{"url":"http://hl7.org/fhir/StructureDefinition/structuredefinition-standards-status","valueCode":"trial-use"},{"url":"http://hl7.org/fhir/StructureDefinition/structuredefinition-fmm","valueInteger":2}],"url":"http://hl7.org/fhir/care-plan-activity-status","identifier":[{"system":"urn:ietf:rfc:3986","value":"urn:oid:2.16.840.1.113883.4.642.4.147"}],"version":"4.0.1","name":"CarePlanActivityStatus","title":"CarePlanActivityStatus","status":"draft","experimental":false,"date":"2019-11-01T09:29:23+11:00","publisher":"HL7 (FHIR Project)","contact":[{"telecom":[{"system":"url","value":"http://hl7.org/fhir"},{"system":"email","value":"fhir@lists.hl7.org"}]}],"description":"Codes that reflect the current state of a care plan activity within its overall life cycle.","caseSensitive":true,"valueSet":"http://hl7.org/fhir/ValueSet/care-plan-activity-status","content":"complete","concept":[{"code":"not-started","display":"Not Started","definition":"Care plan activity is planned but no action has yet been taken."},{"code":"scheduled","display":"Scheduled","definition":"Appointment or other booking has occurred but activity has not yet begun."},{"code":"in-progress","display":"In Progress","definition":"Care plan activity has been started but is not yet complete."},{"code":"on-hold","display":"On Hold","definition":"Care plan activity was started but has temporarily ceased with an expectation of resumption at a future time."},{"code":"completed","display":"Completed","definition":"Care plan activity has been completed (more or less) as planned."},{"code":"cancelled","display":"Cancelled","definition":"The planned care plan activity has been withdrawn.","concept":[{"code":"stopped","display":"Stopped","definition":"The planned care plan activity has been ended prior to completion after the activity was started."}]},{"code":"unknown","display":"Unknown","definition":"The current state of the care plan activity is not known.  Note: This concept is not to be used for \"other\" - one of the listed statuses is presumed to apply, but the authoring/source system does not know which one."},{"code":"entered-in-error","display":"Entered in Error","definition":"Care plan activity was entered in error and voided."}]}