{"resourceType":"CodeSystem","id":"guide-page-generation","meta":{"lastUpdated":"2019-11-01T09:29:23.356+11:00"},"extension":[{"url":"http://hl7.org/fhir/StructureDefinition/structuredefinition-wg","valueCode":"fhir"},{"url":"http://hl7.org/fhir/StructureDefinition/structuredefinition-standards-status","valueCode":"trial-use"},{"url":"http://hl7.org/fhir/StructureDefinition/structuredefinition-fmm","valueInteger":1}],"url":"http://hl7.org/fhir/guide-page-generation","identifier":[{"system":"urn:ietf:rfc:3986","value":"urn:oid:2.16.840.1.113883.4.642.4.999"}],"version":"4.0.1","name":"GuidePageGeneration","title":"GuidePageGeneration","status":"draft","experimental":false,"date":"2019-11-01T09:29:23+11:00","publisher":"HL7 (FHIR Project)","contact":[{"telecom":[{"system":"url","value":"http://hl7.org/fhir"},{"system":"email","value":"fhir@lists.hl7.org"}]}],"description":"A code that indicates how the page is generated.","caseSensitive":true,"valueSet":"http://hl7.org/fhir/ValueSet/guide-page-generation","content":"complete","concept":[{"code":"html","display":"HTML","definition":"Page is proper xhtml with no templating.  Will be brought across unchanged for standard post-processing."},{"code":"markdown","display":"Markdown","definition":"Page is markdown with templating.  Will use the template to create a file that imports the markdown file prior to post-processing."},{"code":"xml","display":"XML","definition":"Page is xml with templating.  Will use the template to create a file that imports the source file and run the nominated XSLT transform (see parameters) if present prior to post-processing."},{"code":"generated","display":"Generated","definition":"Page will be generated by the publication process - no source to bring across."}]}