{"resourceType":"CodeSystem","id":"action-type","meta":{"lastUpdated":"2019-11-01T09:29:23.356+11:00"},"extension":[{"url":"http://hl7.org/fhir/StructureDefinition/structuredefinition-wg","valueCode":"cds"},{"url":"http://hl7.org/fhir/StructureDefinition/structuredefinition-standards-status","valueCode":"trial-use"},{"url":"http://hl7.org/fhir/StructureDefinition/structuredefinition-fmm","valueInteger":2}],"url":"http://terminology.hl7.org/CodeSystem/action-type","identifier":[{"system":"urn:ietf:rfc:3986","value":"urn:oid:2.16.840.1.113883.4.642.4.1246"}],"version":"4.0.1","name":"ActionType","title":"ActionType","status":"draft","experimental":false,"date":"2019-11-01T09:29:23+11:00","publisher":"HL7 (FHIR Project)","contact":[{"telecom":[{"system":"url","value":"http://hl7.org/fhir"},{"system":"email","value":"fhir@lists.hl7.org"}]}],"description":"The type of action to be performed.","caseSensitive":true,"valueSet":"http://hl7.org/fhir/ValueSet/action-type","content":"complete","concept":[{"code":"create","display":"Create","definition":"The action is to create a new resource."},{"code":"update","display":"Update","definition":"The action is to update an existing resource."},{"code":"remove","display":"Remove","definition":"The action is to remove an existing resource."},{"code":"fire-event","display":"Fire Event","definition":"The action is to fire a specific event."}]}