{"resourceType":"CodeSystem","id":"imagingstudy-status","meta":{"lastUpdated":"2019-11-01T09:29:23.356+11:00"},"extension":[{"url":"http://hl7.org/fhir/StructureDefinition/structuredefinition-wg","valueCode":"ii"},{"url":"http://hl7.org/fhir/StructureDefinition/structuredefinition-standards-status","valueCode":"trial-use"},{"url":"http://hl7.org/fhir/StructureDefinition/structuredefinition-fmm","valueInteger":3}],"url":"http://hl7.org/fhir/imagingstudy-status","identifier":[{"system":"urn:ietf:rfc:3986","value":"urn:oid:2.16.840.1.113883.4.642.4.991"}],"version":"4.0.1","name":"ImagingStudyStatus","title":"ImagingStudyStatus","status":"draft","experimental":false,"date":"2019-11-01T09:29:23+11:00","publisher":"HL7 (FHIR Project)","contact":[{"telecom":[{"system":"url","value":"http://hl7.org/fhir"},{"system":"email","value":"fhir@lists.hl7.org"}]}],"description":"The status of the ImagingStudy.","caseSensitive":true,"valueSet":"http://hl7.org/fhir/ValueSet/imagingstudy-status","content":"complete","concept":[{"code":"registered","display":"Registered","definition":"The existence of the imaging study is registered, but there is nothing yet available."},{"code":"available","display":"Available","definition":"At least one instance has been associated with this imaging study."},{"code":"cancelled","display":"Cancelled","definition":"The imaging study is unavailable because the imaging study was not started or not completed (also sometimes called \"aborted\")."},{"code":"entered-in-error","display":"Entered in Error","definition":"The imaging study has been withdrawn following a previous final release.  This electronic record should never have existed, though it is possible that real-world decisions were based on it. (If real-world activity has occurred, the status should be \"cancelled\" rather than \"entered-in-error\".)."},{"code":"unknown","display":"Unknown","definition":"The system does not know which of the status values currently applies for this request. Note: This concept is not to be used for \"other\" - one of the listed statuses is presumed to apply, it's just not known which one."}]}