{"resourceType":"CodeSystem","id":"contract-decision-mode","meta":{"lastUpdated":"2019-11-01T09:29:23.356+11:00","profile":["http://hl7.org/fhir/StructureDefinition/shareablecodesystem"]},"extension":[{"url":"http://hl7.org/fhir/StructureDefinition/structuredefinition-wg","valueCode":"fm"},{"url":"http://hl7.org/fhir/StructureDefinition/structuredefinition-standards-status","valueCode":"draft"},{"url":"http://hl7.org/fhir/StructureDefinition/structuredefinition-fmm","valueInteger":1}],"url":"http://hl7.org/fhir/contract-decision-mode","identifier":[{"system":"urn:ietf:rfc:3986","value":"urn:oid:2.16.840.1.113883.4.642.4.1292"}],"version":"4.0.1","name":"ContractResourceDecisionModeCodes","title":"Contract Resource Decision Mode codes","status":"draft","experimental":false,"publisher":"Financial Management","contact":[{"name":"FHIR project team","telecom":[{"system":"url","value":"http://hl7.org/fhir"}]},{"telecom":[{"system":"url","value":"http://hl7.org/fhir"}]}],"description":"This value set contract specific codes for decision modes.","copyright":"HL7 International.","caseSensitive":true,"valueSet":"http://hl7.org/fhir/ValueSet/contract-decision-mode","content":"complete","concept":[{"code":"policy","display":"Policy","definition":"To be completed"}]}