{"resourceType":"CodeSystem","id":"note-type","meta":{"lastUpdated":"2019-11-01T09:29:23.356+11:00"},"extension":[{"url":"http://hl7.org/fhir/StructureDefinition/structuredefinition-wg","valueCode":"fm"},{"url":"http://hl7.org/fhir/StructureDefinition/structuredefinition-standards-status","valueCode":"trial-use"},{"url":"http://hl7.org/fhir/StructureDefinition/structuredefinition-fmm","valueInteger":2}],"url":"http://hl7.org/fhir/note-type","identifier":[{"system":"urn:ietf:rfc:3986","value":"urn:oid:2.16.840.1.113883.4.642.4.16"}],"version":"4.0.1","name":"NoteType","title":"NoteType","status":"draft","experimental":false,"date":"2019-11-01T09:29:23+11:00","description":"The presentation types of notes.","caseSensitive":true,"valueSet":"http://hl7.org/fhir/ValueSet/note-type","content":"complete","concept":[{"code":"display","display":"Display","definition":"Display the note."},{"code":"print","display":"Print (Form)","definition":"Print the note on the form."},{"code":"printoper","display":"Print (Operator)","definition":"Print the note for the operator."}]}