{"resourceType":"CodeSystem","id":"supplyrequest-reason","meta":{"lastUpdated":"2019-11-01T09:29:23.356+11:00"},"extension":[{"url":"http://hl7.org/fhir/StructureDefinition/structuredefinition-wg","valueCode":"oo"},{"url":"http://hl7.org/fhir/StructureDefinition/structuredefinition-standards-status","valueCode":"draft"},{"url":"http://hl7.org/fhir/StructureDefinition/structuredefinition-fmm","valueInteger":1}],"url":"http://terminology.hl7.org/CodeSystem/supplyrequest-reason","identifier":[{"system":"urn:ietf:rfc:3986","value":"urn:oid:2.16.840.1.113883.4.642.4.1193"}],"version":"4.0.1","name":"SupplyRequestReason","title":"SupplyRequestReason","status":"draft","experimental":false,"date":"2019-11-01T09:29:23+11:00","publisher":"HL7 (FHIR Project)","contact":[{"telecom":[{"system":"url","value":"http://hl7.org/fhir"},{"system":"email","value":"fhir@lists.hl7.org"}]}],"description":"The reason why the supply item was requested.","caseSensitive":true,"valueSet":"http://hl7.org/fhir/ValueSet/supplyrequest-reason","content":"complete","concept":[{"code":"patient-care","display":"Patient Care","definition":"The supply has been requested for use in direct patient care."},{"code":"ward-stock","display":"Ward Stock","definition":"The supply has been requested for creating or replenishing ward stock."}]}