{"resourceType":"CodeSystem","id":"immunization-subpotent-reason","meta":{"lastUpdated":"2019-11-01T09:29:23.356+11:00","profile":["http://hl7.org/fhir/StructureDefinition/shareablecodesystem"]},"extension":[{"url":"http://hl7.org/fhir/StructureDefinition/structuredefinition-wg","valueCode":"pher"},{"url":"http://hl7.org/fhir/StructureDefinition/structuredefinition-standards-status","valueCode":"draft"},{"url":"http://hl7.org/fhir/StructureDefinition/structuredefinition-fmm","valueInteger":1}],"url":"http://terminology.hl7.org/CodeSystem/immunization-subpotent-reason","identifier":[{"system":"urn:ietf:rfc:3986","value":"urn:oid:2.16.840.1.113883.4.642.4.1098"}],"version":"4.0.1","name":"ImmunizationSubpotentReason","title":"Immunization Subpotent Reason","status":"draft","experimental":false,"publisher":"FHIR Project team","contact":[{"telecom":[{"system":"url","value":"http://www.hl7.org/Special/committees/pher/index.cfm"}]}],"description":"The value set to instantiate this attribute should be drawn from a terminologically robust code system that consists of or contains concepts to support describing the reason why a dose is considered to be subpotent. This value set is provided as a suggestive example.","caseSensitive":true,"valueSet":"http://hl7.org/fhir/ValueSet/immunization-subpotent-reason","content":"complete","concept":[{"code":"partial","display":"Partial Dose","definition":"The full volume of the dose was not administered to the patient."},{"code":"coldchainbreak","display":"Cold Chain Break","definition":"The vaccine experienced a cold chain break."},{"code":"recall","display":"Manufacturer Recall","definition":"The vaccine was recalled by the manufacturer."}]}