{"resourceType":"CodeSystem","id":"media-modality","meta":{"lastUpdated":"2019-11-01T09:29:23.356+11:00","profile":["http://hl7.org/fhir/StructureDefinition/shareablecodesystem"]},"extension":[{"url":"http://hl7.org/fhir/StructureDefinition/structuredefinition-wg","valueCode":"oo"},{"url":"http://hl7.org/fhir/StructureDefinition/structuredefinition-standards-status","valueCode":"draft"},{"url":"http://hl7.org/fhir/StructureDefinition/structuredefinition-fmm","valueInteger":1}],"url":"http://terminology.hl7.org/CodeSystem/media-modality","identifier":[{"system":"urn:ietf:rfc:3986","value":"urn:oid:2.16.840.1.113883.4.642.4.1109"}],"version":"4.0.1","name":"MediaModality","title":"Media Modality","status":"draft","experimental":false,"publisher":"FHIR Project team","contact":[{"telecom":[{"system":"url","value":"http://hl7.org/fhir"}]}],"description":"Detailed information about the type of the image - its kind, purpose, or the kind of equipment used to generate it.","copyright":"This resource includes content from the Digital Imaging and Communications in Medicine (DICOM) Standard, Copyright 2011 by the National Electrical Manufacturers Association","caseSensitive":true,"content":"complete","concept":[{"code":"diagram","display":"Diagram","definition":"A diagram. Often used in diagnostic reports"},{"code":"fax","display":"Fax","definition":"A digital record of a fax document"},{"code":"scan","display":"Scanned Document","definition":"A digital scan of a document. This is reserved for when there is not enough metadata to create a document reference"},{"code":"retina","display":"Retina Scan","definition":"A retinal image used for identification purposes"},{"code":"fingerprint","display":"Fingerprint","definition":"A finger print scan used for identification purposes"},{"code":"iris","display":"Iris Scan","definition":"An iris scan used for identification purposes"},{"code":"palm","display":"Palm Scan","definition":"A palm scan used for identification purposes"},{"code":"face","display":"Face Scan","definition":"A face scan used for identification purposes"}]}