{"resourceType":"CodeSystem","id":"definition-topic","meta":{"lastUpdated":"2019-11-01T09:29:23.356+11:00"},"extension":[{"url":"http://hl7.org/fhir/StructureDefinition/structuredefinition-wg","valueCode":"cds"},{"url":"http://hl7.org/fhir/StructureDefinition/structuredefinition-standards-status","valueCode":"draft"},{"url":"http://hl7.org/fhir/StructureDefinition/structuredefinition-fmm","valueInteger":1}],"url":"http://terminology.hl7.org/CodeSystem/definition-topic","identifier":[{"system":"urn:ietf:rfc:3986","value":"urn:oid:2.16.840.1.113883.4.642.4.1244"}],"version":"4.0.1","name":"DefinitionTopic","title":"DefinitionTopic","status":"draft","experimental":false,"date":"2019-11-01T09:29:23+11:00","publisher":"HL7 (FHIR Project)","contact":[{"telecom":[{"system":"url","value":"http://hl7.org/fhir"},{"system":"email","value":"fhir@lists.hl7.org"}]}],"description":"High-level categorization of the definition, used for searching, sorting, and filtering.","caseSensitive":true,"valueSet":"http://hl7.org/fhir/ValueSet/definition-topic","content":"complete","concept":[{"code":"treatment","display":"Treatment","definition":"The definition is related to treatment of the patient."},{"code":"education","display":"Education","definition":"The definition is related to education of the patient."},{"code":"assessment","display":"Assessment","definition":"The definition is related to assessment of the patient."}]}