{"resourceType":"CodeSystem","id":"medication-statement-status","meta":{"lastUpdated":"2019-11-01T09:29:23.356+11:00","profile":["http://hl7.org/fhir/StructureDefinition/shareablecodesystem"]},"extension":[{"url":"http://hl7.org/fhir/StructureDefinition/structuredefinition-wg","valueCode":"phx"},{"url":"http://hl7.org/fhir/StructureDefinition/structuredefinition-standards-status","valueCode":"trial-use"},{"url":"http://hl7.org/fhir/StructureDefinition/structuredefinition-fmm","valueInteger":3}],"url":"http://hl7.org/fhir/CodeSystem/medication-statement-status","identifier":[{"system":"urn:ietf:rfc:3986","value":"urn:oid:2.16.840.1.113883.4.642.4.1379"}],"version":"4.0.1","name":"Medication Status Codes","title":"Medication  status  codes","status":"draft","experimental":false,"publisher":"FHIR Project team","contact":[{"telecom":[{"system":"url","value":"http://hl7.org/fhir"}]}],"description":"Medication Status Codes","caseSensitive":true,"valueSet":"http://hl7.org/fhir/ValueSet/medication-statement-status","content":"complete","concept":[{"code":"active","display":"Active","definition":"The medication is still being taken."},{"code":"completed","display":"Completed","definition":"The medication is no longer being taken."},{"code":"entered-in-error","display":"Entered in Error","definition":"Some of the actions that are implied by the medication statement may have occurred.  For example, the patient may have taken some of the medication.  Clinical decision support systems should take this status into account."},{"code":"intended","display":"Intended","definition":"The medication may be taken at some time in the future."},{"code":"stopped","display":"Stopped","definition":"Actions implied by the statement have been permanently halted, before all of them occurred. This should not be used if the statement was entered in error."},{"code":"on-hold","display":"On Hold","definition":"Actions implied by the statement have been temporarily halted, but are expected to continue later. May also be called 'suspended'."},{"code":"unknown","display":"Unknown","definition":"The state of the medication use is not currently known."},{"code":"not-taken","display":"Not Taken","definition":"The medication was not consumed by the patient"}]}