{"resourceType":"CodeSystem","id":"claim-careteamrole","meta":{"lastUpdated":"2019-11-01T09:29:23.356+11:00","profile":["http://hl7.org/fhir/StructureDefinition/shareablecodesystem"]},"extension":[{"url":"http://hl7.org/fhir/StructureDefinition/structuredefinition-wg","valueCode":"fm"},{"url":"http://hl7.org/fhir/StructureDefinition/structuredefinition-standards-status","valueCode":"draft"},{"url":"http://hl7.org/fhir/StructureDefinition/structuredefinition-fmm","valueInteger":1}],"url":"http://terminology.hl7.org/CodeSystem/claimcareteamrole","identifier":[{"system":"urn:ietf:rfc:3986","value":"urn:oid:2.16.840.1.113883.4.642.4.1165"}],"version":"4.0.1","name":"ClaimCareTeamRoleCodes","title":"Claim Care Team Role Codes","status":"draft","experimental":false,"publisher":"Financial Management","contact":[{"telecom":[{"system":"url","value":"http://hl7.org/fhir"}]}],"description":"This value set includes sample Claim Care Team Role codes.","copyright":"This is an example set.","caseSensitive":true,"valueSet":"http://hl7.org/fhir/ValueSet/claim-careteamrole","content":"complete","concept":[{"code":"primary","display":"Primary provider","definition":"The primary care provider."},{"code":"assist","display":"Assisting Provider","definition":"Assisting care provider."},{"code":"supervisor","display":"Supervising Provider","definition":"Supervising care provider."},{"code":"other","display":"Other","definition":"Other role on the care team."}]}