{"resourceType":"CodeSystem","id":"message-significance-category","meta":{"lastUpdated":"2019-11-01T09:29:23.356+11:00"},"extension":[{"url":"http://hl7.org/fhir/StructureDefinition/structuredefinition-wg","valueCode":"inm"},{"url":"http://hl7.org/fhir/StructureDefinition/structuredefinition-standards-status","valueCode":"trial-use"},{"url":"http://hl7.org/fhir/StructureDefinition/structuredefinition-fmm","valueInteger":1}],"url":"http://hl7.org/fhir/message-significance-category","identifier":[{"system":"urn:ietf:rfc:3986","value":"urn:oid:2.16.840.1.113883.4.642.4.189"}],"version":"4.0.1","name":"MessageSignificanceCategory","title":"MessageSignificanceCategory","status":"draft","experimental":false,"date":"2019-11-01T09:29:23+11:00","publisher":"HL7 (FHIR Project)","contact":[{"telecom":[{"system":"url","value":"http://hl7.org/fhir"},{"system":"email","value":"fhir@lists.hl7.org"}]}],"description":"The impact of the content of a message.","caseSensitive":true,"valueSet":"http://hl7.org/fhir/ValueSet/message-significance-category","content":"complete","concept":[{"code":"consequence","display":"Consequence","definition":"The message represents/requests a change that should not be processed more than once; e.g., making a booking for an appointment."},{"code":"currency","display":"Currency","definition":"The message represents a response to query for current information. Retrospective processing is wrong and/or wasteful."},{"code":"notification","display":"Notification","definition":"The content is not necessarily intended to be current, and it can be reprocessed, though there may be version issues created by processing old notifications."}]}