{"resourceType":"CodeSystem","id":"operation-parameter-use","meta":{"lastUpdated":"2019-11-01T09:29:23.356+11:00"},"extension":[{"url":"http://hl7.org/fhir/StructureDefinition/structuredefinition-wg","valueCode":"fhir"},{"url":"http://hl7.org/fhir/StructureDefinition/structuredefinition-standards-status","valueCode":"normative"},{"url":"http://hl7.org/fhir/StructureDefinition/structuredefinition-fmm","valueInteger":5},{"url":"http://hl7.org/fhir/StructureDefinition/structuredefinition-normative-version","valueCode":"4.0.0"}],"url":"http://hl7.org/fhir/operation-parameter-use","identifier":[{"system":"urn:ietf:rfc:3986","value":"urn:oid:2.16.840.1.113883.4.642.4.509"}],"version":"4.0.1","name":"OperationParameterUse","title":"OperationParameterUse","status":"active","experimental":false,"date":"2019-11-01T09:29:23+11:00","publisher":"HL7 (FHIR Project)","contact":[{"telecom":[{"system":"url","value":"http://hl7.org/fhir"},{"system":"email","value":"fhir@lists.hl7.org"}]}],"description":"Whether an operation parameter is an input or an output parameter.","caseSensitive":true,"valueSet":"http://hl7.org/fhir/ValueSet/operation-parameter-use","content":"complete","concept":[{"code":"in","display":"In","definition":"This is an input parameter."},{"code":"out","display":"Out","definition":"This is an output parameter."}]}