{"resourceType":"CodeSystem","id":"action-required-behavior","meta":{"lastUpdated":"2019-11-01T09:29:23.356+11:00"},"extension":[{"url":"http://hl7.org/fhir/StructureDefinition/structuredefinition-wg","valueCode":"cds"},{"url":"http://hl7.org/fhir/StructureDefinition/structuredefinition-standards-status","valueCode":"trial-use"},{"url":"http://hl7.org/fhir/StructureDefinition/structuredefinition-fmm","valueInteger":2}],"url":"http://hl7.org/fhir/action-required-behavior","identifier":[{"system":"urn:ietf:rfc:3986","value":"urn:oid:2.16.840.1.113883.4.642.4.804"}],"version":"4.0.1","name":"ActionRequiredBehavior","title":"ActionRequiredBehavior","status":"draft","experimental":false,"date":"2019-11-01T09:29:23+11:00","publisher":"HL7 (FHIR Project)","contact":[{"telecom":[{"system":"url","value":"http://hl7.org/fhir"},{"system":"email","value":"fhir@lists.hl7.org"}]}],"description":"Defines expectations around whether an action or action group is required.","caseSensitive":true,"valueSet":"http://hl7.org/fhir/ValueSet/action-required-behavior","content":"complete","concept":[{"code":"must","display":"Must","definition":"An action with this behavior must be included in the actions processed by the end user; the end user SHALL NOT choose not to include this action."},{"code":"could","display":"Could","definition":"An action with this behavior may be included in the set of actions processed by the end user."},{"code":"must-unless-documented","display":"Must Unless Documented","definition":"An action with this behavior must be included in the set of actions processed by the end user, unless the end user provides documentation as to why the action was not included."}]}