{"resourceType":"CodeSystem","id":"communication-topic","meta":{"lastUpdated":"2019-11-01T09:29:23.356+11:00"},"extension":[{"url":"http://hl7.org/fhir/StructureDefinition/structuredefinition-wg","valueCode":"pc"},{"url":"http://hl7.org/fhir/StructureDefinition/structuredefinition-standards-status","valueCode":"draft"},{"url":"http://hl7.org/fhir/StructureDefinition/structuredefinition-fmm","valueInteger":1}],"url":"http://terminology.hl7.org/CodeSystem/communication-topic","identifier":[{"system":"urn:ietf:rfc:3986","value":"urn:oid:2.16.840.1.113883.4.642.4.1078"}],"version":"4.0.1","name":"CommunicationTopic","title":"CommunicationTopic","status":"draft","experimental":false,"date":"2019-11-01T09:29:23+11:00","publisher":"HL7 (FHIR Project)","contact":[{"telecom":[{"system":"url","value":"http://hl7.org/fhir"},{"system":"email","value":"fhir@lists.hl7.org"}]}],"description":"Codes describing the purpose or content of the communication.","caseSensitive":true,"valueSet":"http://hl7.org/fhir/ValueSet/communication-topic","content":"complete","concept":[{"code":"prescription-refill-request","display":"Prescription Refill Request","definition":"The purpose or content of the communication is a prescription refill request."},{"code":"progress-update","display":"Progress Update","definition":"The purpose or content of the communication is a progress update."},{"code":"report-labs","display":"Report Labs","definition":"The purpose or content of the communication is to report labs."},{"code":"appointment-reminder","display":"Appointment Reminder","definition":"The purpose or content of the communication is an appointment reminder."},{"code":"phone-consult","display":"Phone Consult","definition":"The purpose or content of the communication is a phone consult."},{"code":"summary-report","display":"Summary Report","definition":"The purpose or content of the communication is a summary report."}]}