{"resourceType":"CodeSystem","id":"rejection-criteria","meta":{"lastUpdated":"2019-11-01T09:29:23.356+11:00"},"extension":[{"url":"http://hl7.org/fhir/StructureDefinition/structuredefinition-wg","valueCode":"oo"},{"url":"http://hl7.org/fhir/StructureDefinition/structuredefinition-standards-status","valueCode":"draft"},{"url":"http://hl7.org/fhir/StructureDefinition/structuredefinition-fmm","valueInteger":1}],"url":"http://terminology.hl7.org/CodeSystem/rejection-criteria","identifier":[{"system":"urn:ietf:rfc:3986","value":"urn:oid:2.16.840.1.113883.4.642.4.1260"}],"version":"4.0.1","name":"RejectionCriterion","title":"RejectionCriterion","status":"draft","experimental":false,"date":"2019-11-01T09:29:23+11:00","publisher":"HL7 (FHIR Project)","contact":[{"telecom":[{"system":"url","value":"http://hl7.org/fhir"},{"system":"email","value":"fhir@lists.hl7.org"}]}],"description":"Criterion for rejection of the specimen by laboratory.","caseSensitive":true,"valueSet":"http://hl7.org/fhir/ValueSet/rejection-criteria","content":"complete","concept":[{"code":"hemolized","display":"hemolized specimen","definition":"blood specimen hemolized."},{"code":"insufficient","display":"insufficient specimen volume","definition":"insufficient quantity of specimen."},{"code":"broken","display":"broken specimen container","definition":"specimen container broken."},{"code":"clotted","display":"specimen clotted","definition":"specimen clotted."},{"code":"wrong-temperature","display":"specimen temperature inappropriate","definition":"specimen temperature inappropriate."}]}