{"resourceType":"CodeSystem","id":"asset-availability","meta":{"lastUpdated":"2019-11-01T09:29:23.356+11:00","profile":["http://hl7.org/fhir/StructureDefinition/shareablecodesystem"]},"extension":[{"url":"http://hl7.org/fhir/StructureDefinition/structuredefinition-wg","valueCode":"fm"},{"url":"http://hl7.org/fhir/StructureDefinition/structuredefinition-standards-status","valueCode":"draft"},{"url":"http://hl7.org/fhir/StructureDefinition/structuredefinition-fmm","valueInteger":1}],"url":"http://hl7.org/fhir/asset-availability","identifier":[{"system":"urn:ietf:rfc:3986","value":"urn:oid:2.16.840.1.113883.4.642.4.1296"}],"version":"4.0.1","name":"ContractResourceAssetAvailiabilityCodes","title":"Contract Resource Asset Availiability codes","status":"draft","experimental":false,"publisher":"Financial Management","contact":[{"name":"FHIR project team","telecom":[{"system":"url","value":"http://hl7.org/fhir"}]},{"telecom":[{"system":"url","value":"http://hl7.org/fhir"}]}],"description":"This value set has asset availability codes.","copyright":"HL7 International.","caseSensitive":true,"valueSet":"http://hl7.org/fhir/ValueSet/asset-availability","content":"complete","concept":[{"code":"lease","display":"Lease","definition":"To be completed"}]}