{"resourceType":"CodeSystem","id":"allergy-intolerance-criticality","meta":{"lastUpdated":"2019-11-01T09:29:23.356+11:00"},"extension":[{"url":"http://hl7.org/fhir/StructureDefinition/structuredefinition-wg","valueCode":"pc"},{"url":"http://hl7.org/fhir/StructureDefinition/structuredefinition-standards-status","valueCode":"trial-use"},{"url":"http://hl7.org/fhir/StructureDefinition/structuredefinition-fmm","valueInteger":3}],"url":"http://hl7.org/fhir/allergy-intolerance-criticality","identifier":[{"system":"urn:ietf:rfc:3986","value":"urn:oid:2.16.840.1.113883.4.642.4.130"}],"version":"4.0.1","name":"AllergyIntoleranceCriticality","title":"AllergyIntoleranceCriticality","status":"draft","experimental":false,"date":"2019-11-01T09:29:23+11:00","publisher":"HL7 (FHIR Project)","contact":[{"telecom":[{"system":"url","value":"http://hl7.org/fhir"},{"system":"email","value":"fhir@lists.hl7.org"}]}],"description":"Estimate of the potential clinical harm, or seriousness, of a reaction to an identified substance.","caseSensitive":true,"valueSet":"http://hl7.org/fhir/ValueSet/allergy-intolerance-criticality","content":"complete","concept":[{"code":"low","display":"Low Risk","definition":"Worst case result of a future exposure is not assessed to be life-threatening or having high potential for organ system failure."},{"code":"high","display":"High Risk","definition":"Worst case result of a future exposure is assessed to be life-threatening or having high potential for organ system failure."},{"code":"unable-to-assess","display":"Unable to Assess Risk","definition":"Unable to assess the worst case result of a future exposure."}]}