{"resourceType":"CodeSystem","id":"substance-status","meta":{"lastUpdated":"2019-11-01T09:29:23.356+11:00"},"extension":[{"url":"http://hl7.org/fhir/StructureDefinition/structuredefinition-wg","valueCode":"oo"},{"url":"http://hl7.org/fhir/StructureDefinition/structuredefinition-standards-status","valueCode":"trial-use"},{"url":"http://hl7.org/fhir/StructureDefinition/structuredefinition-fmm","valueInteger":2}],"url":"http://hl7.org/fhir/substance-status","identifier":[{"system":"urn:ietf:rfc:3986","value":"urn:oid:2.16.840.1.113883.4.642.4.475"}],"version":"4.0.1","name":"FHIRSubstanceStatus","title":"FHIRSubstanceStatus","status":"draft","experimental":false,"date":"2019-11-01T09:29:23+11:00","publisher":"HL7 (FHIR Project)","contact":[{"telecom":[{"system":"url","value":"http://hl7.org/fhir"},{"system":"email","value":"fhir@lists.hl7.org"}]}],"description":"A code to indicate if the substance is actively used.","caseSensitive":true,"valueSet":"http://hl7.org/fhir/ValueSet/substance-status","content":"complete","concept":[{"code":"active","display":"Active","definition":"The substance is considered for use or reference."},{"code":"inactive","display":"Inactive","definition":"The substance is considered for reference, but not for use."},{"code":"entered-in-error","display":"Entered in Error","definition":"The substance was entered in error."}]}