{"resourceType":"CodeSystem","id":"evidence-quality","meta":{"lastUpdated":"2019-11-01T09:29:23.356+11:00"},"extension":[{"url":"http://hl7.org/fhir/StructureDefinition/structuredefinition-wg","valueCode":"cds"},{"url":"http://hl7.org/fhir/StructureDefinition/structuredefinition-standards-status","valueCode":"trial-use"},{"url":"http://hl7.org/fhir/StructureDefinition/structuredefinition-fmm","valueInteger":0}],"url":"http://terminology.hl7.org/CodeSystem/evidence-quality","identifier":[{"system":"urn:ietf:rfc:3986","value":"urn:oid:2.16.840.1.113883.4.642.4.1267"}],"version":"4.0.1","name":"QualityOfEvidenceRating","title":"QualityOfEvidenceRating","status":"draft","experimental":false,"date":"2019-11-01T09:29:23+11:00","publisher":"HL7 (FHIR Project)","contact":[{"telecom":[{"system":"url","value":"http://hl7.org/fhir"},{"system":"email","value":"fhir@lists.hl7.org"}]}],"description":"A rating system that describes the quality of evidence such as the GRADE, DynaMed, or Oxford CEBM systems.","caseSensitive":true,"valueSet":"http://hl7.org/fhir/ValueSet/evidence-quality","content":"complete","concept":[{"code":"high","display":"High quality","definition":"High quality evidence."},{"code":"moderate","display":"Moderate quality","definition":"Moderate quality evidence."},{"code":"low","display":"Low quality","definition":"Low quality evidence."},{"code":"very-low","display":"Very low quality","definition":"Very low quality evidence."}]}