{"resourceType":"CodeSystem","id":"v2-0034","meta":{"profile":["http://hl7.org/fhir/StructureDefinition/shareablecodesystem"]},"language":"en","extension":[{"url":"http://hl7.org/fhir/StructureDefinition/structuredefinition-standards-status","valueCode":"external"},{"url":"http://hl7.org/fhir/StructureDefinition/structuredefinition-fmm","valueInteger":0}],"url":"http://terminology.hl7.org/CodeSystem/v2-0034","identifier":[{"system":"urn:ietf:rfc:3986","value":"urn:oid:2.16.840.1.113883.18.17"}],"version":"2.9","name":"v2.0034","title":"v2 SITE ADMINISTERED","status":"active","experimental":false,"publisher":"HL7, Inc","contact":[{"telecom":[{"system":"url","value":"http://hl7.org"}]}],"description":"FHIR Value set/code system definition for HL7 v2 table 0034 ( SITE ADMINISTERED)","content":"complete","property":[{"code":"status","uri":"http://hl7.org/fhir/concept-properties#status","description":"A property that indicates the status of the concept. One of active, experimental, deprecated, retired","type":"code"},{"code":"deprecationDate","uri":"http://hl7.org/fhir/concept-properties#deprecationDate","description":"The date at which a concept was deprecated. Concepts that are deprecated but not inactive can still be used, but their use is discouraged","type":"dateTime"}],"concept":[{"code":"B","display":"Buttock","designation":[{"language":"de","use":{"system":"http://terminology.hl7.org/CodeSystem/designation-usage","code":"display"},"value":"Gesäß"},{"language":"nl","use":{"system":"http://terminology.hl7.org/CodeSystem/designation-usage","code":"display"},"value":"Bil"}],"property":[{"code":"status","valueCode":"deprecated"},{"code":"deprecationDate","valueDateTime":"1990-01"}]},{"code":"L","display":"Left arm","designation":[{"language":"de","use":{"system":"http://terminology.hl7.org/CodeSystem/designation-usage","code":"display"},"value":"linker Arm"},{"language":"nl","use":{"system":"http://terminology.hl7.org/CodeSystem/designation-usage","code":"display"},"value":"Linker arm"}],"property":[{"code":"status","valueCode":"deprecated"},{"code":"deprecationDate","valueDateTime":"1990-01"}]}]}