{"resourceType":"CodeSystem","id":"oral-prosthodontic-material","meta":{"lastUpdated":"2019-11-01T09:29:23.356+11:00","profile":["http://hl7.org/fhir/StructureDefinition/shareablecodesystem"]},"url":"http://hl7.org/fhir/ex-oralprostho","identifier":[{"system":"urn:ietf:rfc:3986","value":"urn:oid:2.16.840.1.113883.4.642.4.539"}],"version":"4.0.1","name":"OralProsthoMaterialTypeCodes","title":"Oral Prostho Material type Codes","status":"draft","experimental":false,"publisher":"Financial Management","contact":[{"telecom":[{"system":"url","value":"http://hl7.org/fhir"}]}],"description":"This value set includes sample Oral Prosthodontic Material type codes.","copyright":"This is an example set.","caseSensitive":true,"valueSet":"http://hl7.org/fhir/ValueSet/oral-prosthodontic-material","content":"complete","concept":[{"code":"1","display":"Fixed Bridge","definition":"Fixed Bridge"},{"code":"2","display":"Maryland Bridge","definition":"Maryland Bridge"},{"code":"3","display":"Denture Acrylic","definition":"Denture Acrylic"},{"code":"4","display":"Denture Chrome Cobalt","definition":"Denture Chrome Cobalt"}]}