<?xml version="1.0" encoding="UTF-8"?>
<ValueSet xmlns="http://hl7.org/fhir">
	<meta>
		<profile
			value="http://hl7.org/fhir/StructureDefinition/shareablevalueset" />
	</meta>
	<url value="https://standards.digital.health.nz/vs/nhi-address-type" />
	<version value="1.0" />
	<name value="Nhi_address_type" />
	<title value="Address Type for Patient" />
	<status value="active" />
	<experimental value="false" />
	<date value="2020-02-24T00:00:00+13:00" />
	<publisher value="New Zealand Ministry of Health" />
	<description value="Patient address type" />
	<purpose value="A coded value for the type of a patient address." />
	<compose>
		<include>
			<system value="https://standards.digital.health.nz/cs/nhi-address-type" />
			<version value="1.0" />
		</include>
	</compose>
</ValueSet>