<?xml version="1.0" encoding="UTF-8"?>
<ValueSet xmlns="http://hl7.org/fhir">
	<meta>
		<profile
			value="http://hl7.org/fhir/StructureDefinition/shareablevalueset" />
	</meta>
	<url value="https://standards.digital.health.nz/fhir/ValueSet/hpi-registration-type" />
	<version value="1.0" />
	<name value="Hpi_registration_type_legacy" />
	<title value="HPI Registration Type" />
	<status value="retired" />
	<experimental value="false" />
	<date value="2020-02-24T00:00:00+13:00" />
	<publisher value="New Zealand Ministry of Health" />
	<description value="A coded type for professional registrations." />
	<purpose value="A coded type for professional registrations." />
	<compose>
		<inactive value="true" />
		<include>
			<system value="https://standards.digital.health.nz/ns/hpi-registration-type" />
			<version value="1.0" />
		</include>
	</compose>
</ValueSet>