<?xml version="1.0" encoding="UTF-8"?>
<ValueSet xmlns="http://hl7.org/fhir">
	<meta>
		<profile
			value="http://hl7.org/fhir/StructureDefinition/shareablevalueset" />
	</meta>
	<url value="https://standards.digital.health.nz/vs/nhi-citizenship-status" />
	<version value="1.0" />
	<name value="Nhi_citizenship_status" />
	<title value="Citizenship or Residency Status" />
	<status value="draft" />
	<experimental value="false" />
	<date value="2020-04-20T00:00:00+13:00" />
	<publisher value="New Zealand Ministry of Health" />
	<description value="A coded type for the status of citizenship/residency." />
	<purpose value="A coded type for the status of citizenship/residency." />
	<compose>
		<include>
			<system value="https://standards.digital.health.nz/cs/nhi-citizenship-status" />
		</include>
	</compose>
</ValueSet>