<?xml version="1.0" encoding="UTF-8"?>
<ValueSet xmlns="http://hl7.org/fhir">
	<meta>
		<profile
			value="http://hl7.org/fhir/StructureDefinition/shareablevalueset" />
	</meta>
	<url value="https://standards.digital.health.nz/fhir/ValueSet/practitioner-registration-status-code" />
	<version value="2.0" />
	<name value="Hpi_registration_status" />
	<title value="HPI Registration Status" />
	<status value="active" />
	<experimental value="false" />
	<date value="2020-10-16T00:00:00+12:00" />
	<publisher value="New Zealand Ministry of Health" />
	<description value="A coded type for professional registration status." />
	<purpose value="A coded type for professional registration status." />
	<compose>
		<include>
			<system value="https://standards.digital.health.nz/ns/practitioner-registration-status-code" />
			<version value="2.0" />
		</include>
	</compose>
</ValueSet>