<?xml version="1.0" encoding="UTF-8"?>
<ValueSet xmlns="http://hl7.org/fhir">
	<meta>
		<profile
			value="http://hl7.org/fhir/StructureDefinition/shareablevalueset" />
	</meta>
	<url value="https://standards.digital.health.nz/fhir/ValueSet/hpi-legal-entity-type" />
	<version value="2.0" />
	<name value="Hpi_legal_entity_type" />
	<title value="Legal Entity Type" />
	<status value="active" />
	<experimental value="false" />
	<date value="2020-02-24T00:00:00+13:00" />
	<publisher value="New Zealand Ministry of Health" />
	<description value="Legal entity type" />
	<purpose value="A coded value for organisation legal entity type." />
	<compose>
		<inactive value="true" />
		<include>
			<system value="https://standards.digital.health.nz/ns/hpi-legal-entity-type" />
			<version value="2.0" />
		</include>
	</compose>
</ValueSet>
