<?xml version="1.0" encoding="UTF-8"?>
<ValueSet xmlns="http://hl7.org/fhir">
	<meta>
		<profile
			value="http://hl7.org/fhir/StructureDefinition/shareablevalueset" />
	</meta>
	<url value="https://standards.digital.health.nz/fhir/ValueSet/country-code" />
	<version value="2013" />
	<name value="Hpi_country_code_iso_3166_1" />
	<title value="ISO 3166-1:2013 (2-alpha country code)" />
	<status value="active" />
	<experimental value="false" />
	<date value="2020-02-24T00:00:00+13:00" />
	<publisher value="New Zealand Ministry of Health" />
	<description value="2-alpha country codes" />
	<purpose value="A coded value for country." />
	<compose>
		<inactive value="true" />
		<include>
			<system value="urn:iso:std:iso:3166" />
			<version value="2013" />
			<filter>
				<property value="code" />
				<op value="regex" />
				<value value="[A-Z]{2}" />
			</filter>
		</include>
		 <!-- 
		<include>
			<valueSet value="http://hl7.org/fhir/ValueSet/iso3166-1-2" />
		</include>
		 -->
		<include>
			<system value="https://standards.digital.health.nz/ns/country-code" />
			<version value="1.0" />
			<concept>
				<code value="XK" />
			</concept>
		</include>
	</compose>
</ValueSet>