<?xml version="1.0" encoding="UTF-8"?>
<ValueSet xmlns="http://hl7.org/fhir">
	<meta>
		<profile
			value="http://hl7.org/fhir/StructureDefinition/shareablevalueset" />
	</meta>
	<url value="https://standards.digital.health.nz/fhir/ValueSet/hpi-organisation-address-type" />
	<version value="1.0" />
	<name value="Hpi_organisation_address_type" />
	<title value="Address Type for Organisation" />
	<status value="retired" />
	<experimental value="false" />
	<date value="2020-02-24T00:00:00+13:00" />
	<publisher value="New Zealand Ministry of Health" />
	<description value="Organisation address type" />
	<purpose value="A coded value for the type of an organisation address." />
	<compose>
		<inactive value="true" />
		<include>
			<system value="https://standards.digital.health.nz/ns/hpi-address-type" />
			<version value="2.0" />
			<filter>
				<property value="code" />
				<op value="in" />
				<value value="M,B,P" />
			</filter>
		</include>
	</compose>
</ValueSet>