<?xml version="1.0" encoding="UTF-8"?>
<ValueSet xmlns="http://hl7.org/fhir">
	<meta>
		<profile
			value="http://hl7.org/fhir/StructureDefinition/shareablevalueset" />
	</meta>
	<url value="https://standards.digital.health.nz/fhir/ValueSet/location-type-code" />
	<version value="1.0" />
	<name value="Hpi_location_type" />
	<title value="HPI Location Type" />
	<status value="active" />
	<experimental value="false" />
	<date value="2020-02-24T00:00:00+13:00" />
	<publisher value="New Zealand Ministry of Health" />
	<description value="A coded type for types of facilities." />
	<purpose value="Indicates the type of function performed at the location. HPI description - A code to allow the classification of facility entities." />
	<compose>
		<include>
			<system value="https://standards.digital.health.nz/ns/location-type-code" />
			<version value="1.0" />
		</include>
	</compose>
</ValueSet>