<?xml version="1.0" encoding="UTF-8"?>
<ValueSet xmlns="http://hl7.org/fhir">
	<meta>
		<profile
			value="http://hl7.org/fhir/StructureDefinition/shareablevalueset" />
	</meta>
	<url value="https://standards.digital.health.nz/fhir/ValueSet/hpi-organisation-name-qualifier" />
	<version value="1.0" />
	<name value="Hpi_organisation_name_qualifier" />
	<title value="Name qualifier for Organisation" />
	<status value="retired" />
	<experimental value="false" />
	<date value="2020-02-24T00:00:00+13:00" />
	<publisher value="New Zealand Ministry of Health" />
	<description value="Organisation name qualifier" />
	<purpose value="A coded value for the qualifier of an organisation name." />
	<compose>
		<include>
			<system value="https://standards.digital.health.nz/ns/hpi-name-qualifier" />
			<version value="2.0" />
			<filter>
				<property value="code" />
				<op value="in" />
				<value value="AKA,FORMER,MAORI,LEGAL,SHORT,TRADE-AS" />
			</filter>
		</include>
	</compose>
</ValueSet>