<?xml version="1.0" encoding="UTF-8"?>
<CodeSystem xmlns="http://hl7.org/fhir">
	<meta>
		<profile
			value="http://hl7.org/fhir/StructureDefinition/shareablecodesystem" />
	</meta>
	<url value="https://standards.digital.health.nz/ns/country-code" />
	<version value="1.0" />
	<name value="Hpi_country_code" />
	<title value="HPI Country Code" />
	<status value="draft" />
	<experimental value="false" />
	<date value="2020-02-24T00:00:00+13:00" />
	<publisher value="New Zealand Ministry of Health" />
	<description value="Supplementary country codes to extend ISO3166-1." />
	<purpose value="To cover countries not included in ISO3166-1." />
	<caseSensitive value="false" />
	<versionNeeded value="false" />
	<content value="complete" />
	<count value="4" />
	<concept>
		<code value="XK" />
		<display value="Kosovo" />
	</concept>
	<concept>
		<code value="ANHH" />
		<display value="Netherlands Antilles" />
	</concept>
	<concept>
		<code value="CSHH" />
		<display value="Czechoslavakia" />
	</concept>
	<concept>
		<code value="ZRHH" />
		<display value="Zaire" />
	</concept>
</CodeSystem>