<?xml version="1.0" encoding="UTF-8"?>
<CodeSystem xmlns="http://hl7.org/fhir">
	<meta>
		<profile
			value="http://hl7.org/fhir/StructureDefinition/shareablecodesystem" />
	</meta>
	<url
		value="https://standards.digital.health.nz/ns/organisation-type-code" />
	<version value="1.1" />
	<name value="Hpi_organisation_type" />
	<title value="Organisation Type" />
	<status value="active" />
	<experimental value="false" />
	<date value="2020-04-20T00:00:00+13:00" />
	<publisher value="New Zealand Ministry of Health" />
	<description value="A coded value for organisation type." />
	<purpose value="A coded value for organisation type." />
	<caseSensitive value="false" />
	<versionNeeded value="true" />
	<content value="complete" />
	<count value="8" />
	<concept>
		<code value="001" />
		<display value="District Health Board (DHB)" />
		<definition
			value="DHBs provide (or fund the provision of) health and disability services to 20 districts throughout New Zealand." />
	</concept>
	<concept>
		<code value="003" />
		<display value="Government Organisations" />
		<definition
			value="This includes both national and local government bodies but excludes DHBs." />
	</concept>
	<concept>
		<code value="006" />
		<display value="Responsible Authority" />
		<definition
			value="Responsible Authorities are Listed in the Health Practitioners Competency Assurance Act 2003." />
	</concept>
	<concept>
		<code value="007" />
		<display value="Research Institutions" />
		<definition
			value="Research institutions not involved in education." />
	</concept>
	<concept>
		<code value="008" />
		<display value="Education Institutions" />
		<definition
			value="Education institutions - these may include those involved in research, e.g. universities." />
	</concept>
	<concept>
		<code value="009" />
		<display value="Primary Health Organisation (PHO)" />
		<definition
			value="PHOs are the local provider organisations through which DHBs implement the Primary Health Care Strategy." />
	</concept>
	<concept>
		<code value="027" />
		<display value="Māori Health Providers" />
		<definition value="Provider organisations that are owned and governed by Māori and provide services primarily, but not exclusively, to Māori." />
	</concept>
	<concept>
		<code value="999" />
		<display value="Other" />
	</concept>
</CodeSystem>