<?xml version="1.0" encoding="UTF-8"?>
<CodeSystem xmlns="http://hl7.org/fhir">
	<meta>
		<profile
			value="http://hl7.org/fhir/StructureDefinition/shareablecodesystem" />
	</meta>
	<url value="https://standards.digital.health.nz/ns/hpi-practitioner-role-status-reason-code" />
	<version value="1.0" />
	<name value="Hpi_practitioner_role_status_reason" />
	<title value="HPI PractitionerRole status reason" />
	<status value="draft" />
	<experimental value="false" />
	<date value="2020-11-01T00:00:00+13:00" />
	<publisher value="New Zealand Ministry of Health" />
	<description value="The reason for the current status of PractitionerRole." />
	<purpose
		value="The reason for the current status of PractitionerRole." />
	<caseSensitive value="false" />
	<valueSet value="https://standards.digital.health.nz/fhir/ValueSet/hpi-practitioner-role-status-reason-code" />
	<versionNeeded value="false" />
	<content value="complete" />
	<count value="4" />
	<concept>
		<code value="enteredInError" />
		<display value="Entered in error" />
	</concept>
	<concept>
		<code value="duplicate" />
		<display value="Duplicate" />
	</concept>
	<concept>
		<code value="died" />
		<display value="Died" />
	</concept>
	<concept>
		<code value="other" />
		<display value="Other" />
	</concept>
</CodeSystem>